{"type":"FeatureCollection","features":[{"type":"Feature","properties":{"name":"นอกเขตประเทศไทย"},"geometry":{"type":"Polygon","coordinates":[[[-180,-85],[180,-85],[180,85],[-180,85],[-180,-85]],[[98.466343,19.692398],[98.466728,19.692641],[98.467053,19.693016],[98.467458,19.694588],[98.467661,19.694868],[98.468512,19.694925],[98.468958,19.695093],[98.469242,19.695018],[98.469688,19.694606],[98.470053,19.694513],[98.470438,19.694588],[98.470681,19.694868],[98.471087,19.69485],[98.471391,19.694606],[98.471736,19.694475],[98.472242,19.694438],[98.472851,19.694625],[98.473763,19.69513],[98.474594,19.696141],[98.475425,19.696983],[98.475466,19.697807],[98.475567,19.698256],[98.475915,19.698635],[98.47727,19.69893],[98.478445,19.699791],[98.479682,19.700858],[98.481527,19.701943],[98.48175,19.70228],[98.482662,19.703029],[98.483757,19.703721],[98.484973,19.704189],[98.485561,19.704601],[98.487021,19.704863],[98.487811,19.704844],[98.48923,19.704507],[98.490082,19.705069],[98.490751,19.705293],[98.491359,19.705331],[98.492595,19.705705],[98.494704,19.705481],[98.496934,19.705705],[98.497603,19.706042],[98.499063,19.707446],[98.499853,19.707521],[98.500289,19.707763],[98.501043,19.708692],[98.501588,19.709098],[98.50251,19.709253],[98.503159,19.709562],[98.505087,19.709659],[98.506197,19.710065],[98.507433,19.711129],[98.507727,19.712328],[98.507936,19.712754],[98.508208,19.713799],[98.507894,19.715307],[98.507538,19.715675],[98.507119,19.716352],[98.507287,19.716661],[98.508146,19.717396],[98.508376,19.717512],[98.5089,19.717667],[98.509696,19.717648],[98.512419,19.716913],[98.514347,19.7161],[98.515688,19.715888],[98.517531,19.71583],[98.518495,19.715501],[98.519186,19.714882],[98.519354,19.714514],[98.51948,19.713721],[98.519459,19.713218],[98.519333,19.712851],[98.519375,19.712561],[98.519668,19.712232],[98.522203,19.711245],[98.522622,19.710936],[98.523963,19.709427],[98.524717,19.708286],[98.524969,19.707763],[98.525849,19.706661],[98.526351,19.706177],[98.527064,19.705674],[98.527462,19.70552],[98.528467,19.705868],[98.528845,19.705694],[98.529117,19.705249],[98.529724,19.703392],[98.530269,19.702347],[98.532343,19.69993],[98.532511,19.699465],[98.532783,19.699078],[98.532909,19.698711],[98.532846,19.69637],[98.533244,19.696138],[98.534794,19.695926],[98.536052,19.695365],[98.537099,19.694765],[98.537832,19.694243],[98.538168,19.69372],[98.538356,19.692541],[98.538314,19.692076],[98.537958,19.690568],[98.537937,19.689716],[98.538084,19.68933],[98.539026,19.688807],[98.539613,19.688266],[98.541205,19.688246],[98.542232,19.688362],[98.543028,19.688362],[98.544285,19.687569],[98.546045,19.686931],[98.547281,19.686912],[98.548685,19.686757],[98.550046,19.685248],[98.551408,19.683991],[98.55189,19.68372],[98.553273,19.683256],[98.553922,19.682579],[98.554949,19.682095],[98.555473,19.681747],[98.55652,19.68136],[98.556751,19.681186],[98.557002,19.680857],[98.557149,19.680374],[98.557274,19.679581],[98.557211,19.679232],[98.557253,19.678362],[98.55763,19.677259],[98.557819,19.676853],[98.559097,19.675461],[98.559642,19.675151],[98.561276,19.675325],[98.561674,19.675248],[98.562533,19.674745],[98.563497,19.673991],[98.564691,19.673236],[98.566032,19.672076],[98.566744,19.672598],[98.567037,19.672907],[98.567205,19.673197],[98.56731,19.673642],[98.567016,19.674242],[98.566807,19.674938],[98.566828,19.675287],[98.567268,19.676699],[98.567372,19.677762],[98.567666,19.678749],[98.567666,19.679039],[98.567582,19.679387],[98.566953,19.680316],[98.566828,19.681186],[98.566953,19.681534],[98.567896,19.682656],[98.568378,19.683604],[98.568734,19.685306],[98.568986,19.685945],[98.569111,19.688014],[98.569991,19.688478],[98.570368,19.688846],[98.570578,19.689214],[98.570641,19.690045],[98.570054,19.690645],[98.569824,19.691032],[98.569572,19.692347],[98.569782,19.692947],[98.570138,19.694572],[98.570117,19.696293],[98.570201,19.696699],[98.570997,19.697009],[98.571521,19.69755],[98.571667,19.697879],[98.572652,19.698576],[98.572736,19.698808],[98.572736,19.699427],[98.57261,19.699813],[98.572191,19.700529],[98.572149,19.701883],[98.571625,19.703914],[98.57173,19.704146],[98.572065,19.704456],[98.572568,19.70432],[98.574328,19.704378],[98.57525,19.704707],[98.576674,19.705462],[98.578434,19.706854],[98.579,19.707106],[98.580068,19.707396],[98.580718,19.707918],[98.580969,19.708499],[98.581304,19.709021],[98.582834,19.709543],[98.583337,19.709833],[98.584636,19.710897],[98.586961,19.712251],[98.588009,19.71318],[98.588888,19.714185],[98.589119,19.714688],[98.589957,19.71583],[98.590921,19.715443],[98.592513,19.71523],[98.59333,19.714882],[98.59421,19.714069],[98.594943,19.713876],[98.595886,19.71347],[98.596871,19.713431],[98.598086,19.713624],[98.599762,19.713218],[98.600285,19.712947],[98.601375,19.712174],[98.602653,19.710878],[98.603051,19.710646],[98.604015,19.710297],[98.604957,19.710162],[98.606068,19.709891],[98.606445,19.709717],[98.606675,19.709446],[98.607011,19.709292],[98.6081,19.709137],[98.608854,19.709214],[98.609462,19.709427],[98.61009,19.709911],[98.610405,19.710046],[98.612646,19.710336],[98.614469,19.712212],[98.614637,19.712696],[98.614993,19.714572],[98.615056,19.715617],[98.615391,19.716487],[98.615768,19.71699],[98.616145,19.717261],[98.616564,19.717319],[98.617004,19.717184],[98.618219,19.716584],[98.619204,19.715617],[98.619958,19.71463],[98.620838,19.713992],[98.622681,19.713702],[98.623373,19.713915],[98.624756,19.714862],[98.626229,19.715039],[98.626872,19.715636],[98.627102,19.716023],[98.627793,19.719195],[98.627898,19.720685],[98.6275,19.721555],[98.626641,19.72229],[98.626327,19.722754],[98.62595,19.723663],[98.625237,19.726662],[98.625279,19.728035],[98.625405,19.728383],[98.625992,19.728499],[98.626515,19.728461],[98.627731,19.728267],[98.628254,19.728074],[98.629888,19.728151],[98.630643,19.728248],[98.632654,19.728828],[98.633639,19.729331],[98.634435,19.729041],[98.634812,19.729138],[98.635042,19.729428],[98.635377,19.730105],[98.635713,19.730511],[98.635964,19.731111],[98.636006,19.731575],[98.636194,19.732039],[98.637368,19.732581],[98.637871,19.732677],[98.638729,19.732658],[98.640406,19.733354],[98.641139,19.73349],[98.641935,19.73347],[98.642689,19.733296],[98.643213,19.733316],[98.64359,19.733432],[98.643967,19.733799],[98.645329,19.735792],[98.645832,19.736275],[98.648409,19.737629],[98.650629,19.738519],[98.653458,19.740008],[98.653919,19.740066],[98.655406,19.739312],[98.655888,19.738964],[98.657103,19.737184],[98.659228,19.73552],[98.660204,19.736836],[98.660832,19.737088],[98.661586,19.737552],[98.662655,19.738616],[98.663472,19.739583],[98.664163,19.740608],[98.665274,19.741575],[98.665441,19.74202],[98.665441,19.742504],[98.665232,19.743045],[98.664038,19.745482],[98.663283,19.746585],[98.663472,19.747107],[98.665022,19.748326],[98.665211,19.748906],[98.665797,19.749293],[98.666216,19.74968],[98.66718,19.749893],[98.669024,19.75086],[98.669883,19.75086],[98.672355,19.751885],[98.673088,19.751846],[98.673696,19.751711],[98.674261,19.75115],[98.674701,19.750879],[98.675309,19.750744],[98.676503,19.750705],[98.67709,19.75055],[98.677718,19.749931],[98.678661,19.749293],[98.679604,19.749409],[98.68019,19.749931],[98.680442,19.750473],[98.682223,19.751982],[98.682285,19.752388],[98.682579,19.753046],[98.683186,19.753742],[98.68392,19.754322],[98.684925,19.754438],[98.68723,19.754264],[98.688424,19.754554],[98.689702,19.754632],[98.691231,19.755193],[98.691692,19.755251],[98.692383,19.755193],[98.693641,19.754477],[98.694479,19.754245],[98.694646,19.754342],[98.695023,19.754825],[98.695338,19.755386],[98.695945,19.755831],[98.696804,19.756257],[98.697852,19.756527],[98.699088,19.757282],[98.699611,19.757417],[98.700261,19.757727],[98.702859,19.757804],[98.703676,19.757939],[98.704053,19.758288],[98.704765,19.759255],[98.705247,19.760473],[98.705457,19.761344],[98.70663,19.762156],[98.707635,19.763046],[98.707971,19.763452],[98.708243,19.763897],[98.708997,19.765696],[98.709311,19.766063],[98.710527,19.767011],[98.710757,19.767398],[98.711092,19.768501],[98.711406,19.76881],[98.711574,19.768829],[98.711951,19.768269],[98.712224,19.767534],[98.71281,19.766663],[98.713418,19.765502],[98.714256,19.764574],[98.716435,19.763162],[98.717063,19.762659],[98.717796,19.762272],[98.719577,19.761692],[98.720834,19.76115],[98.722028,19.76086],[98.723977,19.761305],[98.725799,19.761576],[98.727517,19.761537],[98.728691,19.761189],[98.729277,19.760938],[98.729948,19.759525],[98.730408,19.758926],[98.731309,19.757959],[98.73265,19.756895],[98.733237,19.756469],[98.737678,19.7544],[98.738621,19.754225],[98.739229,19.754284],[98.740423,19.754728],[98.740884,19.755019],[98.74124,19.755386],[98.741428,19.755734],[98.74212,19.756257],[98.742874,19.756237],[98.744047,19.755734],[98.744424,19.755676],[98.744822,19.755734],[98.746058,19.756469],[98.747902,19.757204],[98.748384,19.757591],[98.749201,19.759119],[98.749767,19.75997],[98.750033,19.760176],[98.750397,19.760316],[98.751185,19.7604],[98.752306,19.760316],[98.752897,19.76019],[98.753034,19.76012],[98.75364,19.759309],[98.754185,19.7584],[98.757322,19.757308],[98.759882,19.756679],[98.761989,19.756553],[98.763065,19.756329],[98.763762,19.756273],[98.766717,19.755434],[98.767944,19.755295],[98.76952,19.755295],[98.770005,19.755099],[98.771248,19.754385],[98.772111,19.7537],[98.773399,19.752874],[98.774596,19.752385],[98.775339,19.752189],[98.776794,19.752189],[98.777369,19.752245],[98.778854,19.75279],[98.780036,19.753476],[98.781021,19.754581],[98.781582,19.757616],[98.781748,19.757911],[98.785037,19.759869],[98.78631,19.760862],[98.786719,19.761268],[98.787219,19.762023],[98.787431,19.762639],[98.787537,19.763296],[98.787401,19.764527],[98.789598,19.766038],[98.791598,19.767619],[98.79278,19.769032],[98.793007,19.769507],[98.79428,19.771354],[98.795916,19.773103],[98.796159,19.77369],[98.796204,19.77446],[98.796144,19.775033],[98.795841,19.775705],[98.795947,19.775957],[98.79622,19.776139],[98.796886,19.776111],[98.798977,19.775761],[98.801083,19.775789],[98.802584,19.776083],[98.805326,19.776936],[98.805872,19.777258],[98.806478,19.778055],[98.807069,19.779076],[98.80716,19.779412],[98.807887,19.780126],[98.808493,19.780266],[98.810978,19.780364],[98.811448,19.780462],[98.812797,19.780993],[98.816025,19.783399],[98.817601,19.784714],[98.817995,19.785147],[98.818949,19.786588],[98.819586,19.787274],[98.82001,19.787512],[98.820601,19.787596],[98.821389,19.787834],[98.822162,19.787932],[98.822662,19.78817],[98.822828,19.788366],[98.823282,19.789974],[98.823585,19.790464],[98.824025,19.790478],[98.824313,19.790618],[98.825389,19.791471],[98.82654,19.79224],[98.828041,19.793821],[98.829768,19.795836],[98.829571,19.797347],[98.82948,19.799277],[98.829329,19.79978],[98.828071,19.802131],[98.828071,19.802704],[98.828299,19.803026],[98.828647,19.80332],[98.829632,19.803851],[98.830344,19.806174],[98.830784,19.807335],[98.831193,19.809042],[98.831935,19.810049],[98.832541,19.811224],[98.832981,19.811615],[98.834163,19.812176],[98.835329,19.812441],[98.837057,19.812651],[98.838011,19.812903],[98.838769,19.813407],[98.839148,19.813561],[98.840026,19.813616],[98.840784,19.813281],[98.841345,19.812861],[98.841754,19.812413],[98.842936,19.811406],[98.843875,19.810763],[98.844678,19.810035],[98.845133,19.809811],[98.845315,19.809615],[98.846103,19.809252],[98.84824,19.80858],[98.849694,19.807979],[98.850013,19.807601],[98.850104,19.807209],[98.850164,19.805671],[98.850013,19.802523],[98.850134,19.802257],[98.850195,19.801684],[98.850422,19.801292],[98.851376,19.800285],[98.85474,19.79778],[98.855452,19.797375],[98.856059,19.796843],[98.857998,19.795752],[98.85915,19.794968],[98.860741,19.794395],[98.862044,19.794241],[98.86412,19.794255],[98.864862,19.794157],[98.865908,19.793849],[98.867802,19.793135],[98.868454,19.7928],[98.870575,19.792128],[98.871227,19.79182],[98.871803,19.791247],[98.871969,19.790772],[98.871939,19.789303],[98.871515,19.786742],[98.87159,19.786029],[98.874576,19.783217],[98.874848,19.78284],[98.875439,19.782476],[98.876212,19.782168],[98.878061,19.781861],[98.879985,19.781805],[98.880576,19.781889],[98.881818,19.781889],[98.882819,19.781805],[98.883682,19.781623],[98.884243,19.781272],[98.885516,19.780209],[98.886789,19.779482],[98.887364,19.778908],[98.888183,19.777663],[98.888849,19.776096],[98.889062,19.775761],[98.889456,19.775397],[98.889895,19.775243],[98.890956,19.775159],[98.891334,19.775005],[98.892092,19.774613],[98.892592,19.77425],[98.89491,19.773173],[98.895456,19.772403],[98.89641,19.771553],[98.896706,19.771431],[98.896428,19.77032],[98.895919,19.769025],[98.89777,19.766896],[98.898418,19.765832],[98.898834,19.765832],[98.901796,19.766572],[98.903601,19.765369],[98.905729,19.763333],[98.906192,19.76324],[98.906886,19.763333],[98.907303,19.763518],[98.907765,19.763888],[98.908413,19.764073],[98.908691,19.764027],[98.909339,19.763842],[98.909894,19.763472],[98.910773,19.76213],[98.911421,19.761713],[98.913041,19.761898],[98.915123,19.762731],[98.915864,19.762222],[98.91628,19.762083],[98.91665,19.762083],[98.917715,19.762731],[98.918455,19.762824],[98.919334,19.762777],[98.919056,19.764305],[98.918733,19.765138],[98.922897,19.765508],[98.923684,19.765276],[98.923962,19.766063],[98.924378,19.766711],[98.925026,19.767359],[98.925905,19.76796],[98.926784,19.768377],[98.927201,19.768793],[98.927432,19.770089],[98.92808,19.772033],[98.929098,19.773513],[98.930255,19.773837],[98.931551,19.773791],[98.933494,19.773143],[98.935253,19.771755],[98.935854,19.771477],[98.93715,19.771246],[98.937937,19.770829],[98.939834,19.768793],[98.940204,19.768655],[98.941269,19.768562],[98.941731,19.768608],[98.94585,19.769672],[98.949881,19.768861],[98.951588,19.76884],[98.952818,19.769019],[98.954388,19.769365],[98.957039,19.770236],[98.958461,19.771338],[98.960291,19.773572],[98.962159,19.773916],[98.964394,19.774033],[98.967888,19.777351],[98.970856,19.778287],[98.972932,19.779446],[98.976321,19.780933],[98.978175,19.781181],[98.981889,19.784057],[98.984443,19.783634],[98.986157,19.783808],[98.987492,19.78437],[98.988503,19.786126],[98.990123,19.787725],[98.991389,19.78827],[98.992947,19.788569],[98.99469,19.789166],[98.996365,19.791106],[98.997317,19.791291],[99.001386,19.78985],[99.005786,19.787999],[99.006377,19.788923],[99.00684,19.790034],[99.007278,19.792039],[99.007719,19.791885],[99.008645,19.791792],[99.009478,19.791607],[99.010265,19.791885],[99.011005,19.792347],[99.012208,19.792949],[99.013041,19.793273],[99.014707,19.793736],[99.015124,19.794152],[99.015447,19.794661],[99.01554,19.795216],[99.01554,19.796281],[99.015679,19.797252],[99.016743,19.79753],[99.017067,19.798085],[99.017067,19.798687],[99.016095,19.801093],[99.015956,19.803546],[99.01628,19.806045],[99.017252,19.8066],[99.017807,19.807757],[99.0179,19.80896],[99.018224,19.809793],[99.018779,19.810395],[99.019196,19.811181],[99.019612,19.812338],[99.020029,19.812708],[99.021186,19.81331],[99.02262,19.814189],[99.022666,19.815485],[99.022805,19.816225],[99.023545,19.81766],[99.023499,19.818261],[99.022527,19.818817],[99.022065,19.819233],[99.021972,19.819696],[99.022204,19.820205],[99.023175,19.821408],[99.023314,19.82238],[99.023731,19.82349],[99.023916,19.824277],[99.024471,19.825249],[99.024776,19.827385],[99.025855,19.827271],[99.026811,19.826887],[99.027277,19.827249],[99.027375,19.829377],[99.02767,19.830056],[99.028994,19.832501],[99.03071,19.834402],[99.03071,19.834787],[99.030588,19.835285],[99.030024,19.83653],[99.029754,19.838273],[99.02968,19.839201],[99.029509,19.840061],[99.029484,19.84099],[99.029607,19.841782],[99.031078,19.846128],[99.032819,19.848437],[99.033236,19.849116],[99.033456,19.849909],[99.033775,19.852127],[99.033849,19.854142],[99.033996,19.855545],[99.033898,19.855998],[99.033628,19.85636],[99.033015,19.856835],[99.031372,19.857582],[99.029975,19.857922],[99.029313,19.858442],[99.027988,19.860457],[99.027106,19.861589],[99.023894,19.865234],[99.022888,19.866615],[99.022962,19.866864],[99.023256,19.867271],[99.024212,19.867407],[99.024703,19.867566],[99.025021,19.868064],[99.025144,19.868856],[99.024923,19.87164],[99.025438,19.872591],[99.025536,19.872953],[99.025585,19.875805],[99.025487,19.876666],[99.025561,19.877367],[99.026542,19.878952],[99.027547,19.880333],[99.02767,19.880604],[99.02767,19.880944],[99.027449,19.881442],[99.026983,19.881895],[99.026346,19.882755],[99.02588,19.884226],[99.025831,19.884792],[99.025365,19.886717],[99.025267,19.887486],[99.02534,19.887962],[99.025267,19.888619],[99.025634,19.890656],[99.026419,19.892489],[99.026566,19.893237],[99.026664,19.894051],[99.026444,19.895523],[99.025929,19.896768],[99.025316,19.897515],[99.024507,19.897923],[99.022569,19.898534],[99.022251,19.89876],[99.022251,19.899168],[99.022545,19.900073],[99.022619,19.901341],[99.022373,19.90451],[99.022251,19.905348],[99.022055,19.906027],[99.021981,19.907385],[99.022324,19.908132],[99.023158,19.908811],[99.023673,19.909128],[99.024948,19.909219],[99.025978,19.909015],[99.027621,19.90897],[99.027253,19.910939],[99.026959,19.911709],[99.026885,19.912297],[99.026885,19.912772],[99.027106,19.913474],[99.027277,19.914696],[99.027204,19.915647],[99.026787,19.916417],[99.026272,19.917028],[99.024212,19.918205],[99.023396,19.919358],[99.022822,19.922762],[99.022318,19.925097],[99.022163,19.926065],[99.022202,19.92674],[99.021907,19.926943],[99.021834,19.92717],[99.021953,19.927432],[99.023624,19.928845],[99.024359,19.929275],[99.025043,19.929792],[99.025268,19.929832],[99.025655,19.929732],[99.026132,19.929459],[99.026728,19.928819],[99.026985,19.928395],[99.027066,19.928012],[99.02705,19.927452],[99.026921,19.926973],[99.026444,19.9264],[99.026647,19.925657],[99.027232,19.925233],[99.027983,19.925021],[99.029415,19.924855],[99.030338,19.92485],[99.03103,19.925087],[99.03154,19.925435],[99.032291,19.926166],[99.03394,19.929273],[99.034857,19.929994],[99.035563,19.930387],[99.03574,19.9306],[99.036107,19.930808],[99.036416,19.930783],[99.037703,19.93037],[99.040455,19.929878],[99.041525,19.930564],[99.042437,19.93097],[99.042627,19.931267],[99.042651,19.93215],[99.042475,19.934241],[99.041936,19.935365],[99.041119,19.936642],[99.041065,19.936905],[99.041615,19.938682],[99.041475,19.939576],[99.041555,19.9407],[99.041445,19.941535],[99.041547,19.942415],[99.041823,19.943141],[99.041753,19.943685],[99.042247,19.944069],[99.043355,19.945289],[99.044015,19.946388],[99.045084,19.948567],[99.045284,19.949156],[99.044696,19.949912],[99.043944,19.950602],[99.043144,19.951496],[99.042014,19.952505],[99.041094,19.953768],[99.040345,19.95496],[99.039854,19.955964],[99.039613,19.95671],[99.039575,19.957166],[99.040112,19.961863],[99.039919,19.963386],[99.039586,19.964929],[99.039234,19.965613],[99.0376,19.96708],[99.036962,19.967329],[99.036227,19.967917],[99.034878,19.969841],[99.032034,19.973328],[99.031985,19.973848],[99.033138,19.97738],[99.034045,19.979372],[99.034364,19.979824],[99.034609,19.980028],[99.034854,19.980164],[99.035246,19.980209],[99.035957,19.980594],[99.036325,19.981115],[99.036423,19.981635],[99.036252,19.982269],[99.035737,19.983288],[99.035688,19.984216],[99.036619,19.989377],[99.037036,19.990215],[99.038508,19.992093],[99.041058,19.995082],[99.04221,19.995942],[99.043142,19.996349],[99.04373,19.996757],[99.04498,19.997368],[99.045765,19.997844],[99.047334,19.998138],[99.049688,19.998296],[99.050644,19.998455],[99.050914,19.998568],[99.051453,19.999066],[99.051674,19.999496],[99.052172,20.000004],[99.052339,20.000958],[99.052669,20.001611],[99.054238,20.003035],[99.054359,20.003358],[99.054378,20.004198],[99.054108,20.004685],[99.053661,20.004954],[99.051068,20.005128],[99.050246,20.005415],[99.049413,20.006156],[99.048852,20.007046],[99.048088,20.008001],[99.046283,20.009306],[99.046082,20.009746],[99.046196,20.010191],[99.046534,20.010851],[99.046618,20.01232],[99.046506,20.012681],[99.045362,20.014175],[99.044832,20.014742],[99.043604,20.016751],[99.043464,20.017138],[99.043409,20.017421],[99.043548,20.018813],[99.043353,20.020075],[99.043799,20.02059],[99.044999,20.022317],[99.045502,20.023682],[99.045558,20.024507],[99.045781,20.025718],[99.045697,20.027109],[99.045334,20.028346],[99.044748,20.029222],[99.044497,20.030433],[99.044497,20.031979],[99.044776,20.032391],[99.044888,20.032829],[99.045055,20.033112],[99.045055,20.033937],[99.044832,20.034709],[99.04433,20.035302],[99.044023,20.035508],[99.044023,20.035998],[99.044385,20.037492],[99.044441,20.038265],[99.04472,20.039193],[99.045251,20.040146],[99.045809,20.040867],[99.046116,20.041434],[99.046674,20.042001],[99.047009,20.042645],[99.047511,20.043779],[99.047846,20.04517],[99.04832,20.045995],[99.049465,20.046845],[99.051948,20.048958],[99.053902,20.050478],[99.054042,20.050812],[99.054153,20.051688],[99.054153,20.053672],[99.0546,20.055167],[99.055046,20.056223],[99.055102,20.056867],[99.055297,20.057614],[99.055493,20.058155],[99.055995,20.059109],[99.056107,20.060036],[99.056135,20.061428],[99.056218,20.061814],[99.056804,20.062922],[99.057725,20.064004],[99.059372,20.064803],[99.06074,20.065318],[99.062079,20.065524],[99.063084,20.06604],[99.063558,20.066658],[99.063977,20.066941],[99.064758,20.067251],[99.065651,20.067354],[99.066182,20.067534],[99.06674,20.068075],[99.066963,20.06841],[99.06727,20.069234],[99.068135,20.07078],[99.068358,20.07145],[99.068414,20.071836],[99.068191,20.07346],[99.068135,20.075315],[99.068331,20.075933],[99.068777,20.078355],[99.069196,20.079926],[99.069726,20.081498],[99.069782,20.082039],[99.069754,20.082941],[99.069,20.083997],[99.067884,20.085131],[99.067242,20.086161],[99.067158,20.086522],[99.067158,20.087115],[99.067298,20.087759],[99.068163,20.089691],[99.068833,20.091417],[99.069419,20.092577],[99.070842,20.094458],[99.07154,20.095076],[99.071903,20.095591],[99.072238,20.096545],[99.072684,20.097189],[99.073131,20.097601],[99.074307,20.099297],[99.074899,20.099927],[99.076503,20.101244],[99.077082,20.10166],[99.077759,20.101989],[99.078167,20.102061],[99.080705,20.102043],[99.082235,20.101701],[99.08286,20.101306],[99.08255,20.100649],[99.082624,20.100259],[99.083286,20.099209],[99.083687,20.097367],[99.083907,20.097205],[99.085527,20.09812],[99.085984,20.098207],[99.088679,20.09801],[99.089512,20.097552],[99.090268,20.09743],[99.090773,20.097479],[99.091533,20.098107],[99.091773,20.098425],[99.091869,20.098934],[99.091686,20.100913],[99.091165,20.102414],[99.091214,20.103487],[99.091511,20.104594],[99.091841,20.105596],[99.092369,20.106561],[99.092761,20.106979],[99.093153,20.10713],[99.093592,20.107173],[99.094126,20.107052],[99.096025,20.105415],[99.096766,20.105161],[99.097235,20.104647],[99.097458,20.103309],[99.097806,20.102259],[99.098152,20.101637],[99.098275,20.101002],[99.098555,20.100425],[99.099198,20.100017],[99.099241,20.099846],[99.099166,20.099277],[99.099802,20.097854],[99.100464,20.097675],[99.100899,20.097713],[99.102001,20.098337],[99.10305,20.098501],[99.10456,20.098929],[99.105789,20.09967],[99.106223,20.099808],[99.106979,20.099733],[99.108288,20.099103],[99.108857,20.098967],[99.109007,20.099078],[99.109718,20.100707],[99.111606,20.101592],[99.111952,20.101629],[99.11247,20.101506],[99.112735,20.101234],[99.113057,20.100463],[99.113148,20.10042],[99.113307,20.10043],[99.113779,20.100697],[99.114382,20.100675],[99.115372,20.100445],[99.115793,20.100445],[99.116772,20.101055],[99.117724,20.101121],[99.118569,20.10103],[99.119253,20.101063],[99.11957,20.101488],[99.11987,20.102226],[99.120747,20.102879],[99.121718,20.103466],[99.121941,20.103405],[99.122276,20.103037],[99.122555,20.10296],[99.123397,20.103617],[99.126596,20.105309],[99.127242,20.105799],[99.128639,20.107334],[99.128804,20.10785],[99.128783,20.10821],[99.128451,20.108421],[99.128086,20.108526],[99.127328,20.109034],[99.126909,20.11073],[99.126758,20.110986],[99.126692,20.111416],[99.126696,20.113038],[99.125664,20.115172],[99.125446,20.116895],[99.125559,20.118703],[99.125682,20.119011],[99.126096,20.119419],[99.129953,20.120603],[99.132782,20.120794],[99.134172,20.121026],[99.135703,20.121469],[99.137527,20.122121],[99.138225,20.122214],[99.139169,20.122188],[99.14169,20.123108],[99.143256,20.123902],[99.146413,20.125889],[99.147443,20.127362],[99.148495,20.12844],[99.151335,20.129525],[99.152314,20.130082],[99.15277,20.130475],[99.153803,20.13086],[99.154661,20.131067],[99.157105,20.132454],[99.157952,20.132792],[99.158899,20.133046],[99.159637,20.132782],[99.162458,20.131157],[99.163418,20.131117],[99.16742,20.132429],[99.167898,20.13293],[99.168284,20.133154],[99.168592,20.133207],[99.169268,20.133134],[99.169789,20.132887],[99.170752,20.132787],[99.171229,20.132593],[99.171537,20.132328],[99.172157,20.13054],[99.174437,20.13017],[99.175778,20.129309],[99.181931,20.128881],[99.182264,20.128981],[99.182897,20.129455],[99.183508,20.13011],[99.185246,20.129868],[99.185868,20.131338],[99.186705,20.131711],[99.187532,20.131882],[99.188132,20.131742],[99.19045,20.129394],[99.192016,20.128286],[99.195117,20.128719],[99.196222,20.129515],[99.197305,20.130462],[99.198142,20.130926],[99.198614,20.131026],[99.199258,20.130996],[99.199644,20.131077],[99.200752,20.130812],[99.203249,20.130654],[99.204746,20.130664],[99.206393,20.13082],[99.208493,20.131397],[99.2093,20.132164],[99.210534,20.132497],[99.211092,20.131983],[99.212862,20.131238],[99.214128,20.129752],[99.214579,20.128961],[99.214971,20.128513],[99.215287,20.128321],[99.216027,20.128261],[99.21849,20.128432],[99.219976,20.126634],[99.220201,20.126186],[99.220753,20.124146],[99.221228,20.122857],[99.222406,20.122033],[99.222741,20.121338],[99.223315,20.120837],[99.225493,20.119935],[99.225876,20.119965],[99.226177,20.120137],[99.22641,20.120406],[99.226501,20.120887],[99.226861,20.121484],[99.227158,20.121738],[99.22807,20.122184],[99.229377,20.122595],[99.229969,20.123506],[99.230152,20.124176],[99.230495,20.124627],[99.231061,20.125053],[99.231506,20.125133],[99.232112,20.124954],[99.233657,20.12406],[99.234495,20.123922],[99.235621,20.123098],[99.236195,20.12198],[99.237155,20.120872],[99.23807,20.119303],[99.239078,20.118031],[99.240307,20.117215],[99.241052,20.11585],[99.241516,20.115266],[99.242098,20.11477],[99.242538,20.114457],[99.244539,20.113923],[99.245188,20.113608],[99.246368,20.112845],[99.247227,20.112679],[99.250086,20.112853],[99.251478,20.113087],[99.25265,20.113805],[99.254031,20.114412],[99.255863,20.114268],[99.258984,20.114226],[99.259364,20.113684],[99.259774,20.113588],[99.260104,20.113613],[99.260545,20.114423],[99.260786,20.114461],[99.261556,20.113943],[99.262617,20.113687],[99.264154,20.113966],[99.264782,20.113848],[99.265426,20.113585],[99.267288,20.114043],[99.269312,20.114141],[99.269926,20.11424],[99.27046,20.114534],[99.271025,20.115156],[99.271578,20.115428],[99.27243,20.115535],[99.274949,20.115631],[99.275595,20.115751],[99.277693,20.116506],[99.278195,20.116568],[99.278681,20.116482],[99.279042,20.116268],[99.280473,20.114921],[99.281774,20.114101],[99.282467,20.113937],[99.285451,20.114047],[99.286293,20.114235],[99.287176,20.114286],[99.288176,20.114462],[99.289807,20.114135],[99.290434,20.113921],[99.293779,20.113868],[99.296156,20.114827],[99.297588,20.115246],[99.298425,20.115165],[99.299358,20.114636],[99.299879,20.114666],[99.300828,20.115311],[99.301284,20.115397],[99.303178,20.114278],[99.306428,20.114168],[99.306981,20.113765],[99.307914,20.113311],[99.308435,20.112626],[99.309084,20.112636],[99.311423,20.113805],[99.313086,20.114173],[99.313606,20.114062],[99.314759,20.113548],[99.315403,20.112697],[99.315634,20.111407],[99.315677,20.110647],[99.315832,20.110516],[99.318144,20.110561],[99.318772,20.11045],[99.318825,20.11032],[99.320405,20.10949],[99.321368,20.10977],[99.322135,20.109805],[99.323772,20.109689],[99.326121,20.10977],[99.327376,20.110123],[99.328755,20.111065],[99.329377,20.111321],[99.332156,20.111241],[99.335772,20.1098],[99.337317,20.107372],[99.33795,20.105831],[99.338266,20.103695],[99.339041,20.103826],[99.340471,20.105156],[99.340884,20.105423],[99.341694,20.10572],[99.342653,20.105834],[99.34329,20.105768],[99.34414,20.105442],[99.344564,20.105137],[99.345791,20.103743],[99.346688,20.102893],[99.347891,20.102218],[99.348292,20.101848],[99.3487,20.101277],[99.349177,20.100269],[99.349448,20.09943],[99.349998,20.098451],[99.350578,20.097186],[99.350835,20.096743],[99.351077,20.096496],[99.351382,20.096424],[99.352939,20.096751],[99.354048,20.097143],[99.35603,20.098145],[99.356643,20.098297],[99.357351,20.098384],[99.358766,20.09821],[99.360017,20.097774],[99.360347,20.097774],[99.362871,20.099059],[99.364452,20.099299],[99.365019,20.099255],[99.365538,20.099081],[99.366104,20.098754],[99.366929,20.098036],[99.367991,20.097448],[99.368864,20.097077],[99.370256,20.096293],[99.370775,20.096119],[99.373865,20.094398],[99.374337,20.093571],[99.375847,20.091698],[99.377334,20.090304],[99.377758,20.089716],[99.378112,20.089563],[99.378395,20.089302],[99.378796,20.089193],[99.379976,20.089128],[99.381816,20.088344],[99.382335,20.088235],[99.383019,20.087864],[99.384765,20.087581],[99.385685,20.087559],[99.386723,20.087603],[99.387832,20.087908],[99.388682,20.087995],[99.392598,20.087843],[99.393494,20.087908],[99.393942,20.088082],[99.394627,20.08867],[99.395405,20.089084],[99.396302,20.08928],[99.396679,20.089215],[99.397363,20.088801],[99.398566,20.087865],[99.399392,20.086993],[99.400053,20.086079],[99.400289,20.085991],[99.400595,20.086013],[99.400831,20.086187],[99.401303,20.086776],[99.401634,20.087015],[99.403025,20.087734],[99.403733,20.087973],[99.404488,20.088387],[99.405196,20.088605],[99.406706,20.088866],[99.40916,20.088888],[99.409891,20.088779],[99.411731,20.088322],[99.412533,20.088322],[99.414255,20.089803],[99.415081,20.090653],[99.415411,20.091437],[99.415482,20.091981],[99.416261,20.093375],[99.416497,20.093571],[99.417157,20.09368],[99.419776,20.093767],[99.422253,20.093615],[99.423716,20.093027],[99.426806,20.090958],[99.42867,20.090152],[99.429755,20.090065],[99.430982,20.090174],[99.43504,20.091263],[99.435582,20.091284],[99.437729,20.090609],[99.438201,20.090609],[99.438649,20.090762],[99.439664,20.09135],[99.44023,20.091742],[99.440608,20.092112],[99.441881,20.093723],[99.442353,20.094986],[99.442707,20.095509],[99.442943,20.096119],[99.444476,20.098297],[99.44483,20.098428],[99.446883,20.098406],[99.447543,20.098536],[99.448062,20.098754],[99.449171,20.098841],[99.452191,20.097752],[99.453323,20.097643],[99.453866,20.097665],[99.455187,20.097948],[99.456579,20.09882],[99.457405,20.099517],[99.457971,20.100192],[99.458136,20.100497],[99.458632,20.100954],[99.459717,20.102326],[99.46033,20.102827],[99.461109,20.103698],[99.462194,20.104526],[99.462383,20.104635],[99.464506,20.104679],[99.464954,20.104875],[99.465285,20.105071],[99.467384,20.106792],[99.469012,20.10775],[99.46972,20.108033],[99.471749,20.109079],[99.472905,20.109427],[99.4734,20.109449],[99.474155,20.10934],[99.475641,20.108665],[99.476207,20.10849],[99.47701,20.108578],[99.480053,20.109166],[99.483403,20.10958],[99.48489,20.110124],[99.487037,20.111322],[99.487933,20.111714],[99.489231,20.112563],[99.490151,20.113761],[99.490457,20.11485],[99.490811,20.115242],[99.491543,20.115591],[99.492298,20.115852],[99.494138,20.116027],[99.497275,20.115875],[99.498172,20.116223],[99.498596,20.116572],[99.498903,20.116985],[99.499092,20.117769],[99.498974,20.118597],[99.498691,20.119185],[99.498526,20.120013],[99.498549,20.120949],[99.498832,20.12206],[99.498738,20.122953],[99.497936,20.124891],[99.497016,20.128115],[99.496638,20.128703],[99.495506,20.129487],[99.49527,20.130053],[99.494657,20.132928],[99.494633,20.13332],[99.494775,20.133494],[99.496261,20.133778],[99.499257,20.134562],[99.499918,20.134801],[99.500415,20.13514],[99.500668,20.135457],[99.50163,20.137785],[99.501928,20.138335],[99.502455,20.138927],[99.504953,20.140599],[99.506374,20.141698],[99.507153,20.142481],[99.50846,20.144026],[99.509193,20.145634],[99.509537,20.146713],[99.509858,20.147073],[99.510224,20.14739],[99.510568,20.147538],[99.511118,20.14758],[99.512516,20.147242],[99.51286,20.147242],[99.513135,20.147348],[99.513272,20.147538],[99.513295,20.147792],[99.513066,20.148406],[99.511897,20.149908],[99.511301,20.151071],[99.511301,20.151473],[99.511393,20.151727],[99.511783,20.151939],[99.512493,20.152087],[99.513295,20.152129],[99.514143,20.15232],[99.515289,20.152362],[99.516825,20.152553],[99.517696,20.152743],[99.518681,20.152658],[99.520927,20.151262],[99.521683,20.151029],[99.524113,20.150796],[99.52464,20.150585],[99.525167,20.150267],[99.526473,20.149104],[99.527069,20.148469],[99.528421,20.147453],[99.529315,20.146967],[99.530621,20.146607],[99.532272,20.146607],[99.53328,20.146522],[99.53493,20.146713],[99.53729,20.147136],[99.538597,20.147665],[99.53878,20.147919],[99.538826,20.14813],[99.538757,20.148427],[99.537634,20.150183],[99.537497,20.150733],[99.537474,20.153124],[99.537313,20.154076],[99.53729,20.154775],[99.537382,20.156256],[99.537634,20.156869],[99.537726,20.15744],[99.538253,20.158266],[99.538826,20.158922],[99.539284,20.160551],[99.539307,20.16163],[99.538849,20.162709],[99.538184,20.163788],[99.537978,20.164634],[99.538024,20.16529],[99.539674,20.167448],[99.539926,20.168041],[99.540453,20.170749],[99.541622,20.173119],[99.542218,20.173161],[99.544189,20.172823],[99.544602,20.172844],[99.54529,20.172738],[99.545885,20.172823],[99.546825,20.173246],[99.547513,20.174029],[99.547879,20.174325],[99.550102,20.175594],[99.551225,20.176505],[99.552577,20.179044],[99.554457,20.183741],[99.554847,20.184545],[99.554961,20.18501],[99.554961,20.185835],[99.554182,20.187147],[99.553907,20.188247],[99.554021,20.188798],[99.554732,20.189898],[99.555488,20.191274],[99.55613,20.19267],[99.556405,20.19413],[99.556542,20.195695],[99.558238,20.197324],[99.558766,20.198425],[99.558811,20.198827],[99.559086,20.199525],[99.559499,20.200054],[99.559934,20.200456],[99.560599,20.201387],[99.560691,20.20181],[99.560645,20.203502],[99.560828,20.203883],[99.561218,20.204306],[99.562089,20.20492],[99.563326,20.205428],[99.563785,20.205936],[99.563303,20.206528],[99.562387,20.206994],[99.561905,20.207586],[99.561562,20.208369],[99.559614,20.211606],[99.559361,20.212114],[99.559132,20.212981],[99.558811,20.213659],[99.558353,20.214357],[99.557803,20.214971],[99.555672,20.216769],[99.554755,20.217192],[99.553426,20.217213],[99.55299,20.217129],[99.551707,20.216621],[99.550034,20.216452],[99.548979,20.216473],[99.548407,20.21679],[99.547146,20.21715],[99.546436,20.217256],[99.545702,20.21751],[99.545106,20.217573],[99.544671,20.217742],[99.544419,20.217975],[99.544052,20.218568],[99.543663,20.219393],[99.54341,20.220176],[99.542287,20.222566],[99.541829,20.224534],[99.541508,20.225042],[99.541073,20.225444],[99.539789,20.22629],[99.53901,20.226946],[99.538116,20.227962],[99.53681,20.22921],[99.53571,20.230564],[99.53477,20.231453],[99.533738,20.232194],[99.533143,20.232342],[99.531974,20.232469],[99.531469,20.232681],[99.530713,20.232808],[99.529453,20.232808],[99.527413,20.23249],[99.523861,20.232659],[99.52315,20.232744],[99.522875,20.232935],[99.522577,20.233442],[99.522348,20.234035],[99.522394,20.235981],[99.52315,20.237082],[99.523311,20.237484],[99.523402,20.238224],[99.523265,20.238859],[99.52299,20.239515],[99.522165,20.240721],[99.521729,20.241631],[99.521179,20.243302],[99.521385,20.244805],[99.521362,20.245947],[99.521156,20.247132],[99.52111,20.248698],[99.521385,20.249565],[99.521454,20.249967],[99.521406,20.250275],[99.520529,20.251056],[99.520175,20.25144],[99.519744,20.252164],[99.518975,20.25286],[99.517928,20.254096],[99.516728,20.255176],[99.515774,20.256326],[99.515836,20.256653],[99.516898,20.257775],[99.518513,20.258911],[99.51919,20.259664],[99.519236,20.259877],[99.518667,20.261809],[99.518005,20.263485],[99.51779,20.263798],[99.517759,20.264096],[99.518036,20.26519],[99.518052,20.266439],[99.517944,20.266851],[99.51719,20.268356],[99.516544,20.268981],[99.516082,20.269692],[99.515374,20.272334],[99.515097,20.272944],[99.51482,20.273967],[99.513882,20.27614],[99.514174,20.277575],[99.51419,20.278044],[99.51419,20.278329],[99.513974,20.279025],[99.513913,20.279706],[99.513097,20.280715],[99.511389,20.282206],[99.510405,20.28357],[99.509866,20.284181],[99.509343,20.285246],[99.509251,20.285985],[99.510027,20.287056],[99.509666,20.288143],[99.509666,20.288711],[99.509497,20.289621],[99.509343,20.28989],[99.508297,20.290757],[99.508159,20.291567],[99.506774,20.291964],[99.506266,20.293229],[99.505374,20.293669],[99.505097,20.293868],[99.504943,20.294124],[99.505128,20.295004],[99.505328,20.295345],[99.506389,20.296013],[99.506112,20.29732],[99.506097,20.297916],[99.506266,20.298214],[99.506436,20.298938],[99.506574,20.300231],[99.506466,20.300927],[99.506636,20.301864],[99.505928,20.302575],[99.505759,20.303526],[99.506174,20.303924],[99.506389,20.304337],[99.506482,20.304777],[99.506482,20.305445],[99.506651,20.306098],[99.506543,20.306396],[99.505851,20.307064],[99.506789,20.308598],[99.507266,20.309777],[99.507682,20.310402],[99.508189,20.31087],[99.508389,20.311268],[99.50902,20.312077],[99.509313,20.312333],[99.509913,20.312532],[99.51002,20.313313],[99.509974,20.313498],[99.509282,20.314023],[99.509436,20.314989],[99.509297,20.315273],[99.509236,20.315799],[99.509713,20.316268],[99.509759,20.316567],[99.509743,20.316979],[99.509543,20.317533],[99.509282,20.317817],[99.509082,20.318683],[99.508574,20.319052],[99.507728,20.319322],[99.50762,20.319663],[99.507466,20.321736],[99.506682,20.322404],[99.506836,20.323498],[99.506697,20.324037],[99.507097,20.32577],[99.506897,20.325941],[99.505851,20.326338],[99.505497,20.326679],[99.505158,20.32864],[99.505004,20.329009],[99.50482,20.329279],[99.504451,20.329549],[99.503681,20.330557],[99.502943,20.331935],[99.502297,20.332858],[99.501666,20.333995],[99.501081,20.334237],[99.500774,20.334691],[99.500527,20.336609],[99.500358,20.336879],[99.500189,20.337035],[99.499961,20.33705],[99.498499,20.336079],[99.497885,20.33589],[99.497241,20.335836],[99.497037,20.336187],[99.4973,20.338103],[99.496247,20.340452],[99.496101,20.340587],[99.495487,20.340857],[99.495107,20.340911],[99.494288,20.341343],[99.493469,20.342638],[99.492913,20.343178],[99.492533,20.34334],[99.492124,20.34334],[99.490984,20.344015],[99.490282,20.34415],[99.489755,20.34442],[99.489668,20.345149],[99.489902,20.345446],[99.489551,20.345743],[99.489083,20.345905],[99.488615,20.346391],[99.488089,20.346742],[99.485252,20.34658],[99.484404,20.346823],[99.482738,20.348091],[99.48224,20.34828],[99.481685,20.348631],[99.481305,20.348793],[99.479843,20.348901],[99.479667,20.34909],[99.479492,20.349711],[99.47841,20.349738],[99.477328,20.349576],[99.476655,20.349603],[99.476451,20.349441],[99.475954,20.349387],[99.475749,20.349414],[99.47531,20.349684],[99.474755,20.349738],[99.473468,20.350224],[99.473117,20.351007],[99.472562,20.351709],[99.470339,20.35349],[99.46914,20.3543],[99.468292,20.355218],[99.467561,20.356649],[99.467474,20.357],[99.467386,20.357756],[99.467503,20.35835],[99.467503,20.358836],[99.467298,20.358971],[99.466684,20.358998],[99.466158,20.359187],[99.464725,20.359807],[99.464199,20.360158],[99.463702,20.36032],[99.461479,20.360698],[99.458526,20.361427],[99.457883,20.361751],[99.457152,20.362318],[99.456158,20.362237],[99.455866,20.362264],[99.455749,20.362399],[99.455749,20.363101],[99.456041,20.363614],[99.456918,20.364775],[99.457035,20.365909],[99.457532,20.366935],[99.457386,20.370471],[99.457854,20.371551],[99.458176,20.373225],[99.458176,20.373468],[99.457649,20.374656],[99.457679,20.375277],[99.458059,20.376032],[99.458059,20.377409],[99.457883,20.378273],[99.45803,20.378516],[99.458673,20.379056],[99.459667,20.379515],[99.459989,20.379785],[99.460018,20.380163],[99.459784,20.380676],[99.459404,20.381917],[99.459316,20.382673],[99.459345,20.38297],[99.459696,20.383888],[99.460076,20.384374],[99.460164,20.384617],[99.460135,20.385913],[99.459813,20.38648],[99.459258,20.387128],[99.459111,20.387587],[99.45917,20.389017],[99.459345,20.389314],[99.459199,20.389638],[99.458176,20.390718],[99.457445,20.391825],[99.457532,20.392122],[99.45841,20.392796],[99.460749,20.393201],[99.462737,20.393417],[99.467007,20.393498],[99.469375,20.393417],[99.469989,20.393471],[99.470311,20.393687],[99.470954,20.393795],[99.472006,20.394119],[99.473293,20.393984],[99.47455,20.393444],[99.475194,20.392796],[99.476626,20.391824],[99.477445,20.391824],[99.477825,20.391716],[99.478322,20.391204],[99.478439,20.390853],[99.479083,20.389746],[99.480077,20.388639],[99.480603,20.387856],[99.4811,20.387451],[99.481831,20.387424],[99.483557,20.386749],[99.484229,20.386398],[99.485808,20.38513],[99.48613,20.384968],[99.486656,20.384914],[99.487855,20.384266],[99.488235,20.383969],[99.488732,20.383294],[99.488966,20.383186],[99.489755,20.382997],[99.491013,20.382997],[99.491568,20.383105],[99.492738,20.383024],[99.49306,20.383105],[99.493352,20.383402],[99.493703,20.38405],[99.493879,20.384617],[99.495487,20.385157],[99.496393,20.38513],[99.497212,20.384887],[99.497943,20.383996],[99.498148,20.383915],[99.498908,20.384158],[99.499113,20.384158],[99.499931,20.383591],[99.500573,20.382588],[99.501127,20.380287],[99.501235,20.379421],[99.501742,20.378923],[99.502327,20.378824],[99.502496,20.378696],[99.503158,20.377702],[99.503866,20.377219],[99.504373,20.377105],[99.505758,20.375428],[99.506035,20.374846],[99.506712,20.374278],[99.507389,20.373809],[99.508312,20.37371],[99.508913,20.373426],[99.508897,20.372204],[99.508989,20.37165],[99.509405,20.37121],[99.509528,20.370812],[99.509559,20.3704],[99.509697,20.370059],[99.50979,20.368923],[99.509882,20.36871],[99.510374,20.368426],[99.510897,20.368284],[99.51222,20.368185],[99.512743,20.367943],[99.513559,20.367361],[99.514528,20.366267],[99.514713,20.365713],[99.514805,20.364577],[99.514974,20.363526],[99.515082,20.363299],[99.516267,20.362674],[99.516682,20.362645],[99.517482,20.362361],[99.519128,20.361409],[99.519651,20.361267],[99.521652,20.362461],[99.523145,20.362248],[99.524437,20.362702],[99.524868,20.362745],[99.525437,20.362617],[99.526145,20.362333],[99.526652,20.361708],[99.528022,20.360628],[99.528222,20.36006],[99.528222,20.359861],[99.529283,20.359947],[99.529914,20.359819],[99.53033,20.359506],[99.531191,20.35854],[99.532576,20.357929],[99.533853,20.357119],[99.534591,20.35675],[99.537114,20.356565],[99.539684,20.355983],[99.543777,20.355926],[99.544746,20.356011],[99.545069,20.356224],[99.545977,20.35719],[99.546777,20.357645],[99.548439,20.357773],[99.548777,20.35773],[99.549623,20.357105],[99.549762,20.356864],[99.550238,20.35675],[99.552192,20.35675],[99.554639,20.357531],[99.555823,20.357702],[99.556269,20.357872],[99.557346,20.358057],[99.557685,20.357986],[99.557947,20.357815],[99.558024,20.35665],[99.558285,20.356239],[99.559208,20.355187],[99.559532,20.354534],[99.55987,20.353569],[99.560624,20.352844],[99.561085,20.352575],[99.562132,20.352461],[99.562978,20.35212],[99.563716,20.351666],[99.566239,20.351153],[99.566962,20.350883],[99.567316,20.350585],[99.567932,20.350244],[99.569393,20.349619],[99.570363,20.349577],[99.572655,20.349662],[99.573532,20.348753],[99.574086,20.348596],[99.575025,20.348185],[99.575578,20.347758],[99.576009,20.346778],[99.57664,20.344776],[99.580409,20.34435],[99.580579,20.344208],[99.580702,20.343924],[99.580809,20.343384],[99.582271,20.342788],[99.58284,20.342631],[99.584564,20.342532],[99.585179,20.342234],[99.585826,20.342134],[99.586395,20.34212],[99.587164,20.342291],[99.588164,20.342688],[99.588949,20.342816],[99.590641,20.343555],[99.591518,20.344009],[99.59178,20.344236],[99.592103,20.343725],[99.592887,20.342987],[99.593334,20.342745],[99.594442,20.341879],[99.594749,20.341467],[99.594965,20.340657],[99.595319,20.339947],[99.597119,20.338498],[99.598227,20.338115],[99.599165,20.3381],[99.600335,20.338441],[99.600627,20.338441],[99.601442,20.3382],[99.603027,20.337376],[99.603827,20.33712],[99.604057,20.336964],[99.604365,20.336055],[99.60475,20.335572],[99.604734,20.335032],[99.604827,20.33479],[99.605057,20.334464],[99.605688,20.334009],[99.606227,20.33381],[99.60755,20.333924],[99.608981,20.3331],[99.611412,20.33256],[99.611904,20.332148],[99.612166,20.331992],[99.612443,20.331963],[99.612689,20.331765],[99.613396,20.334009],[99.613335,20.334847],[99.613427,20.335387],[99.613766,20.335855],[99.614196,20.336253],[99.614919,20.336722],[99.615304,20.336708],[99.616504,20.336083],[99.61692,20.336083],[99.61715,20.335841],[99.618274,20.335443],[99.618597,20.3356],[99.618997,20.335983],[99.61932,20.336409],[99.619458,20.336764],[99.62032,20.337489],[99.621243,20.338512],[99.622597,20.338469],[99.624074,20.337958],[99.624797,20.337531],[99.625459,20.336978],[99.626936,20.335983],[99.627536,20.335884],[99.629352,20.335813],[99.629813,20.335983],[99.630306,20.336324],[99.630736,20.337077],[99.630936,20.338213],[99.631075,20.338568],[99.631675,20.339477],[99.632136,20.339833],[99.632413,20.340188],[99.632675,20.340784],[99.632752,20.341296],[99.632998,20.341665],[99.63329,20.341864],[99.633936,20.342048],[99.634844,20.342162],[99.636613,20.342262],[99.638613,20.342105],[99.639076,20.341679],[99.639537,20.341509],[99.639953,20.341594],[99.64166,20.341452],[99.642199,20.341878],[99.643353,20.343327],[99.644461,20.34273],[99.647122,20.341637],[99.647353,20.341423],[99.647738,20.340969],[99.648138,20.340273],[99.648369,20.338838],[99.648769,20.338],[99.649169,20.337418],[99.648876,20.336481],[99.648892,20.336296],[99.649168,20.335756],[99.649738,20.335401],[99.650738,20.335103],[99.651107,20.334876],[99.652692,20.334691],[99.6532,20.334435],[99.653477,20.33418],[99.653569,20.333839],[99.653523,20.333682],[99.6538,20.333015],[99.654107,20.332688],[99.654307,20.332163],[99.654784,20.331325],[99.655108,20.330359],[99.6554,20.329762],[99.655877,20.329023],[99.656692,20.328313],[99.657231,20.327717],[99.657523,20.327532],[99.6584,20.327532],[99.659016,20.327063],[99.659416,20.326864],[99.659954,20.326808],[99.660646,20.326097],[99.660954,20.32587],[99.661354,20.325728],[99.66277,20.325685],[99.664508,20.326751],[99.664878,20.326793],[99.665339,20.326708],[99.665647,20.325529],[99.665878,20.324989],[99.666124,20.32462],[99.666739,20.324009],[99.667585,20.323569],[99.668354,20.323541],[99.668939,20.323654],[99.669554,20.323598],[99.670047,20.323314],[99.670401,20.322831],[99.670708,20.322589],[99.671108,20.322575],[99.671478,20.322404],[99.672032,20.321723],[99.672862,20.32016],[99.673109,20.319521],[99.673586,20.318669],[99.673847,20.318441],[99.674924,20.318399],[99.67574,20.317575],[99.676724,20.316992],[99.677124,20.317021],[99.678109,20.317504],[99.678724,20.317504],[99.680032,20.317276],[99.680817,20.316296],[99.681063,20.316183],[99.681463,20.316183],[99.682355,20.316907],[99.683109,20.317376],[99.684678,20.317972],[99.684986,20.318299],[99.685109,20.319719],[99.685402,20.320259],[99.685909,20.320714],[99.686325,20.320941],[99.688248,20.321268],[99.689094,20.322091],[99.689417,20.322262],[99.690679,20.322262],[99.691125,20.322347],[99.692741,20.323299],[99.693095,20.323427],[99.694095,20.323498],[99.695849,20.325046],[99.696987,20.325742],[99.697741,20.326325],[99.698402,20.326637],[99.699049,20.32668],[99.699372,20.326595],[99.699987,20.326225],[99.700218,20.326183],[99.701126,20.326481],[99.701849,20.326325],[99.70228,20.326325],[99.703495,20.326609],[99.704003,20.326637],[99.704757,20.326268],[99.705711,20.326154],[99.706218,20.326211],[99.706495,20.326112],[99.706695,20.325941],[99.707157,20.325373],[99.707803,20.324791],[99.708972,20.323995],[99.709819,20.323583],[99.710126,20.323626],[99.710388,20.323924],[99.710711,20.32462],[99.710942,20.324791],[99.711096,20.325132],[99.711311,20.326083],[99.711449,20.326296],[99.711942,20.326893],[99.713065,20.327916],[99.713711,20.328399],[99.714526,20.328299],[99.716188,20.327816],[99.71645,20.327845],[99.717773,20.328512],[99.718465,20.328981],[99.719358,20.329776],[99.719927,20.330643],[99.719942,20.331282],[99.71945,20.331992],[99.718804,20.332447],[99.718112,20.333143],[99.717958,20.333612],[99.718019,20.334535],[99.718219,20.335444],[99.718742,20.336765],[99.718742,20.337034],[99.718573,20.337503],[99.717758,20.338952],[99.716789,20.339179],[99.716681,20.339264],[99.716542,20.339733],[99.716973,20.340287],[99.717881,20.340842],[99.717896,20.341097],[99.717358,20.341921],[99.717542,20.342304],[99.719296,20.342759],[99.719712,20.342944],[99.719819,20.343356],[99.720604,20.344819],[99.720681,20.345259],[99.720896,20.345444],[99.721296,20.345614],[99.721927,20.345529],[99.722373,20.345174],[99.723127,20.344876],[99.723927,20.345174],[99.724712,20.345685],[99.725358,20.345813],[99.725789,20.34604],[99.72622,20.346537],[99.727743,20.346864],[99.728297,20.347262],[99.728497,20.34766],[99.728805,20.348711],[99.729051,20.348937],[99.729497,20.349606],[99.730143,20.350117],[99.730589,20.349961],[99.731466,20.349321],[99.733174,20.348427],[99.733636,20.348043],[99.735528,20.347517],[99.736189,20.346623],[99.737082,20.346495],[99.73782,20.346154],[99.738667,20.345998],[99.738959,20.345785],[99.739636,20.34489],[99.740405,20.345089],[99.742298,20.345089],[99.742621,20.345259],[99.742821,20.3455],[99.744267,20.346239],[99.745421,20.345429],[99.746575,20.34489],[99.746944,20.344563],[99.74819,20.343895],[99.748606,20.343711],[99.749113,20.343668],[99.74956,20.343526],[99.749946,20.343363],[99.750268,20.343036],[99.751766,20.342427],[99.753329,20.341579],[99.75386,20.341505],[99.756969,20.339869],[99.757645,20.339364],[99.758128,20.339111],[99.758305,20.339126],[99.75866,20.339453],[99.75874,20.340568],[99.759401,20.341401],[99.760029,20.341891],[99.761237,20.342352],[99.762831,20.342665],[99.763782,20.34265],[99.764313,20.34259],[99.765022,20.342382],[99.766471,20.342456],[99.768098,20.341549],[99.768324,20.341549],[99.76958,20.34201],[99.770144,20.341981],[99.770659,20.341817],[99.771029,20.341594],[99.771803,20.340642],[99.772382,20.339527],[99.772592,20.339364],[99.773478,20.339081],[99.773864,20.338799],[99.774315,20.338129],[99.774492,20.337713],[99.775281,20.336747],[99.775829,20.335527],[99.775894,20.33523],[99.776135,20.334858],[99.776264,20.334784],[99.776473,20.334784],[99.776779,20.334962],[99.777311,20.335111],[99.781563,20.335111],[99.782324,20.335385],[99.789302,20.33698],[99.798853,20.335263],[99.80413,20.336448],[99.808461,20.336465],[99.810089,20.336588],[99.810369,20.336994],[99.810364,20.337589],[99.81048,20.337954],[99.81071,20.338138],[99.811282,20.338324],[99.811907,20.338927],[99.811961,20.339181],[99.811788,20.339814],[99.811845,20.340054],[99.81229,20.340354],[99.812299,20.34089],[99.812598,20.342191],[99.812483,20.343318],[99.823843,20.353337],[99.826765,20.357139],[99.82803,20.363763],[99.832653,20.37055],[99.837188,20.374311],[99.839282,20.380403],[99.842117,20.390173],[99.843294,20.39234],[99.845039,20.393362],[99.844777,20.406034],[99.849923,20.412778],[99.856203,20.416211],[99.859518,20.425489],[99.862172,20.431652],[99.863685,20.432852],[99.864514,20.43295],[99.864605,20.433081],[99.86487,20.43309],[99.866646,20.436705],[99.868761,20.43964],[99.869717,20.441488],[99.870686,20.443746],[99.871671,20.44489],[99.872555,20.443996],[99.873012,20.443833],[99.873649,20.443839],[99.875975,20.444417],[99.876806,20.44436],[99.877293,20.444226],[99.877518,20.444285],[99.878323,20.444787],[99.878838,20.444893],[99.87924,20.444886],[99.880128,20.444484],[99.880505,20.44452],[99.882874,20.445053],[99.883285,20.445236],[99.884105,20.445981],[99.884685,20.446174],[99.885292,20.446182],[99.886112,20.445878],[99.887194,20.445074],[99.887504,20.44508],[99.887635,20.445155],[99.888064,20.445697],[99.888381,20.445863],[99.888607,20.445846],[99.889131,20.445201],[99.889418,20.444983],[99.889746,20.444892],[99.890655,20.445015],[99.890794,20.44509],[99.891019,20.445416],[99.891396,20.445456],[99.892053,20.445151],[99.892364,20.444858],[99.892863,20.443381],[99.893092,20.443052],[99.893321,20.443068],[99.893583,20.443212],[99.894261,20.44398],[99.89432,20.444468],[99.89429,20.444658],[99.894074,20.444963],[99.89316,20.445818],[99.893184,20.446131],[99.893455,20.446461],[99.893844,20.446606],[99.894833,20.446478],[99.895528,20.446096],[99.895917,20.446121],[99.896097,20.446373],[99.896092,20.446835],[99.89718,20.448067],[99.897393,20.448825],[99.897798,20.448893],[99.897933,20.448846],[99.898525,20.448542],[99.899169,20.448058],[99.900165,20.447796],[99.900343,20.447534],[99.900472,20.447475],[99.900879,20.447396],[99.90154,20.447429],[99.901978,20.447584],[99.902149,20.447788],[99.902209,20.448156],[99.902381,20.448312],[99.903464,20.448507],[99.90431,20.448488],[99.904913,20.44878],[99.905327,20.44919],[99.906029,20.44944],[99.907313,20.449311],[99.907569,20.449995],[99.907865,20.450143],[99.908228,20.45001],[99.908437,20.449801],[99.908853,20.449613],[99.909667,20.449699],[99.910618,20.449432],[99.911228,20.449499],[99.912095,20.449773],[99.91296,20.449517],[99.913359,20.449289],[99.914074,20.449567],[99.914815,20.449429],[99.915226,20.449634],[99.915767,20.449703],[99.916048,20.449494],[99.916392,20.448382],[99.916663,20.447929],[99.91663,20.447246],[99.917923,20.446938],[99.918469,20.446632],[99.918803,20.446618],[99.919301,20.446897],[99.91943,20.44708],[99.919482,20.447523],[99.919649,20.447646],[99.920023,20.447707],[99.92041,20.447013],[99.920401,20.446774],[99.920548,20.446327],[99.920528,20.445863],[99.920707,20.445615],[99.92089,20.445599],[99.921671,20.445893],[99.922176,20.446175],[99.922563,20.446517],[99.922646,20.446749],[99.922596,20.447033],[99.922095,20.448077],[99.922061,20.448496],[99.922171,20.448692],[99.922396,20.448812],[99.922964,20.448837],[99.923834,20.448117],[99.924105,20.448114],[99.924606,20.449025],[99.925118,20.449562],[99.925254,20.449827],[99.925874,20.449935],[99.925986,20.450032],[99.926038,20.450395],[99.925821,20.451043],[99.925907,20.451449],[99.926295,20.451617],[99.927377,20.45151],[99.92798,20.451667],[99.928173,20.451829],[99.92821,20.452382],[99.927832,20.452771],[99.92762,20.452838],[99.927573,20.453132],[99.927644,20.453267],[99.928111,20.453598],[99.928487,20.454184],[99.928644,20.454302],[99.929244,20.454464],[99.930027,20.454809],[99.931011,20.455097],[99.931247,20.455253],[99.932171,20.456256],[99.932942,20.456321],[99.933098,20.456224],[99.932963,20.455953],[99.933016,20.455583],[99.933322,20.455174],[99.933502,20.454635],[99.933721,20.454416],[99.934006,20.454283],[99.934291,20.454274],[99.934882,20.454416],[99.935811,20.454916],[99.936343,20.455305],[99.937119,20.455156],[99.938963,20.455422],[99.939614,20.455363],[99.941285,20.455701],[99.941473,20.455804],[99.941529,20.45593],[99.941478,20.456139],[99.940655,20.456028],[99.940536,20.456202],[99.940574,20.456367],[99.941569,20.456842],[99.942045,20.456911],[99.942787,20.456784],[99.943075,20.456894],[99.9434,20.457235],[99.94421,20.457211],[99.94455,20.457548],[99.94572,20.458221],[99.946077,20.458609],[99.947269,20.459264],[99.947528,20.459561],[99.947723,20.460264],[99.94915,20.461112],[99.949538,20.461133],[99.949694,20.461036],[99.949935,20.460594],[99.950059,20.460561],[99.950187,20.460605],[99.950464,20.460952],[99.950941,20.460974],[99.951475,20.461219],[99.951972,20.461972],[99.95217,20.462556],[99.952901,20.462912],[99.953219,20.46377],[99.953711,20.464195],[99.954516,20.464482],[99.954725,20.464487],[99.955258,20.464282],[99.955589,20.46469],[99.955783,20.46472],[99.956024,20.464729],[99.956741,20.46444],[99.957787,20.464254],[99.959902,20.464788],[99.960349,20.464814],[99.960947,20.464438],[99.961092,20.463828],[99.960529,20.463006],[99.960343,20.462597],[99.960343,20.461969],[99.96056,20.461882],[99.961097,20.461981],[99.961885,20.462442],[99.962575,20.463159],[99.963194,20.463617],[99.964084,20.463859],[99.965136,20.463482],[99.965648,20.462699],[99.965541,20.461622],[99.964976,20.460359],[99.96369,20.459421],[99.963425,20.458706],[99.96414,20.458256],[99.965883,20.458417],[99.966341,20.458013],[99.96695,20.457695],[99.967425,20.458118],[99.967692,20.45916],[99.967773,20.46029],[99.968667,20.460642],[99.969532,20.460372],[99.970555,20.4583],[99.970201,20.457539],[99.969364,20.457728],[99.96835,20.457541],[99.967467,20.456979],[99.966559,20.456232],[99.966533,20.455061],[99.967545,20.454315],[99.968743,20.454067],[99.969379,20.453701],[99.969814,20.453595],[99.970212,20.453816],[99.970521,20.454175],[99.971182,20.454402],[99.971619,20.454339],[99.971878,20.454059],[99.972152,20.453448],[99.972606,20.452904],[99.97331,20.452358],[99.974301,20.451802],[99.975046,20.4511],[99.975356,20.450347],[99.975418,20.449793],[99.975085,20.448304],[99.975641,20.447695],[99.976219,20.447853],[99.976405,20.448303],[99.976405,20.449059],[99.977191,20.449303],[99.977835,20.449196],[99.978611,20.44941],[99.979424,20.44941],[99.979696,20.448649],[99.979261,20.448023],[99.978588,20.448131],[99.977872,20.447733],[99.977791,20.446558],[99.977415,20.445241],[99.976553,20.444432],[99.975264,20.444394],[99.974625,20.444538],[99.974388,20.44396],[99.974784,20.443405],[99.97588,20.443432],[99.977305,20.443082],[99.978057,20.442223],[99.979125,20.441449],[99.980324,20.441608],[99.981799,20.443057],[99.982584,20.442949],[99.98337,20.442326],[99.982966,20.441444],[99.983501,20.438601],[99.984202,20.437532],[99.985476,20.436828],[99.986215,20.435652],[99.986417,20.434443],[99.98655,20.432941],[99.987248,20.432642],[99.988355,20.432407],[99.989313,20.431687],[99.989486,20.431186],[99.988969,20.430477],[99.988357,20.430037],[99.985804,20.430037],[99.985066,20.430245],[99.984675,20.429985],[99.984731,20.429443],[99.985467,20.42901],[99.987061,20.428877],[99.988413,20.428915],[99.989693,20.428208],[99.990056,20.427442],[99.989751,20.426412],[99.989543,20.425275],[99.990188,20.424174],[99.990529,20.423265],[99.991074,20.423134],[99.992217,20.423115],[99.992922,20.422563],[99.995719,20.42203],[99.996292,20.421017],[99.99656,20.420214],[99.996102,20.419602],[99.995799,20.418884],[99.995967,20.418419],[99.99666,20.418475],[99.997226,20.418871],[99.997493,20.419482],[99.998281,20.419559],[99.999067,20.419387],[99.999431,20.418582],[99.999488,20.416662],[99.999922,20.416002],[100.001531,20.415718],[100.002156,20.415869],[100.002842,20.416174],[100.003685,20.416174],[100.004202,20.415676],[100.004565,20.414988],[100.004546,20.414413],[100.004183,20.413763],[100.003595,20.413232],[100.003539,20.412807],[100.004098,20.412732],[100.004702,20.412902],[100.005459,20.413811],[100.005572,20.414245],[100.005497,20.414754],[100.005154,20.415287],[100.00504,20.415822],[100.005059,20.416567],[100.00548,20.417104],[100.006111,20.41739],[100.006795,20.417562],[100.007229,20.417825],[100.007684,20.418852],[100.008108,20.419179],[100.008724,20.419121],[100.00909,20.418736],[100.009224,20.417972],[100.009261,20.416779],[100.009693,20.416554],[100.010355,20.416441],[100.01096,20.416554],[100.011779,20.417087],[100.012207,20.41701],[100.012418,20.416547],[100.012438,20.415954],[100.012132,20.41538],[100.011483,20.414807],[100.010591,20.414257],[100.010271,20.413768],[100.010476,20.413226],[100.011058,20.413189],[100.011738,20.41334],[100.013336,20.414918],[100.014197,20.415014],[100.015095,20.414785],[100.015498,20.414421],[100.016087,20.413147],[100.016405,20.412941],[100.016856,20.412923],[100.017683,20.413393],[100.018289,20.413557],[100.018887,20.413372],[100.019165,20.412765],[100.019267,20.412059],[100.019247,20.41132],[100.018518,20.410827],[100.017316,20.410267],[100.016984,20.409884],[100.017074,20.409371],[100.017387,20.409027],[100.018038,20.408661],[100.018413,20.408118],[100.018991,20.408423],[100.01932,20.408435],[100.019601,20.408345],[100.019756,20.40818],[100.019812,20.407931],[100.019878,20.407086],[100.020198,20.406682],[100.021774,20.40624],[100.022213,20.406261],[100.022689,20.406411],[100.023123,20.406931],[100.023428,20.407691],[100.023512,20.408105],[100.023463,20.40849],[100.023642,20.408994],[100.023918,20.409151],[100.024263,20.409219],[100.024849,20.409175],[100.02502,20.409045],[100.024926,20.408324],[100.024562,20.407229],[100.024549,20.406601],[100.024818,20.404591],[100.025252,20.403639],[100.025472,20.403391],[100.026096,20.403221],[100.02636,20.403273],[100.02665,20.403448],[100.027331,20.404202],[100.027786,20.404505],[100.028219,20.404602],[100.028589,20.404393],[100.029036,20.403604],[100.029095,20.402928],[100.029036,20.402292],[100.028795,20.401777],[100.02864,20.400925],[100.028668,20.400678],[100.028907,20.400348],[100.029431,20.40016],[100.029945,20.400279],[100.030836,20.399939],[100.031365,20.399959],[100.031739,20.400104],[100.032218,20.401068],[100.032474,20.401895],[100.032738,20.402329],[100.033057,20.402607],[100.033695,20.402775],[100.033997,20.402593],[100.034198,20.402332],[100.034293,20.401912],[100.034245,20.40134],[100.033655,20.400726],[100.033193,20.400505],[100.03259,20.400518],[100.032382,20.400334],[100.032331,20.399626],[100.032629,20.399162],[100.0332,20.398861],[100.033743,20.39892],[100.034259,20.399326],[100.034771,20.400008],[100.035217,20.401372],[100.035647,20.401936],[100.036086,20.402196],[100.036448,20.402218],[100.036753,20.402058],[100.0368,20.401696],[100.036456,20.40057],[100.0361,20.399818],[100.035923,20.399144],[100.035735,20.398141],[100.035828,20.397536],[100.036039,20.397014],[100.036938,20.396164],[100.037637,20.39593],[100.038532,20.395898],[100.039249,20.395597],[100.039597,20.395102],[100.039711,20.394374],[100.039332,20.393317],[100.039584,20.392806],[100.03998,20.392864],[100.040435,20.393287],[100.040998,20.393491],[100.041321,20.393974],[100.041462,20.39459],[100.041356,20.39517],[100.040693,20.397418],[100.040732,20.398189],[100.041096,20.398631],[100.041796,20.39871],[100.042657,20.398435],[100.043679,20.397624],[100.044223,20.396825],[100.044298,20.39555],[100.044053,20.393957],[100.044155,20.392667],[100.044932,20.391836],[100.045892,20.391531],[100.046911,20.391673],[100.049374,20.393043],[100.050339,20.393314],[100.051373,20.393222],[100.052007,20.392869],[100.052419,20.392068],[100.052884,20.390507],[100.053072,20.388473],[100.053754,20.38774],[100.054511,20.387516],[100.055132,20.387724],[100.056036,20.38905],[100.05635,20.390181],[100.056372,20.39095],[100.055862,20.392289],[100.055002,20.393761],[100.055037,20.394982],[100.055547,20.395731],[100.05646,20.396189],[100.057285,20.396484],[100.058065,20.396523],[100.058854,20.396407],[100.059614,20.396187],[100.060374,20.395517],[100.060958,20.393507],[100.061318,20.392568],[100.062011,20.391994],[100.063468,20.39153],[100.063807,20.391055],[100.063942,20.390449],[100.063195,20.38948],[100.062882,20.388909],[100.063001,20.386916],[100.062856,20.386072],[100.063112,20.385623],[100.063594,20.385171],[100.064462,20.384904],[100.065414,20.385066],[100.066689,20.385614],[100.067674,20.386652],[100.068164,20.38737],[100.06889,20.388873],[100.069509,20.389669],[100.07018,20.389933],[100.070888,20.389951],[100.071602,20.389669],[100.071947,20.38913],[100.072094,20.388462],[100.072094,20.387887],[100.071876,20.387163],[100.071243,20.386262],[100.070493,20.3856],[100.069493,20.38421],[100.068817,20.383482],[100.067305,20.382629],[100.066405,20.382494],[100.065844,20.382233],[100.065597,20.381714],[100.065669,20.380919],[100.066098,20.380233],[100.066926,20.379516],[100.067422,20.378833],[100.067641,20.378193],[100.067784,20.377375],[100.067611,20.376932],[100.066627,20.375514],[100.066497,20.375072],[100.06677,20.374757],[100.067379,20.374454],[100.06865,20.374332],[100.069342,20.37437],[100.070158,20.374535],[100.072023,20.375914],[100.073963,20.377016],[100.074756,20.37772],[100.075592,20.378645],[100.076077,20.37979],[100.076697,20.380632],[100.077422,20.380773],[100.078083,20.38067],[100.078588,20.38032],[100.078756,20.379901],[100.0789,20.378836],[100.078266,20.377432],[100.076988,20.375419],[100.076616,20.374577],[100.076594,20.374054],[100.076844,20.373781],[100.077339,20.373585],[100.078257,20.373429],[100.079104,20.373019],[100.079789,20.372446],[100.080094,20.371931],[100.080265,20.371086],[100.080714,20.370273],[100.081297,20.369638],[100.081994,20.369174],[100.082884,20.368943],[100.085257,20.369092],[100.0856,20.368963],[100.085844,20.368398],[100.085818,20.368016],[100.085618,20.367624],[100.085294,20.367248],[100.084681,20.366949],[100.08404,20.366892],[100.083161,20.366938],[100.082089,20.366652],[100.080013,20.365592],[100.079525,20.36513],[100.079117,20.364396],[100.078896,20.363634],[100.078906,20.362729],[100.079076,20.362007],[100.07967,20.360919],[100.08023,20.360133],[100.080572,20.359435],[100.080718,20.358655],[100.080726,20.357093],[100.08246,20.354703],[100.083325,20.353843],[100.084653,20.352275],[100.086111,20.345183],[100.087498,20.343073],[100.088316,20.341394],[100.090317,20.336607],[100.091227,20.334004],[100.091722,20.331787],[100.093912,20.327048],[100.094631,20.324394],[100.095657,20.320065],[100.09617,20.318264],[100.096957,20.316033],[100.098048,20.311835],[100.098321,20.309819],[100.098594,20.308476],[100.098685,20.306544],[100.098503,20.304781],[100.098139,20.302765],[100.097594,20.301254],[100.095775,20.294368],[100.094592,20.291093],[100.094046,20.289162],[100.092591,20.285299],[100.091772,20.281856],[100.091408,20.279757],[100.091317,20.278413],[100.091135,20.277321],[100.090593,20.275865],[100.090559,20.275202],[100.090935,20.272011],[100.091346,20.270083],[100.091517,20.268851],[100.091962,20.26784],[100.093057,20.266008],[100.095842,20.262767],[100.09682,20.261869],[100.097778,20.260732],[100.098634,20.259879],[100.099968,20.258724],[100.103493,20.255266],[100.105135,20.253827],[100.108454,20.251805],[100.110301,20.250826],[100.111602,20.250415],[100.112457,20.250004],[100.113195,20.249846],[100.115162,20.249901],[100.117666,20.249681],[100.123569,20.24858],[100.125835,20.248304],[100.129114,20.248304],[100.13293,20.248029],[100.135911,20.247534],[100.139071,20.247148],[100.14235,20.246598],[100.14855,20.245552],[100.153201,20.244616],[100.160296,20.24412],[100.167987,20.244671],[100.171684,20.245772],[100.174188,20.248249],[100.175414,20.250004],[100.17603,20.251142],[100.176543,20.2531],[100.17692,20.254933],[100.177467,20.256513],[100.179212,20.259704],[100.180239,20.262073],[100.180615,20.2634],[100.180752,20.264664],[100.180718,20.265833],[100.180375,20.266749],[100.178733,20.269625],[100.178186,20.270794],[100.177501,20.272531],[100.176954,20.274996],[100.176441,20.276291],[100.174901,20.278534],[100.174353,20.279135],[100.169974,20.282737],[100.168434,20.285327],[100.167989,20.286844],[100.167887,20.288582],[100.16751,20.291267],[100.166826,20.294901],[100.166723,20.296038],[100.167031,20.297239],[100.167476,20.298123],[100.1684,20.299513],[100.1697,20.300809],[100.171514,20.302073],[100.175038,20.304126],[100.17757,20.305011],[100.180752,20.306622],[100.182839,20.307286],[100.188485,20.308739],[100.192283,20.310224],[100.194438,20.310824],[100.195704,20.311046],[100.204019,20.311488],[100.210212,20.312341],[100.212059,20.312752],[100.213428,20.312847],[100.216473,20.3137],[100.217636,20.314395],[100.220271,20.316733],[100.221229,20.317744],[100.225061,20.323052],[100.226977,20.326496],[100.228175,20.329308],[100.228517,20.330824],[100.228688,20.332246],[100.228688,20.333415],[100.228551,20.334521],[100.228209,20.336069],[100.227628,20.338059],[100.226362,20.341124],[100.225164,20.343367],[100.224445,20.344915],[100.224103,20.346495],[100.223932,20.347917],[100.224138,20.349497],[100.224514,20.351077],[100.225814,20.353983],[100.226875,20.355721],[100.229373,20.358059],[100.23081,20.359228],[100.232349,20.360239],[100.234265,20.361061],[100.236695,20.36223],[100.240972,20.364504],[100.245899,20.367948],[100.246994,20.369212],[100.247849,20.370918],[100.249149,20.375278],[100.248978,20.379228],[100.248705,20.381092],[100.248362,20.382261],[100.248362,20.383272],[100.24867,20.384536],[100.249731,20.386368],[100.252181,20.388223],[100.254598,20.390455],[100.256658,20.392192],[100.261762,20.394755],[100.26427,20.397732],[100.266061,20.398476],[100.267404,20.39922],[100.270896,20.400295],[100.272329,20.400626],[100.273672,20.400543],[100.275105,20.400295],[100.277523,20.399716],[100.278866,20.399138],[100.28003,20.398807],[100.281642,20.398642],[100.282896,20.398807],[100.289164,20.398228],[100.295612,20.39798],[100.297224,20.397649],[100.299015,20.397153],[100.301701,20.397401],[100.302955,20.39798],[100.304746,20.398559],[100.305731,20.399303],[100.307522,20.400213],[100.308955,20.401288],[100.310208,20.401536],[100.311999,20.402114],[100.313253,20.402032],[100.314775,20.40137],[100.31585,20.400626],[100.319432,20.398724],[100.32176,20.398807],[100.323282,20.398724],[100.325252,20.398311],[100.326685,20.398228],[100.328028,20.398311],[100.329103,20.398476],[100.329819,20.398476],[100.330536,20.398228],[100.332148,20.396822],[100.333312,20.395582],[100.333939,20.395169],[100.33564,20.393763],[100.336446,20.393267],[100.336715,20.392853],[100.338327,20.391365],[100.340655,20.388884],[100.343699,20.386321],[100.346744,20.383923],[100.349789,20.381938],[100.35149,20.38045],[100.351759,20.379292],[100.352027,20.378631],[100.352475,20.3783],[100.354266,20.378631],[100.354803,20.378548],[100.355251,20.377969],[100.357042,20.373339],[100.358475,20.370692],[100.359281,20.368543],[100.359281,20.366723],[100.358206,20.363333],[100.358206,20.361679],[100.358475,20.359529],[100.358565,20.356305],[100.359191,20.35523],[100.360445,20.355064],[100.362326,20.35523],[100.367519,20.355147],[100.369042,20.354733],[100.370833,20.354155],[100.372445,20.353328],[100.373967,20.35217],[100.374862,20.350682],[100.375579,20.349111],[100.376295,20.34663],[100.376206,20.342247],[100.376295,20.338692],[100.376653,20.335715],[100.377459,20.333482],[100.377728,20.331663],[100.380504,20.325957],[100.380952,20.324138],[100.380683,20.319673],[100.381131,20.317606],[100.382384,20.313967],[100.38337,20.31157],[100.384713,20.309833],[100.388116,20.30636],[100.392324,20.301481],[100.393578,20.299166],[100.394026,20.296933],[100.394921,20.294784],[100.395638,20.293461],[100.396533,20.292386],[100.398145,20.291063],[100.399399,20.289491],[100.401637,20.287507],[100.403428,20.285357],[100.404772,20.283538],[100.405757,20.282049],[100.406563,20.28023],[100.408175,20.276013],[100.408085,20.273119],[100.408354,20.270638],[100.408622,20.268902],[100.40907,20.267165],[100.409786,20.264933],[100.409966,20.263279],[100.410503,20.260715],[100.412204,20.257325],[100.413547,20.254927],[100.414443,20.253687],[100.416503,20.251537],[100.418562,20.249883],[100.426935,20.245213],[100.432218,20.242815],[100.435442,20.241906],[100.44189,20.238102],[100.448606,20.234299],[100.453352,20.230164],[100.454964,20.227518],[100.456218,20.224955],[100.456128,20.222557],[100.45568,20.220903],[100.455591,20.21834],[100.454606,20.215446],[100.4538,20.211973],[100.453262,20.210733],[100.452994,20.207508],[100.452904,20.204035],[100.4538,20.201555],[100.456038,20.19866],[100.458277,20.198082],[100.460785,20.198743],[100.462396,20.198412],[100.465083,20.197503],[100.467501,20.196263],[100.472515,20.19312],[100.476008,20.190392],[100.478784,20.187663],[100.479948,20.184934],[100.481381,20.182867],[100.485142,20.181296],[100.48756,20.178981],[100.489709,20.1765],[100.491858,20.173358],[100.493112,20.170133],[100.494992,20.167322],[100.497858,20.163932],[100.500186,20.161369],[100.502111,20.159612],[100.503992,20.155975],[100.505335,20.154157],[100.507395,20.151016],[100.509365,20.149529],[100.510977,20.148619],[100.512499,20.146801],[100.513663,20.145727],[100.515723,20.144735],[100.518051,20.143908],[100.521185,20.143247],[100.523782,20.142834],[100.52611,20.143082],[100.528259,20.143578],[100.53005,20.1449],[100.531662,20.147049],[100.533095,20.149529],[100.535513,20.153248],[100.537125,20.155231],[100.539005,20.156884],[100.540707,20.159446],[100.54205,20.161595],[100.542766,20.163992],[100.543931,20.165645],[100.545005,20.168042],[100.546169,20.169364],[100.548408,20.17143],[100.55002,20.173744],[100.551184,20.174819],[100.552348,20.175232],[100.553423,20.17548],[100.555482,20.175067],[100.556288,20.174488],[100.557184,20.174075],[100.558706,20.174488],[100.559154,20.175397],[100.560049,20.175811],[100.563273,20.175976],[100.564885,20.175976],[100.566676,20.175067],[100.568288,20.174406],[100.572049,20.171596],[100.573661,20.170769],[100.576437,20.169777],[100.578138,20.16829],[100.578496,20.167794],[100.577332,20.166471],[100.577064,20.165728],[100.576884,20.163909],[100.576884,20.162339],[100.576974,20.161265],[100.576526,20.16019],[100.576705,20.158702],[100.576705,20.157215],[100.576347,20.15581],[100.576168,20.154487],[100.575541,20.153496],[100.575273,20.149859],[100.575004,20.148702],[100.574377,20.146636],[100.572407,20.144074],[100.572138,20.143826],[100.572228,20.14333],[100.573303,20.14176],[100.573392,20.141264],[100.573123,20.140437],[100.572586,20.139528],[100.571959,20.13804],[100.571243,20.136883],[100.571243,20.13614],[100.571422,20.135148],[100.571422,20.133743],[100.571332,20.133247],[100.570974,20.132751],[100.570795,20.13209],[100.570885,20.131015],[100.572138,20.126883],[100.571959,20.125809],[100.571332,20.123825],[100.570616,20.12242],[100.570079,20.120767],[100.5699,20.119527],[100.570258,20.11837],[100.569989,20.117626],[100.568825,20.115395],[100.568825,20.113825],[100.568915,20.112668],[100.569273,20.110023],[100.569631,20.108205],[100.569541,20.107543],[100.56981,20.106304],[100.570168,20.10556],[100.569721,20.104816],[100.569631,20.104403],[100.570258,20.103163],[100.569631,20.102832],[100.569094,20.102419],[100.568736,20.101675],[100.568736,20.100932],[100.569183,20.10027],[100.569989,20.098783],[100.569183,20.097626],[100.564706,20.093906],[100.564348,20.093411],[100.564258,20.092584],[100.5639,20.091592],[100.561393,20.087625],[100.560676,20.086633],[100.560139,20.083823],[100.560049,20.081509],[100.559781,20.080104],[100.560139,20.078038],[100.560676,20.077625],[100.560945,20.077046],[100.55996,20.074732],[100.55987,20.073823],[100.559333,20.072749],[100.559512,20.071757],[100.558885,20.071261],[100.558437,20.070187],[100.558527,20.068368],[100.558258,20.066054],[100.557721,20.064732],[100.557631,20.063657],[100.556826,20.06217],[100.556736,20.060021],[100.555751,20.05812],[100.555035,20.056384],[100.554229,20.054814],[100.553691,20.052583],[100.55387,20.051921],[100.55405,20.050516],[100.554408,20.049111],[100.554229,20.047458],[100.55396,20.046467],[100.553244,20.045557],[100.552259,20.044731],[100.551632,20.043822],[100.550736,20.043161],[100.550557,20.042499],[100.550468,20.04159],[100.550468,20.039524],[100.550199,20.037789],[100.551005,20.036797],[100.551632,20.035392],[100.551632,20.033243],[100.551721,20.031838],[100.551632,20.030846],[100.551274,20.030268],[100.55002,20.029937],[100.545632,20.026879],[100.543035,20.023408],[100.54205,20.022581],[100.541692,20.022168],[100.541602,20.020102],[100.540975,20.018036],[100.541423,20.016713],[100.542587,20.015722],[100.543304,20.014812],[100.543572,20.01349],[100.543662,20.011589],[100.542498,20.010267],[100.542408,20.009358],[100.542587,20.008449],[100.542319,20.007787],[100.541334,20.006134],[100.540975,20.005143],[100.540796,20.004399],[100.540975,20.003324],[100.540796,20.002746],[100.538558,20.001176],[100.538289,20.000514],[100.538289,20.000101],[100.537752,19.997959],[100.537125,19.996305],[100.536499,19.995561],[100.537484,19.994817],[100.537484,19.993246],[100.536499,19.99184],[100.535872,19.990269],[100.534708,19.989029],[100.533812,19.987788],[100.533275,19.98539],[100.532827,19.984481],[100.532917,19.983406],[100.532021,19.981918],[100.530588,19.980347],[100.530141,19.975055],[100.529962,19.974476],[100.529603,19.97398],[100.529066,19.971251],[100.528439,19.970259],[100.527006,19.968936],[100.526827,19.968026],[100.526021,19.966621],[100.525574,19.965215],[100.525753,19.963892],[100.525036,19.961329],[100.524857,19.960006],[100.525036,19.959509],[100.525842,19.959096],[100.525842,19.958683],[100.52432,19.957112],[100.522619,19.953804],[100.520738,19.950827],[100.519932,19.948016],[100.518141,19.946197],[100.517693,19.944626],[100.516887,19.942641],[100.516798,19.941236],[100.516081,19.939499],[100.515992,19.93892],[100.51635,19.937763],[100.516619,19.937349],[100.516529,19.936274],[100.516798,19.93553],[100.517425,19.934703],[100.51832,19.933794],[100.519305,19.93214],[100.520022,19.931644],[100.521007,19.93123],[100.521813,19.930734],[100.522081,19.92999],[100.52226,19.928915],[100.521902,19.927923],[100.521275,19.926931],[100.520917,19.92569],[100.521633,19.922135],[100.521096,19.919985],[100.52038,19.918083],[100.520559,19.916512],[100.519842,19.914445],[100.518857,19.913618],[100.518052,19.913122],[100.517425,19.912874],[100.517246,19.911386],[100.516171,19.910145],[100.51438,19.909484],[100.513932,19.909401],[100.514022,19.908905],[100.51438,19.908574],[100.516977,19.907417],[100.517693,19.906507],[100.518231,19.905101],[100.518678,19.904523],[100.52029,19.90353],[100.52029,19.903365],[100.519037,19.903282],[100.51832,19.902621],[100.517783,19.901711],[100.515455,19.899313],[100.51447,19.89766],[100.513753,19.896254],[100.513216,19.894931],[100.513037,19.89336],[100.512679,19.892368],[100.512589,19.891458],[100.51232,19.890714],[100.511604,19.890135],[100.510082,19.890052],[100.509544,19.889308],[100.509365,19.888564],[100.50838,19.888151],[100.507664,19.887572],[100.504351,19.885918],[100.503366,19.885587],[100.50247,19.885174],[100.501127,19.884264],[100.500769,19.883272],[100.500321,19.880874],[100.50041,19.878063],[100.500052,19.877649],[100.499873,19.87707],[100.499873,19.876244],[100.5005,19.875086],[100.500858,19.870704],[100.500769,19.870125],[100.5005,19.869381],[100.499963,19.868719],[100.497276,19.865906],[100.496559,19.864583],[100.495037,19.865327],[100.491903,19.865245],[100.489485,19.865906],[100.48653,19.864335],[100.479724,19.858795],[100.476769,19.857968],[100.473724,19.855983],[100.472023,19.855901],[100.467725,19.856645],[100.464143,19.857554],[100.462173,19.857389],[100.459217,19.854412],[100.455009,19.85127],[100.454071,19.850071],[100.453798,19.849934],[100.45305,19.85005],[100.451785,19.849782],[100.451158,19.849534],[100.44996,19.848819],[100.449278,19.847301],[100.447487,19.844572],[100.446412,19.84234],[100.44489,19.839942],[100.44283,19.837626],[100.442293,19.835559],[100.443009,19.833244],[100.444621,19.830763],[100.446591,19.829192],[100.447666,19.828448],[100.448472,19.827621],[100.44883,19.826959],[100.44883,19.825636],[100.448382,19.825223],[100.445427,19.823238],[100.444263,19.822329],[100.444084,19.821502],[100.444352,19.818029],[100.443725,19.814969],[100.442561,19.813812],[100.442293,19.812654],[100.441935,19.811744],[100.441845,19.810669],[100.441308,19.810173],[100.44086,19.809346],[100.44086,19.808023],[100.441666,19.807362],[100.442651,19.805873],[100.442293,19.804054],[100.439158,19.79438],[100.438442,19.791651],[100.438173,19.790989],[100.437368,19.790824],[100.436024,19.79008],[100.434233,19.788178],[100.433159,19.787434],[100.431815,19.787351],[100.428234,19.787599],[100.427428,19.787516],[100.423935,19.785532],[100.422323,19.78487],[100.420532,19.784622],[100.417667,19.783713],[100.416144,19.782638],[100.415159,19.781563],[100.413727,19.778421],[100.41301,19.775692],[100.412473,19.774038],[100.412115,19.772302],[100.412025,19.770896],[100.410861,19.768663],[100.409607,19.767175],[100.408622,19.765852],[100.407816,19.763536],[100.40719,19.761304],[100.406294,19.759071],[100.405846,19.757004],[100.403966,19.752539],[100.403787,19.750306],[100.404145,19.744355],[100.405578,19.73774],[100.406576,19.736062],[100.409787,19.735342],[100.41104,19.734846],[100.412831,19.733192],[100.414533,19.73253],[100.416951,19.731951],[100.417577,19.731455],[100.418562,19.728809],[100.419189,19.728148],[100.419906,19.727982],[100.422055,19.728561],[100.424025,19.728561],[100.425279,19.728148],[100.426443,19.726742],[100.428055,19.725254],[100.429846,19.722939],[100.430651,19.72145],[100.431637,19.720954],[100.433786,19.720789],[100.436114,19.719962],[100.437189,19.719218],[100.437726,19.718473],[100.439248,19.715827],[100.439517,19.714008],[100.439517,19.712189],[100.439785,19.711197],[100.440591,19.710784],[100.443457,19.709626],[100.444711,19.708386],[100.445696,19.707724],[100.446054,19.707063],[100.445964,19.706567],[100.44489,19.704003],[100.443726,19.701853],[100.441039,19.699207],[100.439069,19.697802],[100.437457,19.696479],[100.43692,19.695569],[100.435756,19.693998],[100.435218,19.692344],[100.433786,19.689533],[100.433248,19.687714],[100.432532,19.686391],[100.431547,19.685316],[100.430562,19.68391],[100.430025,19.683414],[100.429935,19.68267],[100.430472,19.679032],[100.430562,19.676882],[100.430025,19.675476],[100.42904,19.674319],[100.428323,19.673657],[100.427965,19.672996],[100.427875,19.672665],[100.428234,19.672334],[100.429756,19.671921],[100.432622,19.669771],[100.441576,19.664231],[100.443457,19.662164],[100.443726,19.661585],[100.443457,19.660675],[100.44292,19.659683],[100.443099,19.65712],[100.442561,19.656375],[100.442651,19.655383],[100.442561,19.652489],[100.443188,19.651745],[100.444442,19.649512],[100.444621,19.648686],[100.444352,19.647859],[100.443636,19.646949],[100.443188,19.645874],[100.443188,19.645213],[100.44292,19.644303],[100.442472,19.643559],[100.442114,19.642484],[100.442024,19.641409],[100.442561,19.640334],[100.442472,19.639259],[100.44292,19.638184],[100.443009,19.634794],[100.443546,19.634215],[100.445069,19.631817],[100.445785,19.630164],[100.446412,19.629006],[100.447487,19.627435],[100.448293,19.627352],[100.449636,19.628014],[100.451427,19.62851],[100.455456,19.627766],[100.45671,19.626939],[100.457516,19.625202],[100.458412,19.623714],[100.459128,19.622143],[100.459486,19.620985],[100.459397,19.61958],[100.459755,19.618588],[100.462441,19.617595],[100.467456,19.614619],[100.469605,19.613792],[100.471844,19.613709],[100.476053,19.613213],[100.478023,19.612634],[100.479097,19.611559],[100.481336,19.609988],[100.483217,19.609161],[100.483306,19.608748],[100.482948,19.608169],[100.482321,19.607425],[100.481873,19.606433],[100.481605,19.605358],[100.482232,19.603704],[100.483306,19.601885],[100.485814,19.598164],[100.486888,19.595849],[100.487157,19.593781],[100.486799,19.592541],[100.486082,19.590805],[100.484202,19.58758],[100.484202,19.587084],[100.48456,19.586588],[100.486351,19.584851],[100.488052,19.583942],[100.489127,19.583115],[100.490739,19.580386],[100.491097,19.578567],[100.491186,19.577244],[100.49047,19.574846],[100.489664,19.573771],[100.489485,19.573027],[100.489485,19.572117],[100.489754,19.569802],[100.489037,19.5679],[100.485276,19.563022],[100.482411,19.560955],[100.481605,19.560293],[100.480709,19.558639],[100.480799,19.558143],[100.481873,19.554753],[100.482679,19.552851],[100.482858,19.550867],[100.482858,19.549875],[100.482411,19.548221],[100.482948,19.547559],[100.48456,19.546567],[100.485187,19.545658],[100.485187,19.544169],[100.485545,19.54326],[100.48644,19.542681],[100.491186,19.540696],[100.495843,19.539291],[100.496649,19.539291],[100.497365,19.539704],[100.498082,19.539208],[100.498798,19.538464],[100.500052,19.538133],[100.501037,19.538212],[100.503276,19.534822],[100.504888,19.533747],[100.506321,19.53292],[100.508291,19.531101],[100.509544,19.529199],[100.51044,19.526967],[100.511693,19.524569],[100.513037,19.523328],[100.515992,19.522749],[100.518768,19.522501],[100.519753,19.522253],[100.520111,19.521261],[100.520917,19.520186],[100.523245,19.51878],[100.52432,19.518863],[100.525573,19.519442],[100.526469,19.520103],[100.529155,19.519855],[100.53014,19.520847],[100.531215,19.522253],[100.531842,19.523494],[100.532916,19.524238],[100.53614,19.523494],[100.538827,19.52308],[100.54008,19.522419],[100.541334,19.521426],[100.543035,19.520269],[100.545095,19.519194],[100.546528,19.519359],[100.547871,19.51969],[100.548946,19.519442],[100.549752,19.518863],[100.550826,19.517871],[100.551364,19.516878],[100.55405,19.514067],[100.555483,19.512413],[100.556916,19.510511],[100.557811,19.50985],[100.56005,19.509023],[100.564975,19.507534],[100.566676,19.506873],[100.571333,19.502821],[100.572497,19.501498],[100.573124,19.500919],[100.573393,19.499927],[100.574332,19.49939],[100.575183,19.499101],[100.575989,19.499018],[100.577825,19.499555],[100.579258,19.499101],[100.580467,19.498852],[100.581273,19.499431],[100.581899,19.499721],[100.582302,19.500051],[100.583512,19.502738],[100.586108,19.504062],[100.588616,19.505633],[100.590496,19.506129],[100.593631,19.505881],[100.594705,19.506956],[100.596407,19.507121],[100.597302,19.509188],[100.598598,19.510026],[100.59929,19.511801],[100.599434,19.512993],[100.59968,19.513891],[100.599934,19.514295],[100.601042,19.515494],[100.601491,19.517385],[100.601153,19.520103],[100.601421,19.521509],[100.602138,19.523631],[100.602585,19.525726],[100.602474,19.528361],[100.602622,19.529722],[100.602833,19.530281],[100.603465,19.53134],[100.604176,19.531995],[100.6053,19.532569],[100.609296,19.533356],[100.610022,19.533709],[100.61042,19.534165],[100.610787,19.535025],[100.610982,19.536291],[100.610913,19.538212],[100.610498,19.540027],[100.609122,19.542347],[100.607958,19.545076],[100.607895,19.546618],[100.607985,19.547107],[100.608148,19.547479],[100.608469,19.547857],[100.609159,19.548431],[100.612812,19.550748],[100.614034,19.551097],[100.61625,19.551314],[100.617316,19.551535],[100.618974,19.55223],[100.621601,19.552796],[100.622385,19.553278],[100.622713,19.553315],[100.624087,19.552726],[100.624781,19.552771],[100.62532,19.553135],[100.6261,19.554242],[100.627162,19.555194],[100.628559,19.555819],[100.630292,19.556084],[100.633422,19.556055],[100.634733,19.556165],[100.636528,19.556591],[100.638058,19.556077],[100.641133,19.555503],[100.642694,19.554915],[100.644817,19.554826],[100.646019,19.555385],[100.647986,19.556121],[100.649578,19.556547],[100.650858,19.556989],[100.651732,19.55718],[100.652388,19.556959],[100.653653,19.555518],[100.655822,19.553591],[100.65704,19.552752],[100.657945,19.552267],[100.658523,19.551737],[100.659475,19.548972],[100.660014,19.548207],[100.660377,19.547938],[100.660915,19.547688],[100.66138,19.547604],[100.661844,19.547677],[100.662863,19.548288],[100.663592,19.548626],[100.664299,19.549284],[100.664865,19.549601],[100.665747,19.549803],[100.666469,19.549817],[100.668307,19.549339],[100.668697,19.549343],[100.67027,19.549648],[100.671429,19.549722],[100.67209,19.54973],[100.672806,19.549575],[100.673485,19.549008],[100.674235,19.547559],[100.674672,19.547184],[100.675687,19.546861],[100.680214,19.545794],[100.681962,19.545132],[100.683105,19.544422],[100.683617,19.543771],[100.684378,19.542241],[100.684666,19.541896],[100.685123,19.541664],[100.687476,19.541245],[100.688698,19.540546],[100.689556,19.540156],[100.691601,19.539557],[100.691956,19.539307],[100.692253,19.538943],[100.69303,19.536476],[100.693584,19.536019],[100.696714,19.534967],[100.698595,19.534672],[100.70053,19.534525],[100.702294,19.534525],[100.703824,19.534768],[100.704667,19.535143],[100.705752,19.535798],[100.706579,19.536063],[100.70736,19.535974],[100.708039,19.535732],[100.708539,19.535386],[100.708898,19.534871],[100.709328,19.533912],[100.711161,19.531061],[100.7117,19.530524],[100.712121,19.530384],[100.712597,19.530457],[100.713307,19.530928],[100.713846,19.531039],[100.714291,19.530943],[100.714907,19.530641],[100.715626,19.530023],[100.717725,19.528582],[100.721909,19.52703],[100.722713,19.526926],[100.724734,19.527361],[100.725374,19.527309],[100.728371,19.526779],[100.729503,19.526272],[100.732618,19.524594],[100.733453,19.52394],[100.733991,19.523241],[100.734459,19.522035],[100.734842,19.521292],[100.735185,19.521137],[100.736653,19.521343],[100.737402,19.521328],[100.740649,19.520534],[100.740891,19.519997],[100.741063,19.51921],[100.741211,19.518437],[100.741367,19.516657],[100.741554,19.516355],[100.742507,19.515987],[100.743389,19.515848],[100.744036,19.515642],[100.74893,19.513258],[100.750351,19.51239],[100.751412,19.511551],[100.7527,19.510757],[100.753301,19.510771],[100.755682,19.511183],[100.757141,19.511971],[100.757563,19.512132],[100.757813,19.51214],[100.758858,19.511213],[100.759467,19.510146],[100.759655,19.509212],[100.759022,19.507159],[100.757766,19.505886],[100.756689,19.50504],[100.756525,19.504805],[100.756689,19.504253],[100.757204,19.5034],[100.759467,19.502046],[100.760583,19.501818],[100.763482,19.501478],[100.764236,19.5012],[100.765259,19.499919],[100.765399,19.498897],[100.765524,19.496719],[100.765805,19.495909],[100.765883,19.494387],[100.76632,19.491068],[100.766625,19.490185],[100.767147,19.489464],[100.768069,19.488682],[100.770134,19.487276],[100.771432,19.487359],[100.772283,19.488599],[100.774387,19.489963],[100.775238,19.491204],[100.778954,19.492609],[100.780163,19.494098],[100.78088,19.494718],[100.781641,19.495793],[100.782715,19.497075],[100.783029,19.499101],[100.783541,19.499948],[100.784034,19.501064],[100.784526,19.50123],[100.785422,19.501767],[100.785915,19.502346],[100.786452,19.50338],[100.787974,19.505034],[100.788467,19.505819],[100.789273,19.506853],[100.789899,19.50801],[100.790661,19.509085],[100.791825,19.509954],[100.792452,19.510822],[100.79384,19.511855],[100.79487,19.512145],[100.795586,19.512765],[100.796258,19.513592],[100.796661,19.513799],[100.797108,19.51384],[100.797825,19.513675],[100.798944,19.513633],[100.799705,19.513757],[100.800511,19.514129],[100.801854,19.514915],[100.80266,19.515494],[100.803377,19.516279],[100.804496,19.517313],[100.806824,19.518801],[100.808078,19.520207],[100.808929,19.52091],[100.810854,19.52215],[100.811571,19.522894],[100.812197,19.523391],[100.813138,19.523763],[100.81372,19.524093],[100.815332,19.52459],[100.816003,19.524672],[100.81663,19.52521],[100.816944,19.526037],[100.816988,19.526781],[100.817212,19.527442],[100.817436,19.527732],[100.817884,19.528683],[100.8186,19.529634],[100.819003,19.530502],[100.819272,19.53166],[100.819361,19.53261],[100.819764,19.533107],[100.820302,19.533479],[100.823033,19.535091],[100.823615,19.535587],[100.824914,19.537034],[100.825899,19.539019],[100.826033,19.539887],[100.82666,19.542285],[100.826794,19.543277],[100.826973,19.543567],[100.827287,19.543774],[100.829302,19.543815],[100.830107,19.544063],[100.831003,19.5446],[100.832033,19.545427],[100.832481,19.54613],[100.833779,19.549024],[100.834406,19.550099],[100.834719,19.550885],[100.835122,19.551174],[100.836197,19.551505],[100.837854,19.552167],[100.838704,19.552828],[100.839107,19.553448],[100.839913,19.557417],[100.840361,19.558244],[100.840809,19.558988],[100.841883,19.560022],[100.844212,19.563371],[100.844659,19.563908],[100.845465,19.564611],[100.846988,19.565728],[100.847883,19.568208],[100.848779,19.568994],[100.849361,19.569366],[100.850525,19.569738],[100.85142,19.569821],[100.853256,19.569614],[100.853659,19.569779],[100.854152,19.570193],[100.854555,19.57073],[100.855181,19.571102],[100.85751,19.571764],[100.859211,19.572591],[100.859883,19.573294],[100.86042,19.573955],[100.860734,19.574617],[100.861002,19.575857],[100.860644,19.576725],[100.860152,19.577387],[100.858987,19.578627],[100.858405,19.580281],[100.858316,19.581108],[100.858584,19.581728],[100.859077,19.582224],[100.861226,19.582968],[100.865435,19.584788],[100.866062,19.585573],[100.866554,19.586359],[100.866689,19.58702],[100.865748,19.588385],[100.865211,19.588963],[100.865211,19.589294],[100.86539,19.589625],[100.866957,19.589335],[100.868032,19.589377],[100.868748,19.589625],[100.869644,19.59041],[100.871032,19.592726],[100.871345,19.593677],[100.871211,19.595413],[100.871077,19.595868],[100.871211,19.59624],[100.873494,19.597315],[100.873942,19.598101],[100.873763,19.599217],[100.872912,19.600168],[100.872957,19.600374],[100.873271,19.600457],[100.87533,19.600209],[100.876315,19.600333],[100.878106,19.601077],[100.878599,19.601698],[100.878688,19.602359],[100.877793,19.60422],[100.877703,19.604798],[100.878285,19.605584],[100.878957,19.605956],[100.880256,19.605749],[100.880972,19.605419],[100.881733,19.605377],[100.882449,19.605667],[100.882987,19.60608],[100.883255,19.606783],[100.883569,19.608892],[100.883614,19.609966],[100.884017,19.611744],[100.884375,19.61253],[100.884688,19.61377],[100.885584,19.616168],[100.886121,19.617202],[100.886793,19.618235],[100.886882,19.618938],[100.886524,19.620633],[100.886972,19.622039],[100.887285,19.623486],[100.888673,19.626132],[100.88939,19.627207],[100.890061,19.628489],[100.891539,19.630639],[100.892255,19.632251],[100.892255,19.632995],[100.89239,19.633409],[100.892793,19.63407],[100.896061,19.633202],[100.897001,19.633368],[100.900046,19.632665],[100.900986,19.632293],[100.902061,19.631631],[100.903673,19.630887],[100.905106,19.630349],[100.906046,19.629771],[100.907568,19.629316],[100.908285,19.628944],[100.908016,19.627786],[100.90824,19.627414],[100.908956,19.627001],[100.910076,19.626711],[100.911643,19.626876],[100.912673,19.626876],[100.913658,19.626463],[100.913702,19.625843],[100.913837,19.625388],[100.91424,19.625181],[100.915538,19.62423],[100.915762,19.6239],[100.916031,19.622659],[100.916434,19.621874],[100.916792,19.621543],[100.917374,19.621543],[100.918314,19.621956],[100.919478,19.622701],[100.920016,19.623114],[100.920419,19.623734],[100.920956,19.624354],[100.921896,19.624809],[100.923105,19.625223],[100.92521,19.625802],[100.926016,19.625843],[100.927269,19.625636],[100.928926,19.625553],[100.929777,19.625264],[100.930135,19.624975],[100.930314,19.624396],[100.930627,19.624024],[100.931747,19.623404],[100.932508,19.622825],[100.933314,19.622618],[100.933806,19.62237],[100.934389,19.622329],[100.934791,19.622577],[100.93618,19.623941],[100.93712,19.625057],[100.937612,19.625471],[100.938373,19.62576],[100.939806,19.625719],[100.940657,19.625553],[100.941687,19.625223],[100.942538,19.625181],[100.943478,19.625553],[100.94397,19.625512],[100.94612,19.624561],[100.947866,19.624065],[100.94894,19.624189],[100.950552,19.624933],[100.951358,19.624768],[100.95306,19.624065],[100.953687,19.6239],[100.954403,19.623941],[100.957269,19.625016],[100.958254,19.625016],[100.959239,19.624727],[100.960403,19.624727],[100.961254,19.624561],[100.962283,19.624272],[100.965641,19.623031],[100.967298,19.622618],[100.967835,19.620964],[100.968641,19.620716],[100.971328,19.6196],[100.972403,19.61931],[100.973119,19.619228],[100.973925,19.619228],[100.974417,19.619558],[100.974865,19.620137],[100.975402,19.621419],[100.976835,19.623279],[100.977776,19.623817],[100.979253,19.624437],[100.980283,19.625016],[100.980865,19.626752],[100.981447,19.627207],[100.982208,19.627373],[100.982746,19.627207],[100.983283,19.62667],[100.984223,19.62605],[100.985387,19.625636],[100.986596,19.62576],[100.987357,19.625595],[100.988477,19.625181],[100.98973,19.624933],[100.990492,19.624892],[100.99179,19.625471],[100.993044,19.625223],[100.993939,19.62514],[100.996626,19.626298],[100.9977,19.626091],[100.998372,19.625843],[100.999984,19.624396],[100.999984,19.624313],[101.000887,19.623442],[101.001234,19.622287],[101.00186,19.621838],[101.003041,19.621774],[101.005125,19.622031],[101.006097,19.62357],[101.009501,19.622415],[101.01089,19.622415],[101.011307,19.621902],[101.011446,19.620619],[101.013113,19.620427],[101.014016,19.619914],[101.014711,19.61985],[101.015544,19.620684],[101.015961,19.621453],[101.017837,19.621902],[101.01999,19.622736],[101.020407,19.623827],[101.020824,19.62543],[101.021588,19.626585],[101.022769,19.627419],[101.023047,19.628509],[101.023047,19.629279],[101.023741,19.629856],[101.02527,19.629984],[101.027354,19.629535],[101.028743,19.628958],[101.029368,19.628445],[101.030896,19.628381],[101.03437,19.628766],[101.035342,19.628509],[101.036106,19.628252],[101.036593,19.626585],[101.037704,19.624725],[101.038815,19.624083],[101.039927,19.625045],[101.041247,19.625366],[101.042775,19.625174],[101.043331,19.624981],[101.04479,19.623698],[101.045623,19.623121],[101.047082,19.62248],[101.049583,19.620812],[101.052361,19.619786],[101.053403,19.619721],[101.054098,19.619786],[101.054306,19.621004],[101.054932,19.621389],[101.055904,19.621517],[101.056529,19.621068],[101.058058,19.619593],[101.058961,19.619657],[101.061322,19.619593],[101.062851,19.618759],[101.063059,19.618246],[101.063059,19.617925],[101.06292,19.617605],[101.06167,19.616771],[101.063406,19.615616],[101.064796,19.614526],[101.06688,19.612601],[101.06688,19.611703],[101.066741,19.611062],[101.066949,19.609651],[101.067644,19.608689],[101.067991,19.608368],[101.067713,19.60747],[101.067296,19.606829],[101.066393,19.605738],[101.066254,19.605353],[101.066393,19.604904],[101.066949,19.604519],[101.06813,19.603493],[101.069867,19.602723],[101.070561,19.602531],[101.070909,19.602595],[101.071603,19.60298],[101.072159,19.603621],[101.073062,19.60407],[101.074035,19.604134],[101.076049,19.604455],[101.077091,19.604776],[101.078064,19.604583],[101.078967,19.604134],[101.080287,19.603685],[101.08119,19.603044],[101.082301,19.602018],[101.082648,19.601505],[101.083274,19.600991],[101.084385,19.600607],[101.085705,19.600029],[101.089317,19.597399],[101.09029,19.596437],[101.090637,19.595603],[101.090081,19.592781],[101.090081,19.59214],[101.091193,19.590279],[101.091471,19.589125],[101.09154,19.588227],[101.091471,19.587714],[101.09154,19.587329],[101.091748,19.58688],[101.092165,19.586623],[101.093207,19.586238],[101.097306,19.58425],[101.098417,19.584186],[101.099112,19.584314],[101.099529,19.584763],[101.099806,19.585469],[101.100084,19.585854],[101.100848,19.58611],[101.102794,19.585854],[101.106823,19.584635],[101.108003,19.584699],[101.109393,19.584635],[101.110643,19.584891],[101.111268,19.585148],[101.112171,19.585212],[101.112658,19.585405],[101.113352,19.585405],[101.115436,19.58425],[101.116409,19.583801],[101.117173,19.583031],[101.118007,19.581043],[101.117798,19.580465],[101.117312,19.57976],[101.116409,19.579247],[101.1162,19.578926],[101.116339,19.578477],[101.116756,19.5779],[101.117451,19.577322],[101.119118,19.5745],[101.120994,19.573089],[101.122036,19.57264],[101.1228,19.572127],[101.123842,19.572383],[101.125023,19.572897],[101.125856,19.57373],[101.12794,19.57527],[101.128565,19.575462],[101.129677,19.575526],[101.131761,19.576424],[101.132525,19.576489],[101.133984,19.576424],[101.136207,19.576873],[101.13711,19.577258],[101.13836,19.577964],[101.139471,19.578349],[101.140166,19.578734],[101.141,19.578926],[101.142111,19.57822],[101.143639,19.577643],[101.145584,19.577387],[101.146279,19.577451],[101.147252,19.577771],[101.148502,19.578349],[101.1501,19.579503],[101.151142,19.57976],[101.153851,19.581043],[101.155171,19.581107],[101.156699,19.581299],[101.159339,19.580658],[101.160311,19.580722],[101.161006,19.580914],[101.162604,19.58239],[101.163298,19.582711],[101.164062,19.582711],[101.164688,19.582454],[101.16566,19.581428],[101.166355,19.580979],[101.166841,19.580914],[101.167188,19.581171],[101.167258,19.581684],[101.168439,19.584891],[101.169411,19.585854],[101.169898,19.585854],[101.171565,19.584763],[101.172676,19.584186],[101.173579,19.583031],[101.174413,19.582326],[101.175663,19.581556],[101.177469,19.580016],[101.178094,19.57976],[101.178581,19.579439],[101.178928,19.578862],[101.179136,19.578156],[101.181429,19.577836],[101.183791,19.578285],[101.184763,19.578798],[101.185597,19.579054],[101.187056,19.579054],[101.189765,19.578092],[101.191085,19.577002],[101.191779,19.576553],[101.192752,19.57636],[101.197545,19.576745],[101.19824,19.577002],[101.199073,19.578798],[101.199559,19.579311],[101.200393,19.58085],[101.201088,19.58239],[101.202755,19.584827],[101.204214,19.587265],[101.20463,19.588227],[101.20463,19.589125],[101.204144,19.58983],[101.203241,19.590536],[101.202824,19.590985],[101.202616,19.591755],[101.203033,19.592845],[101.203241,19.594064],[101.203102,19.594641],[101.20338,19.59509],[101.203797,19.595411],[101.204422,19.595603],[101.20463,19.595924],[101.204491,19.596437],[101.203588,19.596822],[101.203311,19.598041],[101.203311,19.598811],[101.20345,19.599388],[101.204005,19.600029],[101.205464,19.600863],[101.205881,19.601633],[101.205742,19.602531],[101.205742,19.603621],[101.206714,19.605225],[101.207479,19.605417],[101.208451,19.605289],[101.209493,19.604583],[101.210118,19.603942],[101.211369,19.603429],[101.213175,19.603429],[101.214634,19.603044],[101.215675,19.602531],[101.217621,19.601825],[101.219149,19.602531],[101.219843,19.602595],[101.220955,19.602338],[101.22165,19.602467],[101.222969,19.603365],[101.22415,19.604519],[101.224914,19.604776],[101.225887,19.604776],[101.226304,19.604583],[101.227693,19.602723],[101.228318,19.602659],[101.229291,19.602916],[101.230611,19.602852],[101.231375,19.602659],[101.232972,19.602082],[101.233737,19.602274],[101.235682,19.602338],[101.237349,19.603236],[101.237766,19.603365],[101.23853,19.603108],[101.239294,19.602531],[101.23985,19.602338],[101.241725,19.602274],[101.24235,19.602531],[101.242906,19.603236],[101.24374,19.603621],[101.244504,19.603044],[101.246032,19.60035],[101.246102,19.597399],[101.245963,19.596181],[101.24631,19.595283],[101.24631,19.594513],[101.246866,19.594385],[101.24763,19.594641],[101.248533,19.594513],[101.249505,19.594128],[101.250061,19.594],[101.252422,19.593037],[101.255062,19.591305],[101.256243,19.590792],[101.25923,19.593294],[101.261105,19.593615],[101.262147,19.593166],[101.26312,19.59246],[101.264162,19.591434],[101.264718,19.590536],[101.265343,19.590087],[101.267218,19.589381],[101.268747,19.588611],[101.270066,19.587521],[101.271386,19.586623],[101.272289,19.586687],[101.27354,19.586495],[101.274512,19.586174],[101.275207,19.585661],[101.275902,19.584955],[101.276666,19.583865],[101.27736,19.583223],[101.277916,19.582903],[101.27875,19.582582],[101.280347,19.582582],[101.280834,19.582389],[101.281111,19.581876],[101.281042,19.581235],[101.280556,19.580209],[101.279931,19.579375],[101.279792,19.578669],[101.280139,19.577258],[101.280625,19.576552],[101.282779,19.574885],[101.284793,19.571806],[101.286738,19.570202],[101.287433,19.569433],[101.28785,19.56815],[101.287641,19.567444],[101.286321,19.565456],[101.284793,19.563595],[101.284237,19.562441],[101.282918,19.560709],[101.281667,19.559747],[101.280417,19.558528],[101.279444,19.557117],[101.278055,19.555578],[101.276944,19.555193],[101.276527,19.55468],[101.275693,19.553268],[101.275276,19.552755],[101.274651,19.552435],[101.273887,19.550574],[101.274165,19.549227],[101.275068,19.548329],[101.275485,19.547752],[101.27611,19.545315],[101.276735,19.54339],[101.277013,19.542941],[101.277638,19.542557],[101.278819,19.54153],[101.279236,19.540825],[101.279722,19.540247],[101.280417,19.537361],[101.281945,19.53595],[101.284654,19.534539],[101.284863,19.533961],[101.284793,19.531716],[101.284932,19.531075],[101.28521,19.528381],[101.285141,19.527162],[101.285071,19.526521],[101.284793,19.525815],[101.284029,19.524917],[101.282987,19.524019],[101.281737,19.523442],[101.280486,19.522672],[101.279028,19.521389],[101.278333,19.52062],[101.277638,19.519401],[101.27743,19.51831],[101.276944,19.516963],[101.275832,19.515424],[101.275346,19.513692],[101.275276,19.512986],[101.27486,19.512602],[101.274721,19.512345],[101.274304,19.512024],[101.273748,19.511768],[101.272359,19.511704],[101.271386,19.511768],[101.270831,19.511511],[101.270205,19.510934],[101.269997,19.510549],[101.270066,19.509908],[101.270483,19.50901],[101.270414,19.507791],[101.269858,19.507085],[101.269233,19.506059],[101.267982,19.504455],[101.267774,19.503878],[101.267427,19.503429],[101.267427,19.503173],[101.267705,19.502595],[101.268121,19.502018],[101.268052,19.501569],[101.268191,19.50112],[101.268538,19.500799],[101.268469,19.499901],[101.267809,19.498586],[101.267601,19.497752],[101.267531,19.497111],[101.268157,19.495956],[101.268157,19.495314],[101.267115,19.493326],[101.266837,19.492428],[101.266767,19.491145],[101.266906,19.489862],[101.267323,19.488708],[101.269615,19.485308],[101.269893,19.484731],[101.26899,19.483256],[101.26899,19.482293],[101.268434,19.480882],[101.26767,19.479792],[101.265795,19.476136],[101.265795,19.474468],[101.266073,19.471966],[101.266351,19.470748],[101.266351,19.470363],[101.266073,19.470106],[101.264128,19.470491],[101.259404,19.472159],[101.255167,19.473442],[101.253986,19.473634],[101.253013,19.473634],[101.252179,19.473442],[101.250999,19.472993],[101.250026,19.472864],[101.247637,19.474195],[101.246953,19.474385],[101.245927,19.474195],[101.243465,19.472427],[101.240524,19.472679],[101.238541,19.473121],[101.237515,19.47369],[101.237036,19.474763],[101.236899,19.475963],[101.237036,19.4771],[101.236762,19.477732],[101.236489,19.477921],[101.235873,19.477921],[101.234847,19.477479],[101.233548,19.47729],[101.231154,19.477479],[101.228897,19.477037],[101.227666,19.476216],[101.227119,19.475711],[101.22664,19.472869],[101.226093,19.472427],[101.225409,19.472174],[101.224178,19.472048],[101.22322,19.472111],[101.2224,19.472427],[101.22151,19.473121],[101.220827,19.473816],[101.220348,19.474132],[101.219732,19.474258],[101.217954,19.472995],[101.21727,19.472806],[101.216381,19.472995],[101.21597,19.473311],[101.214808,19.474827],[101.214397,19.475584],[101.214124,19.475774],[101.213782,19.475837],[101.212277,19.4747],[101.211251,19.473753],[101.210499,19.473311],[101.210157,19.472806],[101.210157,19.472364],[101.210841,19.471416],[101.21132,19.470532],[101.211456,19.469837],[101.210704,19.46788],[101.211456,19.464533],[101.21132,19.464154],[101.211114,19.463838],[101.208515,19.462448],[101.208037,19.462006],[101.206532,19.459291],[101.205164,19.458722],[101.205027,19.458533],[101.204959,19.458217],[101.20619,19.457017],[101.207968,19.455754],[101.208994,19.454681],[101.209268,19.454238],[101.208379,19.451775],[101.208105,19.450512],[101.2079,19.448934],[101.20831,19.448555],[101.209952,19.44786],[101.210704,19.447292],[101.211593,19.445965],[101.212414,19.444955],[101.212551,19.444386],[101.212482,19.443944],[101.212072,19.44325],[101.210636,19.441987],[101.210499,19.441355],[101.210499,19.43965],[101.210157,19.438008],[101.210157,19.437629],[101.212961,19.435608],[101.213782,19.434534],[101.214192,19.43384],[101.214876,19.433082],[101.215355,19.431945],[101.215218,19.43144],[101.214055,19.430493],[101.212482,19.428409],[101.212209,19.427588],[101.211388,19.426451],[101.210704,19.425756],[101.210089,19.424872],[101.208721,19.423483],[101.208857,19.422662],[101.208721,19.42203],[101.208379,19.421714],[101.2079,19.42083],[101.207558,19.419504],[101.207353,19.418304],[101.206806,19.417357],[101.206532,19.416978],[101.205438,19.416346],[101.204343,19.415904],[101.203796,19.415083],[101.203523,19.414388],[101.203523,19.413567],[101.203249,19.413062],[101.202907,19.412494],[101.201471,19.41161],[101.20106,19.410473],[101.200377,19.409652],[101.200171,19.409083],[101.199966,19.408073],[101.19894,19.40662],[101.197983,19.405989],[101.197094,19.406115],[101.196136,19.406368],[101.195315,19.406178],[101.194631,19.405736],[101.194837,19.40441],[101.195247,19.402831],[101.195589,19.401694],[101.19641,19.399547],[101.196341,19.399358],[101.195726,19.399042],[101.195042,19.399231],[101.194221,19.399674],[101.192238,19.401379],[101.191759,19.401947],[101.191212,19.4022],[101.190596,19.4022],[101.190117,19.401189],[101.189433,19.400684],[101.188339,19.400621],[101.18745,19.400242],[101.186834,19.399484],[101.18704,19.397905],[101.188066,19.394811],[101.188271,19.393295],[101.188339,19.391779],[101.188134,19.390579],[101.188339,19.389506],[101.188613,19.388811],[101.189639,19.387422],[101.190323,19.386285],[101.190459,19.38559],[101.189844,19.38338],[101.190459,19.37757],[101.191212,19.376875],[101.19169,19.375991],[101.1934,19.375359],[101.194768,19.374349],[101.195452,19.374033],[101.196273,19.373402],[101.198256,19.371002],[101.198803,19.370118],[101.199282,19.366897],[101.199966,19.36576],[101.200787,19.364623],[101.201608,19.364307],[101.202086,19.363802],[101.202565,19.362981],[101.203728,19.359066],[101.204275,19.357803],[101.20448,19.356792],[101.204207,19.354013],[101.204207,19.352561],[101.204412,19.35174],[101.205096,19.350161],[101.205643,19.349466],[101.206874,19.348898],[101.208926,19.348329],[101.212072,19.347887],[101.213508,19.348014],[101.214603,19.347319],[101.216654,19.346245],[101.217749,19.345551],[101.219595,19.343719],[101.220006,19.343782],[101.220553,19.344667],[101.22069,19.345172],[101.2211,19.345298],[101.2224,19.345172],[101.22322,19.344667],[101.224109,19.34454],[101.225204,19.344793],[101.226024,19.345614],[101.226845,19.346624],[101.227871,19.347319],[101.228487,19.347193],[101.229376,19.345993],[101.23047,19.344161],[101.231222,19.342014],[101.232043,19.338351],[101.232727,19.337151],[101.232864,19.335825],[101.233138,19.334688],[101.233753,19.334436],[101.234916,19.333551],[101.236968,19.33172],[101.240114,19.328625],[101.241003,19.327362],[101.241892,19.324584],[101.241482,19.324394],[101.238951,19.324078],[101.236489,19.323257],[101.235326,19.322436],[101.234505,19.321489],[101.23389,19.320352],[101.233343,19.320037],[101.232043,19.3189],[101.231291,19.317889],[101.230949,19.316816],[101.230949,19.315868],[101.230744,19.314479],[101.23047,19.313847],[101.229786,19.31309],[101.229171,19.312079],[101.228418,19.311258],[101.227598,19.310058],[101.227187,19.308921],[101.227392,19.307848],[101.227324,19.30469],[101.227598,19.304122],[101.228418,19.301785],[101.228487,19.30008],[101.229307,19.297112],[101.231975,19.293322],[101.232864,19.291744],[101.233685,19.290859],[101.234847,19.290102],[101.236284,19.287702],[101.23731,19.286691],[101.239088,19.285302],[101.239635,19.284607],[101.239909,19.283976],[101.239635,19.283344],[101.238472,19.281576],[101.239019,19.280692],[101.239293,19.279555],[101.239635,19.278797],[101.240456,19.277597],[101.240524,19.276587],[101.240319,19.27545],[101.241071,19.273366],[101.241824,19.270524],[101.24285,19.268945],[101.243192,19.267808],[101.243328,19.266987],[101.242781,19.265472],[101.242986,19.264019],[101.243807,19.262693],[101.244628,19.261872],[101.245243,19.260735],[101.246406,19.258019],[101.246816,19.25682],[101.247364,19.255746],[101.247364,19.253851],[101.247569,19.252336],[101.248663,19.249048],[101.248595,19.248227],[101.248116,19.246901],[101.249073,19.245322],[101.249757,19.244691],[101.249757,19.243554],[101.250099,19.242986],[101.250099,19.242163],[101.250646,19.241531],[101.251877,19.240584],[101.25304,19.239953],[101.253724,19.239258],[101.254134,19.238437],[101.254134,19.23749],[101.255023,19.236163],[101.255023,19.2349],[101.255297,19.234332],[101.257827,19.232753],[101.258853,19.231806],[101.259537,19.230795],[101.259469,19.229658],[101.258922,19.228143],[101.257964,19.22688],[101.255365,19.223027],[101.254408,19.221512],[101.253792,19.220122],[101.254134,19.219175],[101.254271,19.218101],[101.253929,19.216712],[101.253929,19.215133],[101.253519,19.213617],[101.253587,19.210839],[101.253177,19.209891],[101.252151,19.208691],[101.251056,19.207113],[101.250441,19.205913],[101.250372,19.204902],[101.250988,19.204081],[101.251193,19.202818],[101.251262,19.201492],[101.251877,19.200229],[101.252629,19.197576],[101.252287,19.194987],[101.252561,19.193534],[101.251877,19.190629],[101.250099,19.188294],[101.24921,19.186842],[101.248595,19.186021],[101.247432,19.184947],[101.245038,19.181221],[101.24538,19.179958],[101.246611,19.178569],[101.247569,19.177685],[101.247569,19.176485],[101.247774,19.175664],[101.248595,19.174464],[101.250031,19.172695],[101.252698,19.171304],[101.253177,19.170168],[101.252424,19.168399],[101.252424,19.167578],[101.252903,19.164421],[101.252971,19.162779],[101.253724,19.161579],[101.253861,19.160884],[101.253997,19.159305],[101.254544,19.157979],[101.254955,19.157347],[101.254955,19.156905],[101.254818,19.1564],[101.254408,19.155832],[101.254339,19.155011],[101.254476,19.154],[101.254818,19.153053],[101.256733,19.151285],[101.257485,19.150337],[101.257896,19.149643],[101.257964,19.148885],[101.257759,19.145916],[101.257896,19.143706],[101.257691,19.142317],[101.257691,19.141369],[101.257759,19.140738],[101.258169,19.140422],[101.258648,19.139727],[101.258511,19.139159],[101.256938,19.136949],[101.256323,19.135559],[101.255297,19.134486],[101.25475,19.133601],[101.254339,19.132528],[101.254202,19.131454],[101.254339,19.130823],[101.255776,19.128675],[101.256049,19.128044],[101.256459,19.125265],[101.256665,19.124507],[101.257075,19.124192],[101.258648,19.124318],[101.259469,19.124192],[101.260221,19.12356],[101.260495,19.122992],[101.260632,19.122234],[101.261863,19.121602],[101.262615,19.121539],[101.263504,19.121034],[101.26412,19.120213],[101.265009,19.11876],[101.266172,19.117245],[101.269249,19.115982],[101.270617,19.114592],[101.271643,19.113961],[101.273011,19.113582],[101.275131,19.113203],[101.279577,19.111687],[101.28115,19.111245],[101.283202,19.110929],[101.284296,19.11055],[101.285527,19.109666],[101.28628,19.108845],[101.28628,19.107772],[101.286143,19.107203],[101.288879,19.104551],[101.289562,19.104298],[101.292709,19.104298],[101.293666,19.103982],[101.294487,19.103351],[101.296334,19.100951],[101.296812,19.099688],[101.29777,19.097667],[101.29818,19.097099],[101.298112,19.09672],[101.297633,19.096214],[101.296744,19.095646],[101.296539,19.095267],[101.296812,19.094699],[101.297975,19.093688],[101.299753,19.092741],[101.301258,19.091667],[101.302352,19.091099],[101.303857,19.090088],[101.305088,19.088889],[101.307071,19.087247],[101.308371,19.086678],[101.309328,19.08611],[101.310354,19.085289],[101.315552,19.080173],[101.316373,19.079668],[101.317057,19.079731],[101.317878,19.079921],[101.319451,19.080805],[101.320135,19.080994],[101.321708,19.080868],[101.324512,19.080426],[101.325333,19.080173],[101.32588,19.079668],[101.326222,19.079163],[101.325812,19.078152],[101.325743,19.077205],[101.325333,19.076068],[101.325333,19.075247],[101.325606,19.074616],[101.326564,19.072911],[101.326974,19.072342],[101.330599,19.072595],[101.331557,19.072153],[101.332377,19.071584],[101.332446,19.070511],[101.332228,19.069468],[101.332377,19.06849],[101.332925,19.067795],[101.333745,19.067732],[101.335318,19.068364],[101.336481,19.068995],[101.337302,19.069248],[101.337712,19.0695],[101.338054,19.069942],[101.338259,19.070574],[101.338601,19.070637],[101.340243,19.069879],[101.341542,19.068427],[101.342021,19.067669],[101.342431,19.066153],[101.342979,19.064764],[101.343526,19.062869],[101.344141,19.061859],[101.34462,19.061227],[101.345304,19.060975],[101.346467,19.060785],[101.347082,19.060154],[101.347629,19.059333],[101.34845,19.057248],[101.34845,19.05668],[101.348655,19.055859],[101.350023,19.053586],[101.350228,19.052765],[101.35057,19.051944],[101.351528,19.051565],[101.352691,19.051312],[101.354127,19.051375],[101.355358,19.051123],[101.357205,19.050238],[101.357205,19.049923],[101.356863,19.049481],[101.356179,19.049165],[101.355426,19.049038],[101.354674,19.049038],[101.354332,19.048849],[101.354127,19.048217],[101.3544,19.047586],[101.355016,19.046891],[101.35529,19.046197],[101.355221,19.045628],[101.354674,19.04487],[101.354127,19.044428],[101.353238,19.044049],[101.352622,19.043418],[101.352827,19.042723],[101.352349,19.041523],[101.351049,19.040323],[101.350639,19.038176],[101.350365,19.037418],[101.349408,19.036597],[101.348724,19.036155],[101.348587,19.03565],[101.348587,19.03426],[101.348792,19.033376],[101.348108,19.031987],[101.347903,19.031292],[101.347287,19.030534],[101.34633,19.029966],[101.34592,19.029461],[101.346125,19.02845],[101.345988,19.02744],[101.345578,19.026493],[101.345441,19.025798],[101.344415,19.024724],[101.342979,19.024282],[101.342295,19.023966],[101.341542,19.023082],[101.340927,19.022072],[101.340448,19.021061],[101.340106,19.019925],[101.339696,19.018977],[101.339696,19.018535],[101.340106,19.017588],[101.340174,19.013293],[101.339764,19.012346],[101.339559,19.011525],[101.339832,19.010515],[101.33949,19.00982],[101.338533,19.008999],[101.337986,19.008052],[101.33737,19.007231],[101.336755,19.006599],[101.336481,19.006157],[101.336481,19.005147],[101.335455,19.00401],[101.332651,19.003568],[101.331215,19.003694],[101.327932,19.003315],[101.327043,19.002431],[101.325538,19.002368],[101.323555,19.002494],[101.32205,19.003062],[101.320272,19.00262],[101.319246,19.002178],[101.317878,19.002115],[101.31521,19.002368],[101.313159,19.001673],[101.311927,19.002494],[101.31097,19.00281],[101.310149,19.002494],[101.309602,19.001989],[101.308781,19.000726],[101.308064,18.999128],[101.306627,18.998434],[101.305943,18.996981],[101.305943,18.996097],[101.306285,18.994139],[101.306422,18.992055],[101.305807,18.989466],[101.305259,18.988203],[101.304644,18.987571],[101.302729,18.987382],[101.30095,18.987382],[101.30013,18.986876],[101.299035,18.985613],[101.29712,18.984666],[101.293837,18.982266],[101.293222,18.981698],[101.292606,18.98094],[101.292538,18.978414],[101.291991,18.977782],[101.291238,18.97734],[101.291101,18.976835],[101.291443,18.975635],[101.292196,18.975003],[101.293359,18.97374],[101.294111,18.972667],[101.294316,18.971972],[101.293769,18.971214],[101.293769,18.970141],[101.293222,18.970014],[101.292469,18.969446],[101.291991,18.968246],[101.292059,18.96572],[101.294179,18.963383],[101.294384,18.962373],[101.294726,18.961299],[101.295479,18.960099],[101.295889,18.95871],[101.295958,18.95732],[101.2963,18.955994],[101.296642,18.955173],[101.29671,18.954542],[101.296642,18.9541],[101.296368,18.953847],[101.295,18.953468],[101.294042,18.952647],[101.29329,18.9517],[101.293153,18.950879],[101.294248,18.949489],[101.295274,18.948668],[101.295752,18.947847],[101.2963,18.945826],[101.29671,18.944753],[101.296915,18.943174],[101.296163,18.941595],[101.295342,18.939511],[101.294042,18.93768],[101.292469,18.936164],[101.290691,18.935217],[101.289323,18.934711],[101.288229,18.934711],[101.286109,18.935659],[101.284604,18.935974],[101.282894,18.936038],[101.281663,18.935659],[101.2805,18.93509],[101.279474,18.934206],[101.27879,18.93269],[101.278585,18.932059],[101.278653,18.931806],[101.27838,18.931554],[101.27496,18.930606],[101.274276,18.930227],[101.274139,18.929912],[101.274413,18.928143],[101.274276,18.925996],[101.27455,18.925365],[101.275302,18.924291],[101.275849,18.922965],[101.275918,18.92126],[101.275712,18.919744],[101.275165,18.918607],[101.274413,18.917344],[101.273729,18.91646],[101.271198,18.915197],[101.268531,18.91305],[101.266889,18.912292],[101.266069,18.912039],[101.26559,18.911534],[101.265043,18.91065],[101.264359,18.910334],[101.261896,18.910334],[101.259776,18.908818],[101.258887,18.908502],[101.258271,18.907934],[101.257519,18.907492],[101.257177,18.906987],[101.256835,18.90686],[101.25533,18.90686],[101.253621,18.905976],[101.252047,18.902313],[101.251295,18.901492],[101.249996,18.899282],[101.250064,18.899471],[101.248998,18.896142],[101.248321,18.89373],[101.24716,18.891006],[101.246,18.889354],[101.245758,18.88864],[101.24571,18.8873],[101.245855,18.886228],[101.246145,18.885558],[101.248515,18.884085],[101.248515,18.881495],[101.24866,18.880468],[101.248901,18.879843],[101.249433,18.879083],[101.249433,18.878637],[101.24895,18.876717],[101.249385,18.874931],[101.250067,18.874291],[101.251334,18.872787],[101.251997,18.871506],[101.251997,18.870002],[101.252057,18.86978],[101.251876,18.868889],[101.251635,18.86861],[101.251695,18.86822],[101.25254,18.867496],[101.253505,18.866327],[101.25447,18.865658],[101.25459,18.864712],[101.253203,18.864266],[101.252479,18.863709],[101.251957,18.862802],[101.252057,18.861983],[101.252419,18.861259],[101.253083,18.860646],[101.253384,18.859978],[101.253565,18.858307],[101.253625,18.856803],[101.253927,18.855968],[101.252238,18.854854],[101.252419,18.853406],[101.252902,18.852348],[101.253264,18.850956],[101.254048,18.849396],[101.254289,18.847391],[101.253867,18.846556],[101.253203,18.845721],[101.252057,18.844941],[101.251032,18.843827],[101.25067,18.843159],[101.250549,18.841432],[101.250308,18.840875],[101.250007,18.840485],[101.248273,18.840635],[101.246919,18.839742],[101.245951,18.838537],[101.245371,18.837286],[101.245468,18.834964],[101.24542,18.834294],[101.245178,18.833982],[101.244114,18.833669],[101.243292,18.833089],[101.242953,18.832419],[101.242808,18.83166],[101.243147,18.830811],[101.243679,18.829963],[101.244694,18.829025],[101.246048,18.826971],[101.246193,18.826256],[101.246967,18.826167],[101.247596,18.825542],[101.247644,18.824738],[101.247257,18.82197],[101.24716,18.820585],[101.247547,18.81871],[101.248079,18.817727],[101.24866,18.816924],[101.249192,18.816388],[101.250007,18.816037],[101.251635,18.815702],[101.253143,18.813809],[101.253686,18.812639],[101.255254,18.811414],[101.257124,18.8103],[101.25839,18.809409],[101.258451,18.808685],[101.258209,18.807961],[101.256822,18.806959],[101.255133,18.805344],[101.254289,18.803896],[101.253686,18.801612],[101.253203,18.801],[101.2526,18.800554],[101.252299,18.79944],[101.252479,18.798438],[101.252479,18.796433],[101.251273,18.794873],[101.250007,18.793036],[101.248901,18.790711],[101.249095,18.789327],[101.249724,18.787407],[101.250007,18.786798],[101.250791,18.786241],[101.251756,18.785796],[101.252238,18.785406],[101.252178,18.784515],[101.251937,18.783735],[101.251514,18.782955],[101.250791,18.78212],[101.250127,18.781619],[101.250067,18.780728],[101.250308,18.780282],[101.251032,18.779447],[101.25073,18.778778],[101.250368,18.778221],[101.249946,18.777887],[101.249143,18.776511],[101.249143,18.775841],[101.24953,18.774769],[101.250007,18.773933],[101.252118,18.772708],[101.2526,18.772262],[101.25266,18.771817],[101.252299,18.77126],[101.251695,18.770703],[101.250007,18.770313],[101.247644,18.770506],[101.246193,18.771042],[101.244356,18.771018],[101.243679,18.770304],[101.242131,18.767714],[101.24068,18.766106],[101.239665,18.763159],[101.238601,18.760881],[101.237489,18.759051],[101.23744,18.758247],[101.237585,18.756595],[101.237924,18.754362],[101.238553,18.75137],[101.238504,18.750834],[101.237344,18.748157],[101.23657,18.745925],[101.236183,18.744585],[101.236183,18.742799],[101.235989,18.741906],[101.235603,18.741013],[101.235022,18.740209],[101.233475,18.739495],[101.229993,18.738423],[101.229026,18.737708],[101.226801,18.735744],[101.224287,18.734136],[101.223803,18.733243],[101.223803,18.731903],[101.2239,18.731278],[101.22506,18.729939],[101.226414,18.728599],[101.227188,18.727349],[101.227575,18.726456],[101.227962,18.72583],[101.228445,18.725473],[101.229219,18.725116],[101.229509,18.724759],[101.229606,18.724134],[101.229993,18.723508],[101.230283,18.72333],[101.23154,18.723151],[101.232217,18.722794],[101.232701,18.722258],[101.233281,18.721276],[101.233475,18.720115],[101.233378,18.719758],[101.232604,18.718954],[101.232314,18.718507],[101.232121,18.717525],[101.232217,18.716453],[101.233088,18.713953],[101.233862,18.712792],[101.234249,18.711809],[101.235119,18.711452],[101.236376,18.711452],[101.237827,18.711809],[101.240052,18.711452],[101.241116,18.711452],[101.242276,18.711988],[101.243437,18.712077],[101.244694,18.711988],[101.248563,18.710648],[101.249337,18.710112],[101.250691,18.708792],[101.253109,18.70589],[101.253882,18.705622],[101.254995,18.705622],[101.256687,18.70589],[101.257122,18.705756],[101.259395,18.701782],[101.260362,18.700755],[101.261668,18.699862],[101.264328,18.700041],[101.265247,18.699862],[101.266891,18.698835],[101.267568,18.698299],[101.268293,18.697406],[101.268873,18.695888],[101.269647,18.694772],[101.270759,18.693611],[101.27105,18.692941],[101.270856,18.691065],[101.271388,18.690172],[101.272307,18.689235],[101.272742,18.688609],[101.272355,18.688074],[101.271291,18.687984],[101.269696,18.687627],[101.268632,18.687225],[101.267471,18.686645],[101.266842,18.685975],[101.266601,18.685261],[101.266601,18.684055],[101.266456,18.683206],[101.265827,18.682537],[101.264134,18.681465],[101.263264,18.680795],[101.26249,18.679768],[101.261281,18.678607],[101.25925,18.678295],[101.25867,18.67633],[101.258815,18.674589],[101.258235,18.671552],[101.258186,18.669721],[101.257558,18.668426],[101.25659,18.667266],[101.255188,18.66673],[101.253737,18.665658],[101.253205,18.664006],[101.251126,18.658871],[101.250014,18.656974],[101.24924,18.656081],[101.247209,18.65492],[101.246532,18.654652],[101.245565,18.654563],[101.244501,18.653938],[101.242373,18.65233],[101.241599,18.651348],[101.241212,18.650544],[101.241019,18.649204],[101.241212,18.64724],[101.242566,18.643667],[101.242663,18.642596],[101.242566,18.641167],[101.241696,18.639381],[101.238311,18.636166],[101.235989,18.635719],[101.235216,18.635451],[101.234732,18.635005],[101.234055,18.632683],[101.233185,18.631611],[101.231057,18.630093],[101.229122,18.628574],[101.227865,18.626699],[101.226995,18.625181],[101.226124,18.624288],[101.225447,18.623752],[101.224964,18.623573],[101.2239,18.623573],[101.221578,18.623752],[101.219064,18.624377],[101.217516,18.623752],[101.215292,18.620805],[101.213164,18.618929],[101.21239,18.618661],[101.210939,18.618393],[101.209585,18.618304],[101.206394,18.618393],[101.204072,18.618215],[101.202331,18.617947],[101.200494,18.616518],[101.196238,18.615268],[101.195174,18.615268],[101.193336,18.615625],[101.191596,18.615714],[101.190628,18.615535],[101.188017,18.614196],[101.185986,18.612946],[101.185019,18.612499],[101.183761,18.612499],[101.182794,18.612588],[101.181924,18.612231],[101.180473,18.609284],[101.179216,18.605533],[101.179119,18.604819],[101.179409,18.604461],[101.181537,18.603658],[101.181924,18.6033],[101.18202,18.602229],[101.181247,18.599371],[101.180376,18.596959],[101.18086,18.596245],[101.18086,18.59562],[101.180666,18.59437],[101.18057,18.592851],[101.180183,18.591154],[101.179796,18.588029],[101.18202,18.587314],[101.182601,18.586689],[101.183665,18.584814],[101.186469,18.580616],[101.18676,18.579634],[101.186663,18.578383],[101.186179,18.577937],[101.185406,18.576955],[101.185115,18.576061],[101.184922,18.574275],[101.185115,18.572936],[101.184729,18.571328],[101.184245,18.570256],[101.183761,18.569989],[101.182794,18.569274],[101.182214,18.569095],[101.18173,18.568292],[101.181634,18.567309],[101.181634,18.565702],[101.182311,18.563558],[101.182794,18.561683],[101.183278,18.560522],[101.182601,18.559897],[101.179796,18.558289],[101.179022,18.5582],[101.178248,18.558379],[101.176217,18.559718],[101.175347,18.560075],[101.173896,18.559807],[101.172349,18.559004],[101.171768,18.558379],[101.170801,18.55686],[101.170317,18.556503],[101.16848,18.557128],[101.166449,18.557039],[101.164031,18.556324],[101.162386,18.555342],[101.160162,18.55436],[101.158421,18.555253],[101.157647,18.555431],[101.155713,18.554896],[101.155133,18.554449],[101.154262,18.554449],[101.152618,18.554092],[101.151747,18.554002],[101.148459,18.552395],[101.147975,18.551502],[101.147879,18.550966],[101.147879,18.550341],[101.148459,18.54918],[101.148749,18.54784],[101.149329,18.546679],[101.149329,18.546054],[101.149233,18.54525],[101.148652,18.544268],[101.148266,18.543107],[101.148266,18.541946],[101.147879,18.541499],[101.146428,18.540964],[101.145267,18.54016],[101.144977,18.539624],[101.144397,18.538999],[101.142946,18.538731],[101.142559,18.538374],[101.141882,18.537927],[101.141592,18.537391],[101.141689,18.53623],[101.141979,18.535605],[101.141979,18.53498],[101.140238,18.533908],[101.139367,18.532479],[101.139271,18.531318],[101.139077,18.530247],[101.138787,18.529264],[101.138787,18.528818],[101.138594,18.528282],[101.138013,18.528014],[101.136466,18.527657],[101.134628,18.527389],[101.132694,18.526853],[101.131727,18.526228],[101.13105,18.525603],[101.129309,18.525067],[101.128438,18.524888],[101.127761,18.524531],[101.126697,18.524531],[101.123989,18.525156],[101.122538,18.526138],[101.12012,18.526942],[101.118476,18.527389],[101.117025,18.527567],[101.115671,18.527299],[101.114124,18.526853],[101.113253,18.526317],[101.111996,18.525871],[101.109578,18.525871],[101.108804,18.525603],[101.108321,18.525067],[101.10745,18.524352],[101.107063,18.523459],[101.106676,18.522923],[101.105806,18.522566],[101.104645,18.522298],[101.103581,18.521494],[101.102614,18.51953],[101.102518,18.517744],[101.10068,18.514618],[101.100003,18.513278],[101.099423,18.51176],[101.098649,18.510599],[101.098347,18.508084],[101.097875,18.507027],[101.097875,18.506312],[101.098649,18.504437],[101.098552,18.503454],[101.098165,18.50274],[101.097682,18.502293],[101.096328,18.501936],[101.09536,18.5014],[101.092169,18.50015],[101.091492,18.499232],[101.091106,18.491373],[101.091976,18.4899],[101.092556,18.488292],[101.093185,18.48597],[101.093572,18.484854],[101.093862,18.483425],[101.09391,18.481103],[101.093814,18.480433],[101.093282,18.479138],[101.092943,18.478647],[101.092024,18.478067],[101.091396,18.477799],[101.089123,18.477486],[101.083755,18.476147],[101.082884,18.475611],[101.082304,18.475075],[101.081385,18.472485],[101.08066,18.471235],[101.078484,18.469047],[101.077275,18.468064],[101.076308,18.467395],[101.075147,18.466903],[101.074276,18.466368],[101.073551,18.463822],[101.072971,18.462885],[101.07181,18.462126],[101.070069,18.461634],[101.068377,18.461009],[101.067313,18.460072],[101.066926,18.458509],[101.066539,18.456142],[101.066345,18.45574],[101.064556,18.455517],[101.063444,18.454847],[101.062719,18.453865],[101.062525,18.452213],[101.062187,18.451186],[101.061074,18.450248],[101.059624,18.449489],[101.059237,18.448641],[101.058656,18.446765],[101.058173,18.445649],[101.057447,18.444488],[101.05619,18.44355],[101.054546,18.442523],[101.054111,18.442121],[101.053965,18.441317],[101.054111,18.440603],[101.05619,18.437656],[101.056674,18.436227],[101.056577,18.435066],[101.055948,18.433548],[101.054207,18.431003],[101.05382,18.430199],[101.053482,18.429083],[101.052708,18.427475],[101.052418,18.426359],[101.052563,18.425332],[101.053047,18.424617],[101.054352,18.423546],[101.056335,18.423233],[101.057544,18.422787],[101.05972,18.420956],[101.062573,18.418277],[101.06591,18.41466],[101.067845,18.412159],[101.068618,18.410418],[101.069247,18.409302],[101.070408,18.408721],[101.071762,18.408275],[101.073309,18.407917],[101.07534,18.407783],[101.076888,18.407024],[101.078194,18.405819],[101.079499,18.404033],[101.081289,18.400773],[101.082836,18.398183],[101.083658,18.396263],[101.084093,18.394566],[101.083271,18.393227],[101.082498,18.392423],[101.082594,18.391217],[101.082981,18.389253],[101.083223,18.387109],[101.083078,18.385636],[101.082788,18.384653],[101.082933,18.383894],[101.083513,18.382689],[101.084529,18.381081],[101.085416,18.381016],[101.086463,18.380277],[101.088011,18.379742],[101.088978,18.380009],[101.091734,18.381126],[101.093717,18.38126],[101.094732,18.380769],[101.099375,18.375946],[101.100729,18.375187],[101.102228,18.37474],[101.104163,18.374517],[101.106049,18.374606],[101.106967,18.374071],[101.108031,18.37282],[101.109095,18.371258],[101.109917,18.370722],[101.110788,18.370677],[101.11219,18.37157],[101.112916,18.371525],[101.113641,18.370543],[101.11456,18.369605],[101.115285,18.369427],[101.116252,18.370722],[101.116688,18.371079],[101.119492,18.370722],[101.121814,18.369873],[101.122491,18.369427],[101.123313,18.368043],[101.124473,18.367596],[101.126843,18.36706],[101.127665,18.367194],[101.128607,18.368246],[101.129126,18.368396],[101.12994,18.368205],[101.130744,18.367287],[101.1309,18.366714],[101.130865,18.366026],[101.130557,18.365329],[101.129894,18.36448],[101.129537,18.364224],[101.128759,18.362856],[101.128587,18.362131],[101.1288,18.361764],[101.129149,18.361423],[101.130094,18.360841],[101.13044,18.360214],[101.131275,18.359557],[101.13387,18.358268],[101.134304,18.358158],[101.134957,18.358203],[101.136325,18.358889],[101.137389,18.359162],[101.137796,18.359106],[101.138202,18.358919],[101.138576,18.358396],[101.138648,18.357616],[101.138933,18.357147],[101.140529,18.35679],[101.141448,18.356344],[101.14198,18.355942],[101.142512,18.354156],[101.14343,18.35161],[101.144156,18.35103],[101.14551,18.350807],[101.146574,18.350539],[101.146912,18.349914],[101.146767,18.348976],[101.146816,18.347726],[101.147251,18.34719],[101.148508,18.34652],[101.149572,18.346252],[101.150829,18.346297],[101.151748,18.347547],[101.15257,18.348217],[101.153634,18.348619],[101.155085,18.348574],[101.156149,18.348306],[101.157793,18.347324],[101.159002,18.346967],[101.160211,18.345806],[101.161275,18.345136],[101.162919,18.344868],[101.164128,18.344868],[101.165386,18.345404],[101.166111,18.345984],[101.167223,18.346341],[101.168094,18.346207],[101.168722,18.345672],[101.169206,18.345002],[101.170125,18.344779],[101.171237,18.344823],[101.171866,18.344555],[101.174187,18.342546],[101.175154,18.341831],[101.177185,18.341072],[101.178394,18.341206],[101.179555,18.341608],[101.180474,18.341653],[101.181779,18.341117],[101.182166,18.340537],[101.182311,18.339911],[101.181876,18.338884],[101.180909,18.337054],[101.180425,18.335714],[101.180425,18.33433],[101.18028,18.333258],[101.180522,18.332633],[101.181779,18.331963],[101.181973,18.331293],[101.180425,18.32723],[101.179942,18.326605],[101.179216,18.326158],[101.177862,18.326069],[101.176992,18.325757],[101.175928,18.325176],[101.175589,18.324238],[101.175444,18.322988],[101.175589,18.321738],[101.174816,18.320845],[101.173945,18.320175],[101.172736,18.319996],[101.170995,18.320666],[101.169206,18.320755],[101.168432,18.32022],[101.168045,18.319639],[101.167707,18.318389],[101.166304,18.316558],[101.165386,18.313388],[101.16379,18.311914],[101.162726,18.311155],[101.161759,18.310843],[101.160695,18.310351],[101.159969,18.30986],[101.159679,18.30919],[101.159437,18.306065],[101.159727,18.305261],[101.16055,18.304725],[101.16113,18.304457],[101.160936,18.303921],[101.160018,18.303252],[101.157841,18.30218],[101.156246,18.301242],[101.154408,18.301064],[101.153247,18.300483],[101.151458,18.298518],[101.150878,18.298117],[101.149959,18.297759],[101.149814,18.296554],[101.149185,18.295884],[101.148363,18.294634],[101.148363,18.293339],[101.148943,18.292624],[101.152087,18.290079],[101.154698,18.286686],[101.155762,18.285569],[101.156101,18.284855],[101.156294,18.283247],[101.157019,18.28231],[101.158035,18.282399],[101.158905,18.282667],[101.159824,18.282577],[101.160646,18.282086],[101.160936,18.281684],[101.161275,18.280747],[101.162097,18.27963],[101.163161,18.278559],[101.163306,18.277755],[101.163209,18.277398],[101.160259,18.275031],[101.154505,18.269985],[101.153247,18.269807],[101.151651,18.268824],[101.150781,18.267976],[101.149669,18.266279],[101.149572,18.264315],[101.1458,18.26043],[101.144204,18.258599],[101.144252,18.258063],[101.144978,18.256858],[101.147493,18.254893],[101.149717,18.254044],[101.15141,18.253151],[101.152522,18.252303],[101.153876,18.251142],[101.154553,18.250294],[101.15494,18.249936],[101.155327,18.249222],[101.156342,18.248275],[101.157358,18.248141],[101.158373,18.247203],[101.159002,18.24631],[101.159631,18.245105],[101.160066,18.24381],[101.159969,18.24305],[101.159534,18.241979],[101.159147,18.241264],[101.159486,18.24055],[101.161759,18.238004],[101.162097,18.237067],[101.162145,18.235146],[101.162291,18.233762],[101.162968,18.232958],[101.16495,18.232378],[101.166014,18.231708],[101.166498,18.231038],[101.166594,18.230145],[101.166014,18.224742],[101.16524,18.224027],[101.164612,18.223938],[101.164467,18.223313],[101.16408,18.222956],[101.163886,18.222241],[101.163886,18.221839],[101.165144,18.220634],[101.165192,18.220008],[101.164999,18.21916],[101.165047,18.218356],[101.165386,18.217731],[101.166063,18.217106],[101.16703,18.216793],[101.168481,18.216838],[101.169399,18.216615],[101.171092,18.21657],[101.173316,18.217106],[101.17409,18.218088],[101.175541,18.219606],[101.175976,18.220589],[101.176266,18.221482],[101.176798,18.222464],[101.177379,18.223179],[101.177959,18.223804],[101.178636,18.224251],[101.17941,18.224295],[101.18028,18.223581],[101.181586,18.223357],[101.18265,18.223268],[101.183085,18.222911],[101.183375,18.222107],[101.183665,18.221571],[101.185503,18.220544],[101.188259,18.217106],[101.189082,18.216257],[101.192225,18.213667],[101.19266,18.213042],[101.192467,18.212194],[101.189082,18.207014],[101.188066,18.204692],[101.186083,18.200941],[101.184101,18.196564],[101.183714,18.195403],[101.184246,18.192858],[101.184294,18.192054],[101.184101,18.191206],[101.183665,18.190268],[101.182069,18.187544],[101.180232,18.185267],[101.179748,18.184508],[101.179071,18.183213],[101.178346,18.182096],[101.177766,18.180757],[101.177669,18.179908],[101.177137,18.178211],[101.176653,18.177363],[101.176557,18.176693],[101.176702,18.175844],[101.177185,18.174951],[101.177911,18.174237],[101.178346,18.173433],[101.178201,18.172406],[101.177427,18.170486],[101.175734,18.16803],[101.174139,18.166288],[101.173365,18.164993],[101.172833,18.163743],[101.17293,18.163028],[101.173316,18.162716],[101.174477,18.16352],[101.174864,18.163162],[101.174961,18.162493],[101.174042,18.160974],[101.173703,18.159501],[101.172833,18.157447],[101.171962,18.15575],[101.170415,18.150838],[101.169931,18.148337],[101.169641,18.144988],[101.169206,18.142576],[101.168529,18.139986],[101.167272,18.13695],[101.165917,18.134315],[101.165192,18.132618],[101.163209,18.129091],[101.162,18.126411],[101.161033,18.12467],[101.160936,18.123643],[101.160936,18.123107],[101.16113,18.12275],[101.162194,18.122348],[101.162532,18.121812],[101.162726,18.118954],[101.163064,18.117436],[101.163983,18.115649],[101.165724,18.113595],[101.166063,18.112881],[101.166063,18.11172],[101.165289,18.109308],[101.164612,18.107612],[101.164418,18.106317],[101.164467,18.105334],[101.165095,18.103905],[101.166353,18.102208],[101.166691,18.101181],[101.167126,18.099306],[101.167803,18.098368],[101.169689,18.095287],[101.170947,18.093679],[101.172349,18.091357],[101.174284,18.089392],[101.174477,18.088544],[101.173897,18.087561],[101.172398,18.086847],[101.171962,18.086311],[101.172011,18.085463],[101.172784,18.082962],[101.172591,18.08064],[101.172301,18.079032],[101.172204,18.077693],[101.172543,18.07671],[101.174284,18.073093],[101.175783,18.071441],[101.176605,18.071084],[101.178926,18.071575],[101.179893,18.071173],[101.183278,18.067556],[101.18381,18.066752],[101.184052,18.066082],[101.183956,18.0651],[101.18323,18.063582],[101.182698,18.062778],[101.181296,18.061349],[101.18028,18.059786],[101.179361,18.057955],[101.178346,18.056347],[101.177427,18.055231],[101.176266,18.054159],[101.175493,18.053043],[101.175589,18.052507],[101.176025,18.05215],[101.17733,18.051346],[101.177185,18.050498],[101.175638,18.049024],[101.172446,18.046389],[101.17143,18.045139],[101.169931,18.042728],[101.168819,18.041388],[101.168384,18.040406],[101.168287,18.039512],[101.167368,18.038218],[101.163886,18.034645],[101.162677,18.03335],[101.162,18.032502],[101.161662,18.031341],[101.161227,18.030492],[101.160646,18.029867],[101.160066,18.029599],[101.159341,18.029778],[101.157455,18.034243],[101.156391,18.036565],[101.155182,18.037503],[101.154021,18.037905],[101.152087,18.037637],[101.151071,18.037012],[101.149717,18.03594],[101.148943,18.034868],[101.147347,18.032323],[101.146138,18.030671],[101.145026,18.029331],[101.144011,18.028527],[101.14314,18.02817],[101.141786,18.027902],[101.140916,18.027277],[101.140287,18.02625],[101.139803,18.02491],[101.139417,18.021829],[101.139078,18.020311],[101.138111,18.019105],[101.136418,18.01781],[101.133565,18.015131],[101.132356,18.013077],[101.131872,18.011558],[101.13105,18.009415],[101.130083,18.007361],[101.129116,18.005932],[101.12665,18.003029],[101.125682,18.002181],[101.12457,18.0016],[101.122878,18.000931],[101.12162,18.000127],[101.121575,17.998379],[101.119821,17.99424],[101.119431,17.987943],[101.118457,17.985604],[101.11836,17.980476],[101.11758,17.977687],[101.117385,17.975888],[101.118847,17.973279],[101.117873,17.97139],[101.117288,17.97049],[101.116606,17.97049],[101.114463,17.972199],[101.114755,17.97058],[101.115924,17.968871],[101.115924,17.967341],[101.115632,17.966532],[101.117093,17.963743],[101.116996,17.962304],[101.116314,17.960234],[101.116119,17.958615],[101.117483,17.956456],[101.117385,17.953397],[101.117483,17.951958],[101.116703,17.951058],[101.112611,17.949889],[101.11076,17.949169],[101.106863,17.948179],[101.104915,17.94737],[101.102284,17.94557],[101.101602,17.943951],[101.100433,17.942332],[101.098972,17.939993],[101.095367,17.937654],[101.094295,17.935944],[101.0941,17.934775],[101.095075,17.933605],[101.095464,17.931896],[101.094782,17.931266],[101.092347,17.930816],[101.091373,17.930277],[101.090009,17.929197],[101.089619,17.927488],[101.088645,17.925329],[101.087183,17.924789],[101.08504,17.924789],[101.082702,17.924609],[101.080266,17.924339],[101.077246,17.923799],[101.076369,17.92299],[101.075492,17.92173],[101.07481,17.92119],[101.073056,17.92074],[101.071692,17.920561],[101.070816,17.919931],[101.070621,17.919301],[101.070523,17.916602],[101.070231,17.915882],[101.070718,17.914803],[101.070523,17.914173],[101.070231,17.913813],[101.069646,17.913633],[101.06877,17.914623],[101.067016,17.913993],[101.066042,17.914083],[101.065457,17.914443],[101.065262,17.916062],[101.064191,17.916782],[101.062632,17.915882],[101.06117,17.914623],[101.059904,17.914083],[101.059027,17.913813],[101.056884,17.913993],[101.054351,17.913813],[101.051915,17.913184],[101.051038,17.913184],[101.050356,17.913993],[101.048018,17.913453],[101.047238,17.913453],[101.046069,17.912374],[101.044803,17.910395],[101.043731,17.909675],[101.041198,17.908326],[101.038762,17.907426],[101.037691,17.906796],[101.037009,17.906076],[101.034768,17.904997],[101.033306,17.904547],[101.032137,17.903288],[101.031163,17.901758],[101.030871,17.901038],[101.029896,17.900769],[101.02863,17.901488],[101.028045,17.901038],[101.027363,17.899059],[101.026974,17.89762],[101.025805,17.89645],[101.023953,17.895011],[101.02142,17.893841],[101.019764,17.892582],[101.018624,17.890785],[101.017621,17.888174],[101.016841,17.885475],[101.016354,17.884395],[101.017621,17.883046],[101.021128,17.883046],[101.020825,17.882529],[101.018498,17.880707],[101.016841,17.878368],[101.017718,17.877288],[101.020154,17.875309],[101.024538,17.87288],[101.026487,17.871441],[101.028045,17.869551],[101.028533,17.868292],[101.02863,17.865683],[101.029117,17.864963],[101.031163,17.862984],[101.032235,17.861725],[101.034183,17.860825],[101.034573,17.860105],[101.034573,17.859655],[101.033501,17.859296],[101.032819,17.858576],[101.032819,17.857586],[101.033501,17.856507],[101.032722,17.853898],[101.032722,17.852458],[101.032917,17.851829],[101.032624,17.851019],[101.030189,17.84715],[101.030091,17.845981],[101.030676,17.843822],[101.030578,17.842202],[101.029507,17.839594],[101.029117,17.838334],[101.029507,17.837524],[101.030676,17.836985],[101.031553,17.836445],[101.03165,17.835185],[101.03204,17.834106],[101.032137,17.833296],[101.030968,17.832127],[101.030871,17.830957],[101.030384,17.830237],[101.029409,17.829338],[101.028435,17.828798],[101.025999,17.828438],[101.023661,17.829158],[101.021031,17.829248],[101.019764,17.828258],[101.018498,17.829068],[101.017134,17.828798],[101.015867,17.827089],[101.015088,17.826549],[101.013724,17.826459],[101.011775,17.825739],[101.008852,17.825019],[101.006514,17.82394],[101.005735,17.82376],[101.004176,17.82475],[101.002715,17.82457],[101.000863,17.82322],[100.999889,17.821781],[100.998623,17.820795],[100.998525,17.819625],[100.99911,17.818546],[100.999694,17.817826],[100.999889,17.817106],[100.999694,17.816476],[100.998817,17.815127],[100.995992,17.811618],[100.994823,17.809909],[100.992972,17.806221],[100.992485,17.804961],[100.992874,17.803881],[100.993654,17.802802],[100.997259,17.801093],[100.998428,17.799833],[100.999207,17.798484],[100.999402,17.797584],[100.99989,17.796684],[101.001936,17.795245],[101.003105,17.794075],[101.003105,17.792816],[101.002423,17.791376],[101.002812,17.789937],[101.004079,17.787868],[101.005443,17.786968],[101.006417,17.785439],[101.006612,17.78427],[101.004371,17.781661],[101.003884,17.780041],[101.003299,17.778512],[101.003202,17.777073],[101.002617,17.775993],[101.001838,17.774644],[101.000669,17.773744],[101.000031,17.772621],[100.999158,17.771336],[100.998572,17.770252],[100.997931,17.770055],[100.996864,17.770498],[100.996064,17.771139],[100.99521,17.771089],[100.994036,17.770203],[100.992916,17.769119],[100.991422,17.768232],[100.988967,17.767887],[100.982084,17.767936],[100.981284,17.767444],[100.98043,17.766704],[100.977976,17.76296],[100.977442,17.761876],[100.977389,17.761334],[100.978029,17.760694],[100.978403,17.760004],[100.978456,17.758477],[100.977922,17.754387],[100.977922,17.753451],[100.978029,17.753057],[100.978296,17.752564],[100.97931,17.751825],[100.981391,17.750938],[100.982938,17.750495],[100.984218,17.749953],[100.985422,17.749179],[100.986649,17.748144],[100.987396,17.747011],[100.987503,17.744942],[100.98841,17.742971],[100.989104,17.742182],[100.990011,17.74169],[100.990918,17.741493],[100.991345,17.740754],[100.991398,17.740261],[100.991078,17.739128],[100.991292,17.738684],[100.991985,17.738389],[100.992465,17.737847],[100.992572,17.737107],[100.992412,17.736171],[100.991558,17.734841],[100.991452,17.734053],[100.991665,17.733708],[100.992465,17.733412],[100.993106,17.733757],[100.994226,17.734644],[100.994973,17.735087],[100.996948,17.735235],[100.998175,17.734595],[100.999455,17.734102],[101.002688,17.733155],[101.003531,17.733155],[101.004691,17.733401],[101.006008,17.732614],[101.006955,17.731877],[101.006955,17.730353],[101.006008,17.726664],[101.005428,17.724845],[101.004743,17.724107],[101.00448,17.722877],[101.004639,17.721599],[101.004111,17.719484],[101.003426,17.718156],[101.002846,17.716779],[101.002846,17.715698],[101.00348,17.712008],[101.0039,17.710976],[101.004797,17.709353],[101.004691,17.708861],[101.003163,17.70773],[101.002846,17.707238],[101.003004,17.706796],[101.0039,17.705911],[101.004797,17.704337],[101.004743,17.703649],[101.004427,17.70296],[101.0029,17.701239],[101.001094,17.699845],[101.000239,17.699701],[100.99954,17.699414],[100.99954,17.699037],[101.000026,17.69884],[101.001638,17.698966],[101.004359,17.699612],[101.008221,17.699862],[101.008747,17.70001],[101.00901,17.699665],[101.008957,17.698682],[101.008326,17.698042],[101.008009,17.696764],[101.007113,17.6946],[101.006534,17.69401],[101.005639,17.691403],[101.004217,17.689092],[101.003954,17.688157],[101.003163,17.687124],[101.002688,17.685993],[101.002162,17.685649],[101.001687,17.684469],[101.00153,17.683829],[101.000793,17.682157],[101.000012,17.681312],[100.998785,17.67939],[100.998251,17.678897],[100.997558,17.678405],[100.996971,17.678158],[100.996597,17.678109],[100.99649,17.678848],[100.99569,17.678454],[100.994516,17.678651],[100.994356,17.678355],[100.994836,17.677469],[100.99489,17.676927],[100.994516,17.676631],[100.992915,17.676631],[100.992809,17.675547],[100.992222,17.675202],[100.991688,17.675104],[100.992222,17.674167],[100.992809,17.673872],[100.992702,17.673478],[100.992222,17.672738],[100.992115,17.67195],[100.992222,17.671162],[100.991688,17.670571],[100.991528,17.670127],[100.991101,17.669782],[100.990941,17.669043],[100.990728,17.668649],[100.990781,17.668107],[100.991315,17.667565],[100.991315,17.667023],[100.990568,17.666974],[100.989981,17.666777],[100.989981,17.666136],[100.990514,17.665249],[100.990407,17.664412],[100.990461,17.663919],[100.991688,17.663574],[100.991581,17.662835],[100.991315,17.662293],[100.990247,17.662244],[100.989554,17.661849],[100.989927,17.661308],[100.992435,17.661061],[100.993022,17.660864],[100.994516,17.659041],[100.995103,17.658548],[100.99505,17.657366],[100.993556,17.65638],[100.992809,17.654804],[100.992115,17.654311],[100.992008,17.653473],[100.992435,17.652389],[100.992382,17.65032],[100.991475,17.649729],[100.991261,17.649285],[100.991848,17.64692],[100.993396,17.645935],[100.993556,17.644949],[100.994783,17.643028],[100.99473,17.642092],[100.993502,17.640663],[100.993022,17.639924],[100.993075,17.63884],[100.993182,17.638248],[100.993822,17.636721],[100.993716,17.634356],[100.993822,17.632434],[100.993769,17.631351],[100.993556,17.630365],[100.993182,17.62938],[100.993235,17.627803],[100.992435,17.627162],[100.992275,17.625734],[100.991795,17.624945],[100.991581,17.624009],[100.990941,17.622827],[100.990834,17.622038],[100.990994,17.621447],[100.991368,17.620856],[100.991475,17.620067],[100.991368,17.619131],[100.991048,17.618441],[100.990354,17.618195],[100.987633,17.618589],[100.987206,17.618195],[100.987067,17.617659],[100.987303,17.617117],[100.987754,17.616596],[100.988258,17.615216],[100.988204,17.614479],[100.987786,17.613641],[100.987775,17.612997],[100.98799,17.612383],[100.987829,17.611943],[100.98725,17.611473],[100.986627,17.611105],[100.986237,17.6112],[100.985927,17.610927],[100.985506,17.60984],[100.985569,17.608981],[100.98502,17.608087],[100.984219,17.608055],[100.983481,17.608615],[100.98309,17.608617],[100.982652,17.608249],[100.982476,17.607589],[100.982814,17.606282],[100.982499,17.605321],[100.980912,17.603631],[100.979755,17.601779],[100.97895,17.601424],[100.978548,17.601128],[100.977812,17.599165],[100.977519,17.598683],[100.977561,17.59688],[100.97737,17.596147],[100.977135,17.595756],[100.975134,17.595195],[100.974485,17.594498],[100.973441,17.59374],[100.972118,17.593533],[100.969631,17.593631],[100.968801,17.593245],[100.968669,17.592814],[100.968793,17.592099],[100.968427,17.590119],[100.968807,17.589344],[100.968751,17.588929],[100.968186,17.58823],[100.967821,17.586896],[100.967955,17.586102],[100.968226,17.585484],[100.968227,17.584525],[100.967766,17.583202],[100.966744,17.582425],[100.965356,17.581723],[100.965014,17.581167],[100.965035,17.580543],[100.966565,17.575501],[100.967558,17.573568],[100.967233,17.572271],[100.96755,17.571515],[100.96777,17.571305],[100.968141,17.571183],[100.969284,17.570554],[100.970761,17.569987],[100.972471,17.569658],[100.973432,17.568845],[100.973699,17.569004],[100.973818,17.569203],[100.974037,17.569328],[100.97446,17.569794],[100.974625,17.570338],[100.97438,17.57125],[100.974057,17.572015],[100.974122,17.572449],[100.974359,17.572676],[100.974842,17.572854],[100.975107,17.572829],[100.975528,17.572508],[100.976096,17.572335],[100.977515,17.572415],[100.9785,17.571966],[100.979569,17.57076],[100.981108,17.568478],[100.981869,17.567936],[100.983109,17.566478],[100.983465,17.566382],[100.983839,17.566571],[100.984096,17.566579],[100.98432,17.566448],[100.985127,17.565583],[100.985242,17.565551],[100.985748,17.566472],[100.985997,17.56664],[100.986807,17.566626],[100.987312,17.566286],[100.987497,17.566357],[100.987687,17.566568],[100.987853,17.56697],[100.988391,17.567663],[100.988941,17.567715],[100.989487,17.567455],[100.989458,17.566655],[100.989909,17.566238],[100.98984,17.565678],[100.990082,17.565266],[100.990453,17.565148],[100.990923,17.56541],[100.991445,17.566292],[100.991683,17.566475],[100.992497,17.566507],[100.994896,17.565334],[100.998738,17.562717],[100.997534,17.559628],[100.999012,17.559254],[101.000149,17.559442],[101.001117,17.559736],[101.002197,17.559126],[101.002638,17.558349],[101.002769,17.557075],[101.003269,17.556474],[101.003996,17.556408],[101.006578,17.556433],[101.006925,17.556164],[101.007908,17.55612],[101.008368,17.556496],[101.010143,17.556266],[101.012378,17.558481],[101.013661,17.558607],[101.013882,17.558038],[101.014624,17.55731],[101.01556,17.55706],[101.016983,17.557686],[101.018016,17.557875],[101.019467,17.557749],[101.021379,17.556335],[101.021515,17.556935],[101.022177,17.557152],[101.022744,17.557686],[101.0234,17.557768],[101.024449,17.557408],[101.024382,17.556879],[101.023505,17.556126],[101.02322,17.555039],[101.022828,17.554708],[101.023466,17.552871],[101.024226,17.551813],[101.026547,17.551437],[101.026947,17.55112],[101.026969,17.55072],[101.027186,17.550244],[101.027817,17.549891],[101.028387,17.549891],[101.033155,17.547655],[101.037829,17.546944],[101.038399,17.54508],[101.039693,17.543595],[101.040196,17.541136],[101.041715,17.541768],[101.043373,17.544799],[101.043919,17.545492],[101.045057,17.5459],[101.045939,17.545207],[101.046709,17.544031],[101.045394,17.540457],[101.046555,17.538389],[101.046336,17.535064],[101.046708,17.531323],[101.046513,17.530377],[101.04734,17.52949],[101.048409,17.528991],[101.049191,17.528843],[101.050034,17.528405],[101.052508,17.528593],[101.054812,17.528384],[101.056148,17.527757],[101.056783,17.527841],[101.058998,17.526837],[101.059869,17.526754],[101.060682,17.527445],[101.061352,17.527147],[101.060803,17.524507],[101.060562,17.519408],[101.060693,17.517193],[101.060978,17.515815],[101.061789,17.514226],[101.061833,17.513303],[101.061571,17.512469],[101.061848,17.512062],[101.063614,17.51306],[101.064447,17.514669],[101.064894,17.514925],[101.066564,17.513311],[101.068431,17.512285],[101.068474,17.511782],[101.07393,17.506562],[101.07424,17.506431],[101.07481,17.506442],[101.074905,17.505434],[101.075121,17.50493],[101.07568,17.504705],[101.077134,17.504682],[101.078068,17.50405],[101.078939,17.503649],[101.079256,17.503419],[101.07952,17.503152],[101.079664,17.502758],[101.080055,17.502531],[101.080482,17.502666],[101.080999,17.502971],[101.081839,17.504392],[101.080982,17.505575],[101.080978,17.505821],[101.081149,17.505968],[101.081545,17.505731],[101.082745,17.504668],[101.084609,17.503803],[101.085212,17.504152],[101.084796,17.505531],[101.086118,17.506645],[101.089754,17.506561],[101.090104,17.507562],[101.094033,17.509111],[101.096469,17.509174],[101.098156,17.508986],[101.103229,17.509258],[101.103229,17.508349],[101.103031,17.507383],[101.101361,17.506272],[101.099232,17.505225],[101.097323,17.505477],[101.096297,17.505414],[101.095951,17.505063],[101.095887,17.504818],[101.0963,17.504217],[101.09735,17.503383],[101.09954,17.502839],[101.100754,17.502313],[101.100488,17.501258],[101.099804,17.50069],[101.096052,17.500225],[101.094986,17.499229],[101.0945,17.498567],[101.094147,17.497823],[101.093804,17.496791],[101.093845,17.496056],[101.094108,17.495478],[101.096341,17.495735],[101.096961,17.495709],[101.097806,17.495438],[101.098655,17.495062],[101.101168,17.492945],[101.102093,17.492453],[101.103719,17.492158],[101.104066,17.493059],[101.104732,17.493465],[101.105749,17.49295],[101.107075,17.492032],[101.107803,17.490594],[101.108065,17.489629],[101.108613,17.488178],[101.109403,17.486875],[101.11045,17.486382],[101.111023,17.485057],[101.110736,17.484216],[101.11009,17.483026],[101.109243,17.482477],[101.109156,17.481375],[101.109769,17.480811],[101.109919,17.479941],[101.112223,17.478935],[101.114745,17.478366],[101.115837,17.47872],[101.116584,17.479696],[101.117767,17.480435],[101.119293,17.482498],[101.120667,17.483452],[101.121922,17.484103],[101.12344,17.483726],[101.124346,17.483345],[101.124938,17.482426],[101.126755,17.481779],[101.128776,17.482176],[101.131114,17.483171],[101.135362,17.483476],[101.136188,17.483165],[101.136462,17.482706],[101.136313,17.481965],[101.13565,17.481002],[101.134798,17.480481],[101.131389,17.481195],[101.130797,17.480902],[101.130164,17.480921],[101.129969,17.479969],[101.130172,17.478031],[101.131681,17.476516],[101.131051,17.473109],[101.132566,17.473041],[101.133566,17.474026],[101.138835,17.474759],[101.142582,17.476004],[101.143395,17.477012],[101.143813,17.477916],[101.144576,17.478682],[101.145711,17.478632],[101.146274,17.478157],[101.146635,17.47739],[101.14692,17.476541],[101.14686,17.476027],[101.146502,17.475059],[101.146858,17.471508],[101.146886,17.470284],[101.147311,17.469185],[101.148288,17.468131],[101.149234,17.46745],[101.149703,17.466794],[101.151696,17.466034],[101.152659,17.466255],[101.154568,17.467177],[101.157635,17.466971],[101.160268,17.467241],[101.160831,17.467162],[101.164105,17.469905],[101.16384,17.471172],[101.163531,17.474726],[101.164656,17.477738],[101.164848,17.478598],[101.165434,17.479237],[101.16602,17.479477],[101.167219,17.479762],[101.167932,17.480268],[101.168178,17.480739],[101.1675,17.481796],[101.164589,17.482669],[101.163271,17.48278],[101.1629,17.483021],[101.162747,17.483442],[101.164166,17.485352],[101.164614,17.48616],[101.164731,17.48752],[101.164232,17.487964],[101.163882,17.489189],[101.163432,17.489777],[101.163152,17.490851],[101.1635,17.491615],[101.163875,17.491713],[101.164859,17.491378],[101.166354,17.491252],[101.168399,17.492663],[101.169616,17.494063],[101.170157,17.494224],[101.170542,17.493889],[101.172085,17.493889],[101.174169,17.495048],[101.175793,17.494993],[101.177536,17.495175],[101.179348,17.495906],[101.18233,17.497353],[101.182815,17.497686],[101.183329,17.498382],[101.183232,17.499224],[101.181295,17.501242],[101.181638,17.504762],[101.18081,17.506184],[101.180378,17.507938],[101.179975,17.508634],[101.179153,17.508912],[101.178773,17.508645],[101.178689,17.507657],[101.178987,17.507308],[101.179127,17.506786],[101.178853,17.506611],[101.178549,17.506803],[101.178299,17.507659],[101.178473,17.509595],[101.178867,17.51031],[101.179618,17.510995],[101.180353,17.511865],[101.179871,17.512584],[101.179271,17.512826],[101.178802,17.512857],[101.178215,17.512778],[101.177087,17.512863],[101.176621,17.513471],[101.176899,17.514266],[101.177599,17.515073],[101.177732,17.515689],[101.176867,17.516629],[101.176613,17.517445],[101.176991,17.518556],[101.177564,17.51978],[101.177656,17.52048],[101.177401,17.521199],[101.176587,17.522387],[101.175185,17.52364],[101.175,17.524013],[101.175135,17.524421],[101.176315,17.525471],[101.177907,17.526232],[101.17881,17.526544],[101.180933,17.526092],[101.182218,17.525577],[101.18254,17.525562],[101.183098,17.525754],[101.183365,17.526071],[101.183331,17.526542],[101.18299,17.527457],[101.182715,17.527841],[101.182234,17.528188],[101.182047,17.528545],[101.182073,17.528877],[101.182256,17.529181],[101.182494,17.529358],[101.182714,17.529394],[101.184516,17.528976],[101.185378,17.529011],[101.185667,17.529166],[101.18617,17.529903],[101.186843,17.530166],[101.187686,17.530814],[101.188536,17.531074],[101.189848,17.531124],[101.19124,17.530764],[101.192271,17.530657],[101.195412,17.530716],[101.196407,17.530394],[101.196883,17.53044],[101.197927,17.530858],[101.201949,17.530304],[101.203412,17.53035],[101.20627,17.531055],[101.207594,17.53148],[101.20867,17.53134],[101.209573,17.531],[101.211774,17.530819],[101.212789,17.531078],[101.215339,17.533019],[101.216655,17.533527],[101.219046,17.533562],[101.220405,17.534468],[101.220991,17.534503],[101.222241,17.534096],[101.223382,17.533864],[101.224213,17.53356],[101.224673,17.533558],[101.225007,17.533663],[101.22955,17.536386],[101.2299,17.53702],[101.230126,17.537933],[101.230181,17.540619],[101.230322,17.542283],[101.231615,17.546186],[101.23146,17.547872],[101.231481,17.549376],[101.232127,17.549984],[101.232373,17.550461],[101.232361,17.551005],[101.232013,17.552129],[101.232026,17.553889],[101.232133,17.554599],[101.23251,17.554873],[101.233021,17.554918],[101.234027,17.554671],[101.235183,17.553977],[101.237717,17.553467],[101.239418,17.552866],[101.240218,17.552935],[101.242167,17.553649],[101.242713,17.554229],[101.243648,17.556912],[101.246271,17.560614],[101.247496,17.561829],[101.247586,17.562264],[101.24715,17.563537],[101.247362,17.5644],[101.247935,17.565193],[101.2483,17.566137],[101.248247,17.566982],[101.247586,17.571191],[101.247577,17.572407],[101.248085,17.573191],[101.249279,17.573617],[101.249713,17.574087],[101.249949,17.57562],[101.2492,17.577174],[101.249089,17.578272],[101.249428,17.578778],[101.250223,17.579142],[101.253565,17.581392],[101.256477,17.584285],[101.259997,17.590496],[101.26004,17.593861],[101.260293,17.595416],[101.260123,17.595883],[101.259236,17.596435],[101.259106,17.596776],[101.259257,17.597574],[101.259818,17.59815],[101.261789,17.599766],[101.26389,17.60132],[101.264429,17.603452],[101.265711,17.604389],[101.270037,17.606698],[101.271786,17.607901],[101.27361,17.610415],[101.274634,17.610957],[101.276595,17.611398],[101.277421,17.611434],[101.277795,17.611262],[101.279494,17.608059],[101.280187,17.607722],[101.280979,17.608274],[101.286331,17.618526],[101.288125,17.623045],[101.289207,17.624372],[101.289853,17.624739],[101.290527,17.624917],[101.291959,17.624975],[101.292533,17.625234],[101.29268,17.625862],[101.292282,17.626822],[101.292737,17.628319],[101.293515,17.629392],[101.295943,17.631524],[101.298461,17.633403],[101.301679,17.633911],[101.3029,17.633814],[101.3067,17.632286],[101.307872,17.632026],[101.308204,17.632235],[101.308528,17.632991],[101.309516,17.634129],[101.310686,17.635962],[101.311654,17.63723],[101.312162,17.638631],[101.312465,17.640027],[101.311725,17.642123],[101.310773,17.643092],[101.308985,17.643993],[101.307732,17.644884],[101.306501,17.646763],[101.306236,17.649593],[101.306477,17.650696],[101.307705,17.651208],[101.308881,17.651187],[101.309829,17.65095],[101.313523,17.65197],[101.315369,17.652221],[101.317359,17.653007],[101.319278,17.6534],[101.32154,17.654106],[101.322524,17.655499],[101.324389,17.656634],[101.326521,17.656415],[101.327947,17.655526],[101.329269,17.654916],[101.331337,17.654354],[101.332505,17.654424],[101.334384,17.655808],[101.336229,17.657669],[101.33714,17.659098],[101.338509,17.660434],[101.33998,17.660518],[101.341273,17.660136],[101.343222,17.658952],[101.344698,17.658748],[101.345672,17.658898],[101.349642,17.661921],[101.351235,17.664441],[101.353467,17.667451],[101.355857,17.668184],[101.358161,17.671903],[101.360394,17.679683],[101.36107,17.680884],[101.362201,17.681404],[101.363331,17.68156],[101.364012,17.68126],[101.364548,17.680451],[101.365681,17.679528],[101.366732,17.679198],[101.367881,17.679178],[101.373749,17.681784],[101.376738,17.681781],[101.3782,17.682094],[101.378805,17.682897],[101.378961,17.684572],[101.378023,17.691072],[101.378189,17.692233],[101.380331,17.696436],[101.381384,17.69737],[101.382116,17.697827],[101.383329,17.698091],[101.386325,17.697629],[101.388561,17.696283],[101.392104,17.693802],[101.393822,17.692277],[101.394955,17.691591],[101.397699,17.690538],[101.398438,17.689718],[101.39875,17.687635],[101.399839,17.684722],[101.400325,17.683105],[101.40202,17.682132],[101.404728,17.685469],[101.405253,17.686782],[101.408622,17.688404],[101.409666,17.689193],[101.408111,17.695152],[101.406301,17.699671],[101.406265,17.700745],[101.413003,17.707095],[101.41514,17.707474],[101.416946,17.708369],[101.418177,17.709852],[101.419554,17.710707],[101.421478,17.71221],[101.422626,17.7124],[101.423875,17.712281],[101.426196,17.712281],[101.428017,17.712548],[101.430428,17.713407],[101.431376,17.715465],[101.431173,17.717611],[101.428202,17.719893],[101.425455,17.720668],[101.422716,17.723799],[101.416951,17.725426],[101.412972,17.725402],[101.40991,17.724746],[101.406881,17.723938],[101.404252,17.723031],[101.403302,17.723018],[101.401965,17.723441],[101.398764,17.725554],[101.397901,17.726263],[101.397307,17.727035],[101.396964,17.727965],[101.396932,17.728524],[101.397103,17.729],[101.398133,17.730595],[101.399309,17.731886],[101.401309,17.732947],[101.403509,17.735155],[101.404264,17.735572],[101.405169,17.735866],[101.40657,17.73617],[101.407896,17.736327],[101.409491,17.73619],[101.412531,17.735734],[101.417288,17.735366],[101.417899,17.734985],[101.418167,17.734481],[101.417999,17.733744],[101.416832,17.731868],[101.41662,17.731046],[101.416787,17.730413],[101.417091,17.730042],[101.417645,17.729897],[101.418751,17.729919],[101.420463,17.730176],[101.421168,17.730707],[101.421321,17.731264],[101.420868,17.732554],[101.420861,17.734458],[101.422029,17.736778],[101.423616,17.737406],[101.425047,17.737217],[101.430708,17.735493],[101.434719,17.733422],[101.43641,17.732033],[101.437586,17.731713],[101.43957,17.732001],[101.443036,17.73407],[101.443796,17.733441],[101.443762,17.732797],[101.444502,17.731131],[101.446117,17.72924],[101.447152,17.728826],[101.447584,17.729491],[101.44718,17.733887],[101.447855,17.736588],[101.44887,17.737361],[101.453519,17.738196],[101.454628,17.740084],[101.454628,17.743131],[101.454796,17.744545],[101.455423,17.746288],[101.456229,17.746925],[101.458112,17.747313],[101.459181,17.74738],[101.46009,17.747304],[101.462012,17.746553],[101.464713,17.746285],[101.465981,17.746651],[101.467425,17.74762],[101.467599,17.748056],[101.467509,17.748479],[101.466111,17.750374],[101.465522,17.75082],[101.463362,17.75187],[101.462982,17.7522],[101.462789,17.752688],[101.462862,17.753311],[101.463145,17.753964],[101.463725,17.754538],[101.464325,17.754758],[101.464929,17.754727],[101.466439,17.754213],[101.467037,17.754167],[101.467634,17.754269],[101.476898,17.757194],[101.481403,17.760283],[101.482068,17.760552],[101.482532,17.760502],[101.483203,17.760133],[101.483806,17.759276],[101.484027,17.758592],[101.484073,17.757516],[101.484044,17.756031],[101.483842,17.75511],[101.483437,17.754496],[101.482714,17.753874],[101.476014,17.751811],[101.475652,17.751584],[101.475467,17.751232],[101.475372,17.748684],[101.475944,17.747339],[101.477492,17.745224],[101.47941,17.744262],[101.482573,17.743621],[101.483411,17.744005],[101.484995,17.745481],[101.486817,17.746381],[101.489179,17.746895],[101.490814,17.746505],[101.491855,17.744793],[101.49003,17.741328],[101.487502,17.738888],[101.486627,17.737319],[101.486107,17.735625],[101.485887,17.734029],[101.486269,17.732784],[101.486695,17.730965],[101.486829,17.729485],[101.486222,17.728457],[101.485246,17.727239],[101.485313,17.726475],[101.485951,17.725547],[101.487768,17.724265],[101.489281,17.723977],[101.490827,17.724073],[101.492879,17.725739],[101.494124,17.727567],[101.494562,17.729297],[101.494494,17.731064],[101.495471,17.733054],[101.495572,17.734946],[101.495943,17.737353],[101.49537,17.739728],[101.495573,17.740567],[101.497019,17.741931],[101.497991,17.742452],[101.500387,17.743145],[101.502498,17.74455],[101.502787,17.74547],[101.502544,17.745801],[101.501906,17.746122],[101.501162,17.747089],[101.500162,17.748602],[101.499659,17.749124],[101.497581,17.749908],[101.497305,17.750786],[101.497053,17.75367],[101.497449,17.754893],[101.497998,17.755508],[101.498709,17.755408],[101.499903,17.754937],[101.502088,17.754874],[101.50395,17.755368],[101.504269,17.756122],[101.504099,17.756979],[101.504094,17.758043],[101.504359,17.759116],[101.505206,17.760127],[101.508095,17.762374],[101.51088,17.763509],[101.512601,17.764894],[101.514194,17.76708],[101.515581,17.768535],[101.516542,17.769323],[101.518006,17.770353],[101.521764,17.772847],[101.521949,17.773495],[101.521286,17.774958],[101.521309,17.775949],[101.521703,17.776475],[101.522278,17.776548],[101.522789,17.776891],[101.52339,17.776796],[101.525054,17.776038],[101.526119,17.775657],[101.528803,17.774249],[101.529659,17.774105],[101.532597,17.774699],[101.537331,17.774861],[101.538572,17.775236],[101.540709,17.77664],[101.543053,17.778911],[101.543505,17.779484],[101.54376,17.780121],[101.543904,17.781641],[101.54427,17.782394],[101.548093,17.787567],[101.549886,17.788405],[101.552344,17.788984],[101.556804,17.789215],[101.563416,17.788224],[101.56627,17.786788],[101.569965,17.785659],[101.573108,17.784336],[101.573729,17.784248],[101.574253,17.784449],[101.574478,17.7848],[101.57405,17.787254],[101.574111,17.790272],[101.573982,17.79101],[101.57349,17.79261],[101.572878,17.793807],[101.571432,17.795824],[101.570399,17.796824],[101.569148,17.798558],[101.568825,17.799507],[101.568791,17.800263],[101.568334,17.801756],[101.567744,17.802904],[101.567087,17.803571],[101.56059,17.808445],[101.55982,17.808952],[101.559158,17.809116],[101.558474,17.809086],[101.557876,17.808909],[101.555915,17.808071],[101.554953,17.807477],[101.55392,17.807329],[101.553043,17.807663],[101.551944,17.809165],[101.551699,17.810107],[101.551741,17.811089],[101.552324,17.814087],[101.553256,17.816958],[101.553281,17.818245],[101.55296,17.819034],[101.551256,17.821071],[101.553886,17.824554],[101.555946,17.827505],[101.558006,17.830982],[101.560776,17.834392],[101.562907,17.838],[101.564541,17.841148],[101.566317,17.84574],[101.568093,17.852299],[101.568235,17.853545],[101.56788,17.855251],[101.567951,17.857415],[101.568164,17.859383],[101.568945,17.862072],[101.569442,17.864171],[101.572568,17.867713],[101.574841,17.869615],[101.576048,17.869484],[101.577753,17.868762],[101.579387,17.867647],[101.580878,17.865876],[101.582867,17.861416],[101.584146,17.856825],[101.586277,17.851512],[101.587769,17.849938],[101.58926,17.848954],[101.591391,17.848888],[101.593238,17.849151],[101.599702,17.853283],[101.601336,17.854923],[101.602614,17.857153],[101.6051,17.863515],[101.606024,17.866467],[101.607658,17.868631],[101.608936,17.871124],[101.610996,17.874863],[101.61199,17.877421],[101.612346,17.880241],[101.612204,17.882274],[101.611635,17.884111],[101.611635,17.887194],[101.613056,17.890211],[101.615045,17.892507],[101.61675,17.893556],[101.617886,17.89395],[101.622148,17.89231],[101.624989,17.892179],[101.626623,17.892703],[101.631382,17.895327],[101.637491,17.895458],[101.640972,17.895327],[101.645589,17.895655],[101.64843,17.896049],[101.651981,17.897098],[101.656457,17.898738],[101.660292,17.899919],[101.665478,17.90169],[101.669313,17.902805],[101.677269,17.906019],[101.689486,17.911725],[101.692328,17.912512],[101.695595,17.91284],[101.698294,17.912709],[101.700638,17.912315],[101.702414,17.911266],[101.704119,17.909233],[101.705042,17.906281],[101.705966,17.903985],[101.707884,17.90228],[101.710583,17.902149],[101.713921,17.903657],[101.716976,17.905887],[101.719391,17.90779],[101.721167,17.909626],[101.723795,17.911528],[101.725287,17.91343],[101.727133,17.915989],[101.729193,17.917759],[101.731111,17.920055],[101.732461,17.922416],[101.733029,17.924843],[101.733526,17.927598],[101.733171,17.929238],[101.732106,17.932124],[101.731324,17.934945],[101.730117,17.939995],[101.728838,17.943209],[101.728696,17.944849],[101.729193,17.948063],[101.730117,17.949571],[101.732816,17.954688],[101.734947,17.957967],[101.736012,17.959935],[101.736581,17.962099],[101.737504,17.964264],[101.739848,17.969118],[101.74276,17.974627],[101.743897,17.979809],[101.74411,17.982367],[101.74411,17.985122],[101.743897,17.987352],[101.744039,17.989386],[101.744465,17.990829],[101.745744,17.993321],[101.748372,17.996535],[101.75,18],[101.752351,18.001449],[101.753274,18.004007],[101.754198,18.005844],[101.754411,18.006696],[101.754269,18.008467],[101.755192,18.011156],[101.755192,18.013124],[101.754979,18.01601],[101.755121,18.018371],[101.754979,18.0227],[101.755192,18.025061],[101.755263,18.02939],[101.755902,18.030112],[101.756471,18.031095],[101.756471,18.032866],[101.756329,18.034244],[101.756968,18.036146],[101.75917,18.038441],[101.760946,18.040016],[101.763077,18.042967],[101.764426,18.046443],[101.764994,18.048608],[101.76606,18.053855],[101.766273,18.054248],[101.766486,18.054511],[101.767481,18.054248],[101.768049,18.054248],[101.769612,18.055757],[101.771743,18.058709],[101.774655,18.062119],[101.780764,18.067301],[101.786233,18.071236],[101.786801,18.071433],[101.78737,18.071302],[101.789572,18.069334],[101.790921,18.068481],[101.791347,18.067957],[101.791845,18.067104],[101.79291,18.065923],[101.793833,18.064677],[101.794615,18.06448],[101.795254,18.064415],[101.797598,18.064349],[101.799445,18.06448],[101.800795,18.064152],[101.803423,18.063365],[101.805767,18.062447],[101.807898,18.061988],[101.81081,18.060742],[101.813154,18.059955],[101.816209,18.059233],[101.81976,18.059758],[101.82111,18.060348],[101.824022,18.060414],[101.826366,18.059233],[101.828213,18.058184],[101.830486,18.056085],[101.831694,18.054576],[101.834038,18.052281],[101.834961,18.051559],[101.836382,18.051297],[101.837802,18.051166],[101.839791,18.051363],[101.842632,18.050051],[101.843911,18.049133],[101.846326,18.04828],[101.851938,18.045984],[101.854282,18.044935],[101.856129,18.044344],[101.856981,18.043951],[101.857762,18.042836],[101.860533,18.040934],[101.861527,18.040147],[101.863445,18.039425],[101.864084,18.038376],[101.864865,18.037326],[101.865931,18.035359],[101.867067,18.034178],[101.868488,18.032932],[101.869056,18.032735],[101.869625,18.03221],[101.870193,18.031227],[101.873318,18.029718],[101.873816,18.029062],[101.874597,18.028472],[101.875875,18.028144],[101.877438,18.027882],[101.880279,18.027095],[101.881061,18.027095],[101.883547,18.027882],[101.885394,18.027619],[101.886246,18.027816],[101.887099,18.028275],[101.888235,18.028669],[101.888874,18.0288],[101.891289,18.028078],[101.89342,18.027685],[101.897753,18.028144],[101.900026,18.028537],[101.902299,18.029259],[101.904501,18.029849],[101.906916,18.030899],[101.907982,18.031817],[101.909332,18.03267],[101.910397,18.033719],[101.910965,18.035031],[101.911676,18.036277],[101.912233,18.037514],[101.912457,18.03936],[101.912883,18.040999],[101.914943,18.044935],[101.916932,18.046837],[101.917642,18.04769],[101.919844,18.049854],[101.921904,18.053002],[101.922686,18.054445],[101.92503,18.058184],[101.926521,18.060348],[101.927303,18.061267],[101.937886,18.077401],[101.94563,18.087601],[101.958545,18.101194],[101.967365,18.109803],[101.968785,18.110983],[101.970277,18.11177],[101.973758,18.113213],[101.975107,18.114197],[101.977877,18.116689],[101.980577,18.118723],[101.9815,18.119641],[101.982779,18.121477],[101.984057,18.122068],[101.985975,18.123183],[101.987751,18.123707],[101.991445,18.12456],[101.992794,18.124626],[101.993647,18.124298],[101.994286,18.123904],[101.994783,18.12397],[101.995849,18.125019],[101.997624,18.126462],[102.003306,18.131935],[102.009693,18.1395],[102.012401,18.141872],[102.014344,18.143795],[102.016427,18.146038],[102.01844,18.147833],[102.020245,18.148923],[102.023439,18.15059],[102.024133,18.150654],[102.025452,18.150398],[102.026216,18.150398],[102.026979,18.150846],[102.027396,18.151744],[102.028021,18.153603],[102.029548,18.155205],[102.031978,18.157513],[102.032464,18.158667],[102.033644,18.159949],[102.034685,18.161359],[102.035171,18.163795],[102.035935,18.165975],[102.036351,18.168283],[102.036143,18.170206],[102.03656,18.172065],[102.038573,18.177578],[102.039822,18.181296],[102.041072,18.18354],[102.041836,18.18604],[102.04253,18.189245],[102.04378,18.196168],[102.044196,18.197322],[102.04496,18.198412],[102.045932,18.199117],[102.0485,18.200463],[102.050305,18.201233],[102.052249,18.201745],[102.055373,18.203797],[102.058567,18.20572],[102.060719,18.207579],[102.063218,18.20931],[102.06662,18.210912],[102.078699,18.217195],[102.082795,18.219182],[102.086058,18.219887],[102.088279,18.220272],[102.090362,18.219567],[102.093,18.21822],[102.094805,18.217195],[102.096402,18.21649],[102.099248,18.216618],[102.102095,18.215336],[102.110425,18.211041],[102.112091,18.21072],[102.113827,18.210848],[102.115285,18.211682],[102.118201,18.212836],[102.123407,18.213156],[102.125629,18.213605],[102.128892,18.214054],[102.130697,18.215336],[102.132641,18.215913],[102.134098,18.216105],[102.136251,18.215015],[102.13757,18.214054],[102.140555,18.213156],[102.141527,18.212515],[102.142429,18.211297],[102.142846,18.210079],[102.142568,18.208284],[102.142499,18.207323],[102.142915,18.206553],[102.148122,18.205848],[102.150066,18.205335],[102.151038,18.204758],[102.152704,18.204566],[102.157147,18.204374],[102.16041,18.20463],[102.162353,18.204694],[102.163325,18.204438],[102.164575,18.202643],[102.167213,18.193348],[102.168254,18.190527],[102.169365,18.188348],[102.170615,18.186168],[102.171448,18.183347],[102.172211,18.180399],[102.173045,18.177899],[102.173392,18.176232],[102.174294,18.175078],[102.17603,18.173155],[102.177696,18.170398],[102.180056,18.162513],[102.180959,18.159821],[102.182694,18.152962],[102.184638,18.149308],[102.185541,18.147898],[102.18679,18.147],[102.188248,18.146103],[102.192413,18.143987],[102.193732,18.14309],[102.196232,18.140141],[102.197273,18.138731],[102.197828,18.137705],[102.197759,18.136102],[102.198176,18.134948],[102.199911,18.133859],[102.201785,18.132961],[102.206992,18.131166],[102.211158,18.129307],[102.213379,18.127769],[102.220113,18.122512],[102.222196,18.12014],[102.224417,18.118089],[102.227611,18.115396],[102.231151,18.112255],[102.23497,18.109627],[102.243856,18.10187],[102.246563,18.099563],[102.248854,18.097768],[102.252464,18.094178],[102.254478,18.091998],[102.261489,18.084049],[102.264058,18.081549],[102.267598,18.077895],[102.273569,18.072382],[102.27829,18.067767],[102.286273,18.060587],[102.288842,18.058664],[102.29502,18.055074],[102.29988,18.052894],[102.304601,18.051548],[102.308974,18.050522],[102.312584,18.049945],[102.315361,18.049881],[102.321748,18.050074],[102.324178,18.049689],[102.326538,18.048599],[102.327788,18.048407],[102.331884,18.048663],[102.334591,18.048279],[102.336952,18.047766],[102.340909,18.046676],[102.346463,18.044625],[102.351878,18.041612],[102.364027,18.033727],[102.368747,18.030009],[102.37326,18.026804],[102.377425,18.023534],[102.382215,18.020393],[102.38763,18.016483],[102.390615,18.014047],[102.394572,18.010329],[102.397002,18.007764],[102.399821,18.003753],[102.401484,18.002403],[102.402755,18.001878],[102.406235,17.99988],[102.410748,17.996804],[102.413248,17.995265],[102.418246,17.990906],[102.420606,17.98956],[102.426091,17.98674],[102.43095,17.984048],[102.435185,17.982445],[102.439559,17.980458],[102.443308,17.978919],[102.446571,17.977189],[102.45025,17.975458],[102.453513,17.974112],[102.460039,17.971035],[102.46351,17.969881],[102.466981,17.968984],[102.472257,17.967381],[102.478574,17.966676],[102.481629,17.966419],[102.490237,17.966868],[102.496902,17.96783],[102.500165,17.969048],[102.503737,17.970076],[102.506912,17.970795],[102.50847,17.971292],[102.510073,17.971154],[102.514378,17.969744],[102.518751,17.967628],[102.520973,17.966282],[102.525208,17.964039],[102.526527,17.96359],[102.529165,17.963269],[102.532289,17.963205],[102.539231,17.963718],[102.541938,17.964167],[102.543952,17.964936],[102.546104,17.96641],[102.548811,17.967885],[102.552838,17.969167],[102.554504,17.969103],[102.560752,17.967949],[102.56457,17.966923],[102.56825,17.965705],[102.575053,17.963975],[102.578524,17.963654],[102.582481,17.963398],[102.593873,17.960099],[102.603389,17.955298],[102.607126,17.951475],[102.609139,17.948526],[102.6115,17.944231],[102.613235,17.94077],[102.61386,17.938141],[102.613583,17.933205],[102.614069,17.920129],[102.613791,17.914552],[102.613374,17.910321],[102.612958,17.9075],[102.611569,17.904231],[102.609556,17.900065],[102.609379,17.899062],[102.608376,17.89609],[102.608376,17.893526],[102.608168,17.890577],[102.607335,17.887629],[102.604072,17.879808],[102.602267,17.876731],[102.599143,17.870834],[102.595533,17.865898],[102.593103,17.861155],[102.591992,17.857693],[102.589007,17.849296],[102.588521,17.846732],[102.58859,17.844937],[102.589423,17.842565],[102.590951,17.83968],[102.593103,17.83718],[102.595116,17.835642],[102.598171,17.834424],[102.602336,17.833526],[102.608931,17.832373],[102.614138,17.832116],[102.618928,17.831988],[102.622935,17.831624],[102.625073,17.831289],[102.628022,17.832565],[102.63198,17.832565],[102.634965,17.832244],[102.637811,17.831283],[102.640241,17.830065],[102.644059,17.827642],[102.64806,17.824247],[102.651626,17.81968],[102.654403,17.81686],[102.659749,17.811732],[102.66676,17.80545],[102.669607,17.804104],[102.671828,17.80327],[102.674952,17.803142],[102.67884,17.80327],[102.68245,17.80327],[102.685088,17.803975],[102.688004,17.805642],[102.691336,17.808206],[102.693696,17.811219],[102.695779,17.814103],[102.697653,17.817244],[102.698139,17.818783],[102.698,17.82045],[102.696959,17.822116],[102.69564,17.823783],[102.691752,17.827629],[102.688559,17.830642],[102.685782,17.833014],[102.68238,17.835385],[102.680228,17.837116],[102.679187,17.838526],[102.678423,17.839232],[102.677382,17.842308],[102.676965,17.844296],[102.676896,17.846988],[102.677174,17.849488],[102.677937,17.852052],[102.678354,17.854424],[102.679187,17.856731],[102.680506,17.859488],[102.681756,17.861796],[102.683005,17.863655],[102.68481,17.865898],[102.688351,17.870001],[102.690781,17.871988],[102.696334,17.875321],[102.69932,17.876603],[102.70522,17.878526],[102.709345,17.879611],[102.719105,17.881038],[102.724034,17.881283],[102.732018,17.881988],[102.737016,17.882821],[102.740279,17.883526],[102.741945,17.884231],[102.743333,17.885001],[102.745972,17.887821],[102.747082,17.888783],[102.749873,17.889707],[102.755144,17.892086],[102.758259,17.893745],[102.760895,17.895515],[102.763351,17.89734],[102.765926,17.899442],[102.768622,17.902816],[102.771078,17.906135],[102.773414,17.910836],[102.774432,17.913381],[102.775571,17.917584],[102.776769,17.92118],[102.777727,17.923669],[102.779224,17.926711],[102.780602,17.929034],[102.78222,17.93097],[102.784735,17.933403],[102.78797,17.935505],[102.791684,17.937165],[102.797015,17.939045],[102.799771,17.939322],[102.810733,17.939156],[102.813668,17.939211],[102.815884,17.939875],[102.818993,17.941361],[102.822174,17.943194],[102.824929,17.945185],[102.831099,17.950052],[102.833615,17.951878],[102.83661,17.954754],[102.843559,17.960672],[102.850148,17.967033],[102.852724,17.968803],[102.85506,17.970849],[102.858414,17.972011],[102.862008,17.974002],[102.870694,17.976159],[102.874288,17.976878],[102.888305,17.978759],[102.898788,17.98064],[102.901304,17.981856],[102.906755,17.984014],[102.90945,17.985452],[102.914722,17.988936],[102.924066,17.994578],[102.931793,17.998671],[102.938442,18.001604],[102.948506,18.004259],[102.953897,18.004702],[102.959049,18.004923],[102.96432,18.004812],[102.968872,18.003927],[102.971808,18.002766],[102.974563,18.001826],[102.98259,17.997566],[102.98858,17.994192],[102.992414,17.991759],[102.997206,17.988385],[103.000021,17.985951],[103.003136,17.982245],[103.008827,17.976327],[103.012636,17.974286],[103.015356,17.972565],[103.018771,17.971293],[103.022245,17.971238],[103.025899,17.972178],[103.028834,17.97345],[103.033986,17.975884],[103.035783,17.97699],[103.03704,17.978152],[103.041952,17.9823],[103.044229,17.984623],[103.046924,17.987776],[103.04944,17.990265],[103.051297,17.992533],[103.053993,17.995409],[103.055969,17.998064],[103.057706,17.999945],[103.060881,18.004591],[103.068248,18.015708],[103.072921,18.02229],[103.075197,18.026162],[103.076754,18.029204],[103.078551,18.03374],[103.07927,18.03645],[103.080229,18.043032],[103.080948,18.047015],[103.081067,18.049559],[103.080468,18.051827],[103.077952,18.059128],[103.076814,18.061893],[103.074898,18.065765],[103.073041,18.069748],[103.072322,18.072016],[103.072082,18.074449],[103.072262,18.076551],[103.073759,18.081861],[103.072924,18.08509],[103.073712,18.088172],[103.076435,18.09339],[103.077593,18.094361],[103.077566,18.096631],[103.078291,18.10139],[103.078731,18.106751],[103.078492,18.108687],[103.077952,18.110457],[103.077294,18.113444],[103.077533,18.115048],[103.078124,18.116653],[103.079179,18.118798],[103.07921,18.120856],[103.07957,18.122183],[103.080049,18.123234],[103.081726,18.126442],[103.083344,18.128821],[103.084602,18.130203],[103.086339,18.131642],[103.089633,18.133854],[103.091131,18.134739],[103.096342,18.137007],[103.099996,18.138887],[103.102812,18.140768],[103.10988,18.145857],[103.111797,18.147129],[103.116888,18.149784],[103.120722,18.151941],[103.125275,18.154264],[103.12797,18.155868],[103.130306,18.15703],[103.136057,18.160459],[103.138932,18.162671],[103.141208,18.165105],[103.143724,18.167262],[103.145701,18.169419],[103.148936,18.173457],[103.150134,18.175891],[103.150912,18.178048],[103.151631,18.180205],[103.153428,18.186677],[103.154327,18.189387],[103.155465,18.194586],[103.155705,18.198347],[103.155645,18.201002],[103.155285,18.203491],[103.154926,18.205317],[103.153548,18.210682],[103.151751,18.215771],[103.150912,18.218426],[103.150313,18.220804],[103.150194,18.222906],[103.150373,18.225118],[103.151152,18.229488],[103.151811,18.231369],[103.152889,18.233194],[103.154087,18.235074],[103.155345,18.236789],[103.1587,18.242597],[103.159718,18.244588],[103.160856,18.246137],[103.163252,18.250119],[103.166128,18.254492],[103.168703,18.257534],[103.171818,18.259968],[103.178467,18.263895],[103.182301,18.265776],[103.18883,18.267324],[103.193982,18.267988],[103.197755,18.268707],[103.205423,18.270477],[103.209316,18.271196],[103.212671,18.272745],[103.218242,18.275013],[103.223513,18.276451],[103.234176,18.281374],[103.241484,18.283973],[103.244598,18.284582],[103.250109,18.285411],[103.253584,18.286047],[103.259035,18.286711],[103.263528,18.287928],[103.270356,18.290251],[103.280899,18.293625],[103.284613,18.295285],[103.287608,18.296778],[103.291741,18.298603],[103.294796,18.300318],[103.296593,18.301811],[103.298589,18.305248],[103.299049,18.306292],[103.299109,18.30867],[103.29845,18.312431],[103.297432,18.315363],[103.295275,18.318405],[103.291861,18.32189],[103.289345,18.324655],[103.285332,18.326868],[103.281378,18.329191],[103.276586,18.331459],[103.271914,18.332842],[103.267361,18.333782],[103.262629,18.33428],[103.258196,18.334612],[103.255621,18.335331],[103.253225,18.336714],[103.252326,18.33782],[103.251667,18.33959],[103.251008,18.340751],[103.247593,18.34559],[103.245138,18.349241],[103.244119,18.35173],[103.24358,18.354053],[103.24334,18.357593],[103.24346,18.361022],[103.24388,18.363954],[103.244479,18.366111],[103.246515,18.370536],[103.248073,18.372417],[103.250109,18.374297],[103.253764,18.376041],[103.257897,18.378253],[103.260113,18.3803],[103.264426,18.384725],[103.266403,18.386882],[103.268919,18.388984],[103.272693,18.392745],[103.275628,18.395732],[103.277964,18.398276],[103.28042,18.400378],[103.284194,18.405025],[103.287848,18.411054],[103.289106,18.413266],[103.290184,18.415534],[103.291502,18.419572],[103.29234,18.420623],[103.294317,18.422725],[103.295515,18.424218],[103.296653,18.425048],[103.300667,18.42726],[103.303781,18.429528],[103.306956,18.431519],[103.309592,18.432626],[103.312827,18.433732],[103.314923,18.433842],[103.319775,18.433842],[103.32882,18.433179],[103.334271,18.432957],[103.338884,18.433123],[103.343077,18.433621],[103.348228,18.433953],[103.354698,18.43517],[103.357872,18.43611],[103.3653,18.437825],[103.372608,18.439208],[103.378598,18.440701],[103.38375,18.442305],[103.388003,18.443909],[103.397288,18.446951],[103.400762,18.447947],[103.403457,18.448445],[103.405734,18.448611],[103.40783,18.448556],[103.410646,18.448224],[103.413701,18.44756],[103.419152,18.445292],[103.424303,18.443024],[103.427358,18.441918],[103.436044,18.437106],[103.443172,18.433787],[103.449342,18.430358],[103.450959,18.428643],[103.452577,18.427426],[103.457189,18.424882],[103.459345,18.424439],[103.46288,18.424661],[103.466773,18.42549],[103.46869,18.425988],[103.471386,18.426984],[103.474441,18.427537],[103.476597,18.426984],[103.481389,18.425324],[103.482887,18.424163],[103.485103,18.423776],[103.487319,18.423499],[103.490135,18.423333],[103.495526,18.423776],[103.498521,18.424329],[103.500258,18.424771],[103.503315,18.425146],[103.5143,18.425718],[103.518075,18.425718],[103.521286,18.425822],[103.524159,18.425614],[103.527934,18.424834],[103.531765,18.424313],[103.536215,18.423013],[103.544328,18.420204],[103.550018,18.417655],[103.55351,18.415678],[103.56044,18.411412],[103.5632,18.409227],[103.566637,18.40699],[103.569341,18.405429],[103.571144,18.404961],[103.573453,18.404857],[103.578073,18.404389],[103.581115,18.404441],[103.583538,18.404389],[103.595537,18.405429],[103.599706,18.405273],[103.60365,18.404961],[103.607312,18.404077],[103.610466,18.403193],[103.614917,18.401528],[103.618241,18.399967],[103.62517,18.394869],[103.628212,18.39284],[103.630579,18.391592],[103.634522,18.390447],[103.650071,18.379835],[103.65362,18.377234],[103.663648,18.369638],[103.666577,18.367297],[103.670314,18.364615],[103.67386,18.361563],[103.678789,18.356863],[103.681621,18.354419],[103.684408,18.351645],[103.689955,18.347085],[103.692111,18.345658],[103.695253,18.343992],[103.697484,18.343108],[103.700111,18.342534],[103.707558,18.34154],[103.716365,18.341326],[103.737729,18.342965],[103.743548,18.343579],[103.746357,18.343692],[103.747984,18.341026],[103.748998,18.339934],[103.754324,18.339714],[103.759473,18.340446],[103.765809,18.342],[103.770958,18.342183],[103.775513,18.342914],[103.781255,18.342823],[103.787097,18.342914],[103.793929,18.342823],[103.798087,18.342366],[103.803236,18.341543],[103.80888,18.340903],[103.813632,18.339714],[103.818088,18.338251],[103.822642,18.336057],[103.8269,18.33368],[103.831454,18.33048],[103.834128,18.327829],[103.835811,18.325177],[103.839177,18.319417],[103.843435,18.31064],[103.844623,18.306892],[103.848187,18.296561],[103.849276,18.292721],[103.850563,18.290069],[103.85195,18.288058],[103.853831,18.286138],[103.856108,18.284401],[103.858088,18.283761],[103.860267,18.284035],[103.863138,18.284675],[103.870861,18.286595],[103.875613,18.288424],[103.88096,18.291349],[103.889871,18.296469],[103.892742,18.299303],[103.895317,18.302503],[103.902446,18.309452],[103.910763,18.318229],[103.919564,18.325002],[103.929204,18.330448],[103.947991,18.337886],[103.95314,18.339257],[103.957694,18.33944],[103.962744,18.339348],[103.966803,18.338708],[103.973041,18.33688],[103.97611,18.334869],[103.982942,18.326457],[103.986606,18.323349],[103.989279,18.320789],[103.994031,18.311829],[103.996705,18.306435],[104.000071,18.301132],[104.005618,18.293727],[104.009777,18.288424],[104.014727,18.282207],[104.018094,18.278367],[104.019282,18.276538],[104.020965,18.273247],[104.021856,18.271053],[104.023737,18.269224],[104.026609,18.264561],[104.032252,18.257064],[104.035718,18.25231],[104.037005,18.250025],[104.041956,18.243351],[104.047303,18.236768],[104.052055,18.230459],[104.057204,18.223511],[104.06057,18.218574],[104.06255,18.214917],[104.06255,18.212357],[104.061956,18.207328],[104.063837,18.202026],[104.065917,18.197089],[104.068194,18.191969],[104.070471,18.187946],[104.074828,18.181363],[104.076313,18.178529],[104.078194,18.176975],[104.080471,18.175877],[104.083646,18.171236],[104.085337,18.168562],[104.086313,18.165181],[104.088392,18.160701],[104.092056,18.151101],[104.09463,18.142232],[104.096412,18.13565],[104.098195,18.130621],[104.100967,18.123307],[104.104036,18.117913],[104.105323,18.115444],[104.108294,18.111422],[104.111264,18.10813],[104.115225,18.103102],[104.119086,18.099079],[104.122254,18.095605],[104.127106,18.089662],[104.130076,18.086279],[104.142651,18.074394],[104.146017,18.069914],[104.15473,18.059765],[104.155423,18.059308],[104.158889,18.055925],[104.16582,18.0498],[104.169483,18.046326],[104.171265,18.04404],[104.179087,18.035903],[104.183444,18.030783],[104.189982,18.02374],[104.191959,18.02036],[104.195325,18.016429],[104.202355,18.009846],[104.206018,18.006738],[104.209484,18.003355],[104.213048,17.999698],[104.215525,17.995308],[104.218793,17.990371],[104.221763,17.985708],[104.224833,17.98004],[104.227011,17.97556],[104.228991,17.970714],[104.230971,17.965594],[104.232655,17.960109],[104.234239,17.956726],[104.237407,17.948406],[104.238595,17.944475],[104.240081,17.940818],[104.24117,17.938532],[104.242754,17.936155],[104.245526,17.932955],[104.246813,17.928658],[104.248398,17.924087],[104.254536,17.909184],[104.257507,17.902784],[104.262854,17.889985],[104.265923,17.88203],[104.267903,17.877642],[104.271171,17.869779],[104.273448,17.865939],[104.279191,17.858442],[104.283349,17.855242],[104.289488,17.851585],[104.294241,17.849117],[104.298792,17.848021],[104.3083,17.842808],[104.312261,17.84226],[104.316222,17.841985],[104.322063,17.840248],[104.330974,17.837323],[104.335034,17.837048],[104.337608,17.835768],[104.339787,17.83394],[104.345034,17.831014],[104.348995,17.82818],[104.35246,17.825346],[104.355134,17.822603],[104.362461,17.812089],[104.364837,17.807975],[104.370778,17.798283],[104.373649,17.793255],[104.375035,17.790055],[104.376916,17.786306],[104.38256,17.778627],[104.387808,17.770764],[104.389986,17.766924],[104.393452,17.761347],[104.395135,17.757416],[104.397907,17.749919],[104.402659,17.742239],[104.407412,17.736113],[104.412164,17.729165],[104.415927,17.723496],[104.421075,17.717462],[104.426125,17.712068],[104.430878,17.706491],[104.436224,17.699634],[104.438799,17.696617],[104.441076,17.692868],[104.444046,17.688388],[104.451076,17.676594],[104.453948,17.6712],[104.456819,17.666994],[104.46177,17.661052],[104.467611,17.655292],[104.471869,17.651817],[104.474047,17.650903],[104.477414,17.649806],[104.480978,17.648343],[104.482463,17.647338],[104.485335,17.644503],[104.488602,17.642218],[104.491771,17.640206],[104.493058,17.639292],[104.494345,17.637829],[104.496424,17.634995],[104.503355,17.633623],[104.511078,17.63024],[104.51692,17.627223],[104.540188,17.613691],[104.547614,17.609668],[104.554049,17.606377],[104.561277,17.602811],[104.569694,17.598788],[104.577417,17.5944],[104.592367,17.585623],[104.597813,17.582788],[104.605635,17.578217],[104.60821,17.576937],[104.61623,17.578583],[104.625042,17.572548],[104.631577,17.568342],[104.647716,17.557462],[104.660884,17.549508],[104.672964,17.541188],[104.677321,17.538719],[104.680291,17.537439],[104.686628,17.534239],[104.697717,17.528114],[104.704549,17.523085],[104.707817,17.520799],[104.710292,17.518239],[104.712668,17.515496],[104.717025,17.511473],[104.719005,17.509279],[104.721579,17.506719],[104.723461,17.504159],[104.725045,17.501325],[104.725441,17.500045],[104.729063,17.491484],[104.729748,17.48773],[104.730787,17.483042],[104.733361,17.47838],[104.736727,17.472711],[104.740193,17.4675],[104.743856,17.460643],[104.74653,17.456803],[104.750094,17.452049],[104.755044,17.446289],[104.757817,17.443455],[104.760787,17.440621],[104.76356,17.43861],[104.766233,17.436507],[104.769797,17.433398],[104.773164,17.430015],[104.776035,17.426907],[104.780095,17.422061],[104.78455,17.416393],[104.788115,17.412279],[104.791085,17.408256],[104.793065,17.405422],[104.796036,17.401765],[104.799798,17.394542],[104.800887,17.391616],[104.80168,17.388325],[104.802274,17.384851],[104.803264,17.378176],[104.803858,17.371502],[104.803957,17.366748],[104.804056,17.34124],[104.805145,17.327069],[104.80564,17.300007],[104.805244,17.29187],[104.804254,17.285378],[104.803462,17.281721],[104.802967,17.277333],[104.802769,17.272944],[104.802868,17.269561],[104.803165,17.26627],[104.804551,17.257859],[104.804947,17.253653],[104.80564,17.249996],[104.806346,17.244341],[104.806605,17.240214],[104.806281,17.229867],[104.806281,17.226936],[104.805957,17.223706],[104.804662,17.215871],[104.804208,17.210907],[104.80382,17.207737],[104.803625,17.200739],[104.803172,17.193742],[104.802395,17.183813],[104.802718,17.175739],[104.801941,17.171133],[104.801617,17.167485],[104.801488,17.164734],[104.799998,17.160188],[104.79812,17.156181],[104.79663,17.153669],[104.796047,17.150619],[104.794687,17.147329],[104.794039,17.145415],[104.793974,17.142843],[104.793845,17.141468],[104.793391,17.140212],[104.792679,17.139434],[104.790153,17.137461],[104.789634,17.135248],[104.788857,17.130762],[104.78795,17.126695],[104.78672,17.123764],[104.784453,17.119637],[104.783351,17.115989],[104.781797,17.113716],[104.780437,17.111264],[104.778299,17.108752],[104.77668,17.106479],[104.776032,17.105402],[104.774672,17.100677],[104.773182,17.096072],[104.771174,17.091467],[104.768454,17.085785],[104.766381,17.081],[104.759321,17.06838],[104.754333,17.060306],[104.751548,17.055999],[104.75116,17.054803],[104.750836,17.054205],[104.750577,17.051813],[104.749281,17.048703],[104.747597,17.048763],[104.746994,17.047926],[104.746415,17.046788],[104.744853,17.044342],[104.742933,17.041885],[104.741443,17.038954],[104.736326,17.030401],[104.734707,17.027172],[104.733671,17.023882],[104.732375,17.019277],[104.731339,17.016645],[104.730562,17.014133],[104.729784,17.010664],[104.729525,17.008272],[104.72959,17.004025],[104.729331,17.001872],[104.729396,17.000078],[104.730044,16.996788],[104.730108,16.992302],[104.730432,16.989072],[104.730562,16.985244],[104.731663,16.97729],[104.732764,16.974],[104.733606,16.97083],[104.733995,16.968677],[104.734318,16.963952],[104.733233,16.936613],[104.734926,16.928685],[104.735549,16.925315],[104.73656,16.918781],[104.738778,16.90581],[104.739759,16.903664],[104.741184,16.901331],[104.742804,16.896905],[104.744617,16.891462],[104.744617,16.889309],[104.745071,16.8859],[104.745395,16.881355],[104.746237,16.876809],[104.747208,16.874536],[104.748374,16.872981],[104.750058,16.871007],[104.753168,16.866941],[104.756082,16.862156],[104.75809,16.856474],[104.758738,16.853782],[104.759191,16.849177],[104.759386,16.844452],[104.758868,16.841462],[104.757184,16.83877],[104.755564,16.837036],[104.746042,16.828124],[104.742609,16.82304],[104.741249,16.821365],[104.737816,16.812633],[104.737039,16.809882],[104.736909,16.806772],[104.737262,16.804714],[104.737233,16.801987],[104.737492,16.797621],[104.738011,16.793912],[104.739371,16.790025],[104.740601,16.784463],[104.741638,16.780635],[104.744099,16.772441],[104.745265,16.768972],[104.745977,16.765323],[104.748698,16.760838],[104.750058,16.757907],[104.750771,16.755754],[104.754852,16.750072],[104.755953,16.748218],[104.758155,16.742237],[104.759062,16.738948],[104.759062,16.737393],[104.758544,16.730514],[104.758414,16.725909],[104.758544,16.720706],[104.758932,16.716698],[104.759321,16.714246],[104.760552,16.709461],[104.761329,16.707547],[104.762819,16.704796],[104.763466,16.703301],[104.76392,16.701447],[104.764049,16.700011],[104.76379,16.69732],[104.763207,16.693612],[104.76243,16.689545],[104.761005,16.685238],[104.758868,16.678121],[104.756147,16.670406],[104.752963,16.664494],[104.742464,16.627019],[104.739782,16.594117],[104.736586,16.582127],[104.735291,16.578718],[104.734448,16.575189],[104.733866,16.571959],[104.733542,16.565799],[104.733283,16.564363],[104.733412,16.561552],[104.733995,16.554913],[104.734384,16.552042],[104.734643,16.548274],[104.735096,16.545463],[104.736716,16.541755],[104.740926,16.53404],[104.744035,16.528537],[104.756018,16.513644],[104.759774,16.509158],[104.764762,16.504074],[104.767935,16.499947],[104.773441,16.495163],[104.778881,16.490856],[104.790799,16.483261],[104.801293,16.47704],[104.805568,16.475067],[104.810749,16.473093],[104.820141,16.468547],[104.824352,16.466693],[104.830181,16.46472],[104.836334,16.459875],[104.843718,16.452698],[104.849289,16.446477],[104.852009,16.443607],[104.855248,16.438343],[104.85745,16.434157],[104.860754,16.427039],[104.862049,16.422613],[104.863021,16.416752],[104.863021,16.412386],[104.862373,16.408797],[104.861855,16.405268],[104.86166,16.403175],[104.862049,16.401142],[104.862502,16.399287],[104.863474,16.397732],[104.865029,16.395579],[104.866713,16.393665],[104.868526,16.391811],[104.869239,16.390077],[104.870081,16.388582],[104.870599,16.386907],[104.871765,16.384574],[104.873255,16.383139],[104.876882,16.379909],[104.878501,16.378115],[104.88174,16.374227],[104.884136,16.370698],[104.885432,16.367768],[104.886209,16.365315],[104.885432,16.359992],[104.885173,16.357361],[104.885367,16.355746],[104.886339,16.354011],[104.888088,16.35126],[104.890225,16.34815],[104.89507,16.343049],[104.897843,16.341264],[104.900892,16.339492],[104.903466,16.338277],[104.906224,16.337504],[104.909657,16.337982],[104.912053,16.33858],[104.91594,16.338401],[104.920538,16.337265],[104.926238,16.334274],[104.928052,16.332839],[104.929801,16.331044],[104.931226,16.328532],[104.931355,16.325721],[104.932262,16.323209],[104.934141,16.31974],[104.937379,16.316092],[104.940618,16.312802],[104.943921,16.309632],[104.946188,16.30712],[104.948067,16.304608],[104.95286,16.297491],[104.954933,16.29456],[104.957523,16.29163],[104.960438,16.289357],[104.965037,16.286785],[104.968923,16.284871],[104.972486,16.282658],[104.97566,16.280625],[104.979546,16.277993],[104.982331,16.27578],[104.987254,16.273208],[104.989327,16.271354],[104.991011,16.2695],[104.993278,16.266689],[104.999949,16.259811],[105.008952,16.250002],[105.013681,16.245218],[105.014911,16.243842],[105.016142,16.241031],[105.01679,16.238339],[105.016984,16.235588],[105.015883,16.226736],[105.0153,16.223208],[105.013681,16.217585],[105.012644,16.212681],[105.011025,16.203889],[105.011025,16.204248],[105.010766,16.201975],[105.010766,16.198745],[105.010895,16.196772],[105.012126,16.19103],[105.01258,16.189535],[105.013163,16.188099],[105.014199,16.186245],[105.016336,16.184032],[105.017632,16.182357],[105.018798,16.179786],[105.020676,16.172967],[105.022036,16.169498],[105.023397,16.166747],[105.024951,16.164594],[105.025728,16.163158],[105.025987,16.161962],[105.026117,16.159331],[105.026052,16.152752],[105.026506,16.152094],[105.028578,16.149881],[105.030068,16.148146],[105.030781,16.146711],[105.032141,16.144916],[105.032724,16.143182],[105.033048,16.141029],[105.033566,16.138696],[105.034602,16.136065],[105.035768,16.134689],[105.036092,16.133493],[105.035768,16.132536],[105.035638,16.131818],[105.036351,16.130383],[105.036545,16.128349],[105.036934,16.126017],[105.03797,16.123804],[105.038812,16.122727],[105.039136,16.122069],[105.039007,16.12171],[105.038618,16.121531],[105.037128,16.121531],[105.037063,16.120993],[105.039525,16.116806],[105.040108,16.115071],[105.040237,16.113875],[105.040173,16.111602],[105.040432,16.109808],[105.041079,16.108432],[105.042569,16.106997],[105.043485,16.106367],[105.044253,16.105263],[105.046941,16.102562],[105.047841,16.101984],[105.048254,16.101592],[105.05073,16.100837],[105.052803,16.100777],[105.05507,16.099939],[105.056301,16.0997],[105.060261,16.098149],[105.064462,16.095813],[105.066081,16.095155],[105.067571,16.094258],[105.069774,16.092463],[105.071587,16.092104],[105.072429,16.091745],[105.073336,16.091147],[105.074372,16.09019],[105.079878,16.087439],[105.081433,16.086422],[105.082922,16.085705],[105.084606,16.085406],[105.085902,16.085585],[105.08642,16.086243],[105.086355,16.086961],[105.085384,16.087559],[105.08506,16.088336],[105.08642,16.089293],[105.087715,16.089413],[105.088752,16.089891],[105.090889,16.09043],[105.092314,16.090549],[105.093739,16.09031],[105.097302,16.091147],[105.099569,16.091088],[105.101188,16.090609],[105.104103,16.089413],[105.106305,16.088396],[105.108507,16.086482],[105.112394,16.083611],[105.113819,16.082176],[105.115503,16.0808],[105.118418,16.077989],[105.119778,16.077212],[105.120814,16.076972],[105.12198,16.077331],[105.123081,16.078528],[105.123664,16.079305],[105.124636,16.079903],[105.127615,16.079724],[105.132732,16.079724],[105.133639,16.079664],[105.134222,16.079425],[105.135129,16.078767],[105.136036,16.07763],[105.138432,16.075178],[105.140116,16.074939],[105.145168,16.074999],[105.14627,16.074879],[105.147176,16.07464],[105.148278,16.074102],[105.150933,16.071649],[105.152229,16.070752],[105.153395,16.070154],[105.155985,16.069317],[105.162139,16.067941],[105.164212,16.067343],[105.169652,16.06525],[105.172956,16.063814],[105.178656,16.061123],[105.186364,16.058073],[105.194849,16.054903],[105.19893,16.053587],[105.205795,16.051194],[105.211107,16.049639],[105.215187,16.048682],[105.230215,16.045572],[105.234813,16.045034],[105.240254,16.044256],[105.246991,16.044316],[105.249841,16.044496],[105.254439,16.044376],[105.262536,16.043898],[105.268171,16.043359],[105.272834,16.042462],[105.277239,16.041505],[105.285206,16.039233],[105.288509,16.038754],[105.290323,16.038635],[105.298096,16.038993],[105.299521,16.038635],[105.300492,16.038216],[105.30101,16.037438],[105.303213,16.037259],[105.304314,16.03696],[105.306646,16.035046],[105.308977,16.034388],[105.310079,16.032953],[105.311309,16.030441],[105.312086,16.029603],[105.314613,16.029125],[105.317981,16.029543],[105.321802,16.029902],[105.327826,16.029603],[105.32964,16.029902],[105.332943,16.030082],[105.3367,16.029484],[105.343825,16.029543],[105.350626,16.029185],[105.352828,16.028885],[105.354383,16.028287],[105.355031,16.027689],[105.355549,16.026613],[105.357038,16.025775],[105.358075,16.025058],[105.359305,16.023682],[105.363516,16.020931],[105.364358,16.020692],[105.376405,16.020093],[105.385992,16.019077],[105.391173,16.018419],[105.397262,16.017342],[105.40076,16.016565],[105.403804,16.016565],[105.407885,16.016146],[105.410476,16.015548],[105.413131,16.014651],[105.41786,16.012139],[105.419479,16.009627],[105.421098,16.007593],[105.42356,16.006218],[105.424078,16.005261],[105.424207,16.004005],[105.423819,16.002749],[105.423106,16.001433],[105.425405,15.995895],[105.425843,15.993224],[105.425142,15.990715],[105.422512,15.988126],[105.419532,15.986345],[105.417166,15.985778],[105.407963,15.987235],[105.403843,15.988126],[105.394377,15.991444],[105.392712,15.991444],[105.389907,15.989906],[105.387102,15.98764],[105.384561,15.986507],[105.381668,15.985698],[105.378776,15.984645],[105.376935,15.983512],[105.37527,15.982056],[105.374569,15.980437],[105.374656,15.978333],[105.374919,15.976228],[105.373692,15.973962],[105.372027,15.972101],[105.367119,15.968944],[105.366856,15.968135],[105.366418,15.965221],[105.363262,15.95729],[105.361509,15.953486],[105.359581,15.950815],[105.357127,15.949116],[105.354787,15.947986],[105.351709,15.946221],[105.349764,15.942884],[105.348888,15.94078],[105.348099,15.937623],[105.347836,15.931877],[105.347135,15.930744],[105.345294,15.928316],[105.342928,15.924755],[105.342227,15.922246],[105.342314,15.918604],[105.342577,15.915205],[105.343454,15.912291],[105.345031,15.910268],[105.346346,15.909054],[105.348976,15.908487],[105.350991,15.907354],[105.352219,15.906302],[105.352569,15.905169],[105.352744,15.903712],[105.354059,15.90266],[105.35441,15.902093],[105.35476,15.900798],[105.35476,15.899989],[105.356776,15.895133],[105.357302,15.892948],[105.359429,15.887944],[105.360444,15.884903],[105.364795,15.876648],[105.366457,15.874519],[105.367562,15.872072],[105.367995,15.870691],[105.368959,15.869801],[105.369222,15.869073],[105.369485,15.867697],[105.370331,15.866719],[105.371063,15.865431],[105.371151,15.863407],[105.371676,15.860817],[105.372728,15.85758],[105.373692,15.856285],[105.375345,15.854569],[105.375708,15.8524],[105.376234,15.851348],[105.377198,15.850134],[105.377549,15.847787],[105.378162,15.846816],[105.380003,15.844954],[105.381668,15.842365],[105.383071,15.840503],[105.383509,15.839289],[105.38535,15.837832],[105.385963,15.836618],[105.386577,15.835162],[105.38684,15.83419],[105.387804,15.831681],[105.388417,15.830548],[105.389644,15.82375],[105.389732,15.819218],[105.390083,15.816871],[105.39017,15.815252],[105.390784,15.811367],[105.390521,15.810396],[105.390433,15.808696],[105.391835,15.806592],[105.392712,15.805054],[105.393851,15.803436],[105.39429,15.802384],[105.399724,15.796475],[105.4006,15.795342],[105.401652,15.794614],[105.40323,15.794371],[105.404983,15.794776],[105.407086,15.795019],[105.408401,15.794857],[105.410154,15.794452],[105.411732,15.793966],[105.413397,15.793238],[105.415325,15.792186],[105.417078,15.790972],[105.41962,15.789434],[105.420233,15.788382],[105.420759,15.787006],[105.420759,15.785873],[105.419971,15.783931],[105.41962,15.781907],[105.419006,15.780532],[105.419006,15.778994],[105.419094,15.777699],[105.41962,15.776404],[105.420584,15.773086],[105.421986,15.770981],[105.423213,15.769606],[105.42558,15.767258],[105.426544,15.765964],[105.427684,15.764021],[105.430927,15.759246],[105.431978,15.757142],[105.433468,15.755361],[105.435484,15.754309],[105.437588,15.7535],[105.442934,15.753095],[105.445827,15.751557],[105.448544,15.75091],[105.45056,15.749939],[105.452312,15.749212],[105.458097,15.747351],[105.461691,15.746217],[105.464583,15.745651],[105.466599,15.74557],[105.468352,15.746217],[105.470193,15.747998],[105.47142,15.749939],[105.473261,15.751719],[105.476153,15.753338],[105.479133,15.754795],[105.483077,15.757223],[105.485794,15.759084],[105.487985,15.760379],[105.489651,15.761512],[105.491316,15.762969],[105.492543,15.764264],[105.494121,15.765154],[105.495611,15.766287],[105.497013,15.766773],[105.499117,15.767016],[105.504025,15.767179],[105.507005,15.766613],[105.509547,15.765722],[105.511563,15.763456],[105.512614,15.761595],[105.513053,15.759895],[105.51428,15.758034],[105.515507,15.757224],[105.516558,15.756981],[105.521204,15.756901],[105.523307,15.75601],[105.526024,15.754149],[105.528128,15.752125],[105.530582,15.74994],[105.532511,15.748727],[105.535666,15.748322],[105.53777,15.748241],[105.543904,15.750021],[105.547231,15.750763],[105.550828,15.750345],[105.55188,15.74994],[105.555387,15.748079],[105.556614,15.746622],[105.558542,15.741119],[105.559419,15.739257],[105.563889,15.73691],[105.566869,15.735858],[105.570462,15.734887],[105.574231,15.733997],[105.581857,15.731002],[105.585888,15.729141],[105.590183,15.72736],[105.59588,15.724528],[105.599298,15.722261],[105.601051,15.720481],[105.603418,15.715139],[105.604733,15.710041],[105.605171,15.70567],[105.605872,15.702837],[105.607625,15.697496],[105.60929,15.694016],[105.611482,15.690212],[105.613059,15.688269],[105.615864,15.685922],[105.619282,15.683494],[105.623226,15.679691],[105.626469,15.67621],[105.629537,15.671516],[105.632692,15.666498],[105.634708,15.662614],[105.63541,15.660105],[105.636286,15.655734],[105.636812,15.651121],[105.636286,15.641976],[105.635848,15.639224],[105.635935,15.637443],[105.636812,15.633801],[105.636637,15.632506],[105.634445,15.626517],[105.633218,15.622552],[105.631202,15.616886],[105.629362,15.609683],[105.628573,15.605232],[105.627872,15.599971],[105.627171,15.595439],[105.627872,15.587912],[105.628047,15.583865],[105.627959,15.579009],[105.627258,15.576096],[105.626469,15.573425],[105.626031,15.570592],[105.625768,15.567841],[105.625418,15.565575],[105.624892,15.56347],[105.623314,15.560799],[105.621561,15.558452],[105.613059,15.551249],[105.607888,15.546231],[105.607537,15.545098],[105.606836,15.539757],[105.606135,15.538138],[105.604733,15.536762],[105.604031,15.535305],[105.603418,15.532554],[105.602454,15.529883],[105.601227,15.527698],[105.600526,15.526079],[105.599737,15.523894],[105.598334,15.52098],[105.596844,15.518067],[105.594741,15.51491],[105.593601,15.512563],[105.592813,15.509892],[105.592637,15.508031],[105.592988,15.506655],[105.593251,15.504227],[105.595179,15.500019],[105.596754,15.497693],[105.597594,15.494588],[105.600304,15.486478],[105.60264,15.480352],[105.60264,15.478627],[105.602453,15.474572],[105.602079,15.472156],[105.601145,15.46974],[105.599837,15.467497],[105.598529,15.464909],[105.597594,15.462752],[105.597034,15.458611],[105.59638,15.455937],[105.597408,15.450242],[105.597594,15.448085],[105.597127,15.445238],[105.595165,15.436438],[105.593951,15.432642],[105.592923,15.428501],[105.590867,15.424532],[105.588905,15.420478],[105.584607,15.414352],[105.581151,15.410901],[105.578721,15.408227],[105.572835,15.404085],[105.569752,15.40305],[105.568537,15.402015],[105.56508,15.400807],[105.56125,15.39865],[105.556017,15.398909],[105.555363,15.398823],[105.554336,15.397874],[105.552934,15.396321],[105.551252,15.396062],[105.547422,15.395199],[105.544712,15.393301],[105.540228,15.392179],[105.538172,15.391921],[105.535463,15.392611],[105.530978,15.39356],[105.524438,15.393215],[105.518084,15.391662],[105.510423,15.390109],[105.496502,15.386661],[105.494072,15.386402],[105.492204,15.385108],[105.491176,15.384504],[105.488186,15.380794],[105.48529,15.376998],[105.483328,15.374841],[105.481646,15.373374],[105.478283,15.371218],[105.476975,15.369923],[105.476154,15.368957],[105.475013,15.366731],[105.473985,15.363884],[105.472879,15.361334],[105.47193,15.359398],[105.470622,15.357759],[105.469314,15.355516],[105.468286,15.353272],[105.467632,15.350339],[105.467445,15.347665],[105.468005,15.345335],[105.469127,15.342057],[105.470902,15.338606],[105.473051,15.335586],[105.475013,15.334119],[105.477722,15.332653],[105.483235,15.330927],[105.485197,15.329978],[105.488186,15.327994],[105.491456,15.325233],[105.494072,15.322386],[105.496221,15.320747],[105.499959,15.320399],[105.502575,15.319709],[105.506181,15.31911],[105.508303,15.318482],[105.512939,15.319543],[105.518084,15.321003],[105.519885,15.32252],[105.52367,15.322924],[105.529797,15.323294],[105.534173,15.323684],[105.539608,15.32454],[105.544879,15.323708],[105.549104,15.322124],[105.551346,15.321607],[105.553215,15.321348],[105.559194,15.322211],[105.561436,15.322728],[105.563585,15.323505],[105.565734,15.324109],[105.571434,15.326869],[105.574645,15.328986],[105.576199,15.322469],[105.577507,15.320313],[105.578628,15.319536],[105.579469,15.317983],[105.580964,15.318069],[105.582645,15.316948],[105.583393,15.315913],[105.584234,15.315913],[105.584888,15.314532],[105.584981,15.313497],[105.583673,15.311771],[105.583486,15.310132],[105.582272,15.309011],[105.581991,15.307458],[105.581991,15.30625],[105.582178,15.304524],[105.582926,15.30323],[105.582926,15.301677],[105.58358,15.300469],[105.584234,15.298658],[105.584327,15.295983],[105.584514,15.294344],[105.585448,15.292101],[105.585822,15.290462],[105.586009,15.289081],[105.586009,15.287701],[105.586663,15.286493],[105.587691,15.28494],[105.589653,15.281144],[105.59068,15.279936],[105.591615,15.278211],[105.591615,15.276571],[105.592362,15.27381],[105.590961,15.271222],[105.590026,15.270014],[105.589092,15.269238],[105.588438,15.268375],[105.587317,15.267254],[105.58685,15.266132],[105.586196,15.265183],[105.585448,15.264407],[105.583673,15.261818],[105.581898,15.259834],[105.580216,15.258885],[105.579002,15.258454],[105.576759,15.258367],[105.575358,15.25854],[105.57405,15.259144],[105.572835,15.259575],[105.57106,15.25992],[105.568537,15.25992],[105.564053,15.261732],[105.560502,15.26225],[105.559568,15.261473],[105.55882,15.26061],[105.557045,15.259316],[105.555924,15.257936],[105.555083,15.257073],[105.554803,15.256124],[105.554709,15.255261],[105.554896,15.254399],[105.556765,15.251638],[105.557139,15.250775],[105.557326,15.249999],[105.557045,15.249053],[105.556484,15.248621],[105.555176,15.249743],[105.554149,15.250344],[105.553588,15.251552],[105.552654,15.252156],[105.549944,15.252587],[105.548169,15.253191],[105.546301,15.25345],[105.544432,15.253536],[105.541816,15.252932],[105.53976,15.252069],[105.537798,15.249826],[105.535275,15.246551],[105.534621,15.245084],[105.534061,15.244049],[105.533126,15.243963],[105.531538,15.244567],[105.531071,15.244222],[105.530884,15.24172],[105.529109,15.239477],[105.524157,15.234128],[105.52369,15.233006],[105.523516,15.232001],[105.522755,15.231626],[105.521728,15.231367],[105.521167,15.230504],[105.520233,15.22783],[105.516869,15.223171],[105.516215,15.221791],[105.516402,15.219461],[105.516028,15.218685],[105.515001,15.218167],[105.512665,15.217477],[105.51173,15.216873],[105.510796,15.21532],[105.510049,15.213509],[105.508647,15.211352],[105.506592,15.211352],[105.504349,15.210403],[105.502948,15.209195],[105.499958,15.208246],[105.499304,15.207727],[105.496781,15.206088],[105.496408,15.205484],[105.49538,15.205311],[105.494352,15.204707],[105.493978,15.203672],[105.493885,15.202205],[105.493324,15.200135],[105.491923,15.198409],[105.491269,15.197202],[105.491829,15.196425],[105.492951,15.195821],[105.494072,15.19539],[105.49538,15.194527],[105.49566,15.193837],[105.495286,15.193147],[105.493605,15.190731],[105.493044,15.191076],[105.49211,15.193147],[105.491456,15.193837],[105.490428,15.193923],[105.489681,15.193664],[105.48884,15.192284],[105.488559,15.189868],[105.487718,15.189006],[105.485663,15.188316],[105.483794,15.187798],[105.482393,15.187022],[105.481085,15.185727],[105.479029,15.182967],[105.478749,15.181414],[105.477441,15.180896],[105.476133,15.180206],[105.475479,15.179343],[105.474264,15.177445],[105.474358,15.176669],[105.475386,15.176065],[105.476226,15.175375],[105.477254,15.173218],[105.478843,15.168818],[105.478656,15.167869],[105.477721,15.16761],[105.474732,15.16761],[105.473911,15.167511],[105.473143,15.167265],[105.471181,15.164591],[105.470247,15.160967],[105.469499,15.159156],[105.469313,15.15743],[105.469593,15.156395],[105.470901,15.155705],[105.472022,15.155705],[105.476507,15.154238],[105.479029,15.153203],[105.482113,15.152168],[105.483794,15.151391],[105.48641,15.150787],[105.48641,15.150183],[105.484168,15.149493],[105.483234,15.148458],[105.482019,15.146646],[105.480524,15.145093],[105.479216,15.143195],[105.47604,15.137587],[105.474732,15.136552],[105.47333,15.136035],[105.471742,15.135776],[105.468356,15.13336],[105.467651,15.13263],[105.466541,15.130769],[105.468098,15.12896],[105.467724,15.126286],[105.467818,15.125854],[105.469219,15.125337],[105.469967,15.124129],[105.47034,15.122749],[105.470527,15.120937],[105.474825,15.117314],[105.476787,15.115761],[105.481739,15.113172],[105.482673,15.111878],[105.482393,15.110757],[105.482113,15.108945],[105.482206,15.106357],[105.481739,15.103769],[105.480057,15.101871],[105.479216,15.100577],[105.47959,15.099541],[105.480805,15.09842],[105.482486,15.097643],[105.484916,15.096263],[105.487999,15.095142],[105.489867,15.093761],[105.491829,15.093502],[105.493978,15.094106],[105.495754,15.093847],[105.497248,15.092812],[105.499771,15.091863],[105.499584,15.091346],[105.504069,15.089277],[105.505657,15.088241],[105.506218,15.087982],[105.50818,15.08781],[105.510329,15.087033],[105.511917,15.086257],[105.514253,15.085481],[105.515281,15.084618],[105.516028,15.08341],[105.516215,15.082634],[105.514814,15.080477],[105.513599,15.077889],[105.514066,15.076508],[105.513693,15.074179],[105.513786,15.072022],[105.514253,15.070469],[105.514347,15.068916],[105.514347,15.066069],[105.513412,15.064516],[105.513225,15.06374],[105.513412,15.063395],[105.514066,15.06305],[105.514627,15.06305],[105.515468,15.063222],[105.516589,15.064085],[105.517897,15.064516],[105.519672,15.064689],[105.521541,15.064258],[105.523503,15.063567],[105.525932,15.062101],[105.526866,15.062101],[105.528455,15.062877],[105.530043,15.063912],[105.532659,15.065379],[105.534341,15.065379],[105.535088,15.064948],[105.536303,15.063654],[105.536957,15.063481],[105.537891,15.063912],[105.538732,15.064603],[105.538919,15.065379],[105.538452,15.067191],[105.539106,15.068312],[105.54004,15.06883],[105.54303,15.06883],[105.544245,15.068312],[105.545926,15.066932],[105.548075,15.063826],[105.548356,15.063826],[105.550504,15.064689],[105.551999,15.064775],[105.553214,15.064689],[105.554242,15.06374],[105.554709,15.063136],[105.555083,15.06236],[105.554896,15.060375],[105.555083,15.059254],[105.555456,15.058391],[105.554989,15.054509],[105.554429,15.05356],[105.553775,15.052697],[105.553307,15.051489],[105.553027,15.049936],[105.55256,15.04847],[105.551906,15.047262],[105.551252,15.046485],[105.547234,15.045019],[105.546861,15.044674],[105.546861,15.044242],[105.547234,15.04338],[105.547608,15.042776],[105.547515,15.042086],[105.547048,15.040101],[105.546954,15.038376],[105.547515,15.037945],[105.548169,15.036909],[105.549103,15.034839],[105.552093,15.030698],[105.553494,15.029835],[105.555269,15.029145],[105.557138,15.028886],[105.560969,15.029576],[105.563118,15.029576],[105.564426,15.029404],[105.564893,15.028972],[105.565173,15.028109],[105.565267,15.027333],[105.564799,15.024831],[105.565267,15.023882],[105.566201,15.023278],[105.570686,15.021984],[105.5719,15.02138],[105.573115,15.018965],[105.573489,15.018016],[105.573582,15.017153],[105.574143,15.015945],[105.573956,15.015255],[105.572648,15.012753],[105.572928,15.011631],[105.573208,15.00982],[105.573208,15.008181],[105.572835,15.006196],[105.573302,15.005592],[105.573956,15.004989],[105.573956,15.003522],[105.573208,15.001538],[105.573115,15.000847],[105.573769,14.999985],[105.57482,14.998341],[105.575755,14.998082],[105.580146,14.997996],[105.582015,14.998686],[105.583136,14.998686],[105.586032,14.99722],[105.588088,14.996616],[105.598645,14.995581],[105.600514,14.995063],[105.60285,14.994114],[105.606213,14.992992],[105.608082,14.991871],[105.60911,14.990749],[105.611165,14.98704],[105.61266,14.984624],[105.613408,14.983848],[105.614902,14.982985],[105.616117,14.98195],[105.619294,14.979793],[105.620228,14.977636],[105.620975,14.976342],[105.622003,14.975911],[105.623031,14.975738],[105.624152,14.975738],[105.623685,14.974875],[105.618079,14.972287],[105.616117,14.972287],[105.615089,14.972546],[105.613968,14.97315],[105.611913,14.973236],[105.610137,14.971769],[105.606587,14.971252],[105.605653,14.970475],[105.605186,14.969268],[105.604999,14.967801],[105.604625,14.966507],[105.604251,14.965817],[105.603597,14.96504],[105.603037,14.964781],[105.600701,14.964954],[105.599113,14.964436],[105.597898,14.963919],[105.596123,14.962711],[105.594721,14.962107],[105.594441,14.961589],[105.5936,14.958915],[105.592292,14.955464],[105.591264,14.954688],[105.590143,14.952703],[105.589769,14.951495],[105.589115,14.950892],[105.58734,14.948648],[105.586126,14.947527],[105.584631,14.945974],[105.583696,14.944076],[105.583229,14.941315],[105.58108,14.942351],[105.579212,14.944076],[105.577997,14.944939],[105.575288,14.946319],[105.569495,14.950546],[105.569121,14.951495],[105.569214,14.952876],[105.569121,14.954084],[105.568654,14.954774],[105.568187,14.955291],[105.567159,14.955723],[105.564823,14.954515],[105.564263,14.954515],[105.563889,14.954256],[105.562207,14.954342],[105.561086,14.954256],[105.559685,14.954601],[105.557909,14.955378],[105.556601,14.956068],[105.554265,14.95417],[105.552957,14.952186],[105.55221,14.950288],[105.55193,14.948648],[105.55193,14.94675],[105.553238,14.942782],[105.553051,14.94166],[105.551836,14.939072],[105.550902,14.937519],[105.549874,14.936225],[105.549033,14.934241],[105.54894,14.933033],[105.548473,14.93079],[105.547538,14.928547],[105.546978,14.928029],[105.545576,14.926994],[105.54539,14.926735],[105.545296,14.92639],[105.545763,14.925959],[105.547538,14.92501],[105.548286,14.924924],[105.54922,14.924061],[105.550248,14.923371],[105.551369,14.923026],[105.552677,14.923284],[105.554265,14.924233],[105.555947,14.924665],[105.557162,14.924665],[105.55819,14.924061],[105.55875,14.923284],[105.55903,14.922163],[105.55903,14.921473],[105.561273,14.918712],[105.561927,14.917245],[105.562301,14.915434],[105.562861,14.913708],[105.564169,14.910947],[105.567159,14.907583],[105.569308,14.906461],[105.570523,14.905426],[105.57127,14.903959],[105.572485,14.902665],[105.573793,14.901544],[105.57454,14.900595],[105.575474,14.898956],[105.576689,14.89723],[105.577436,14.895418],[105.577436,14.894038],[105.57781,14.893003],[105.578558,14.89214],[105.578371,14.890674],[105.578558,14.889293],[105.578931,14.883858],[105.579399,14.882219],[105.579866,14.879803],[105.579959,14.87894],[105.579399,14.878164],[105.577904,14.879458],[105.570523,14.881097],[105.567346,14.879803],[105.565384,14.879113],[105.563609,14.878768],[105.562487,14.878423],[105.560993,14.876956],[105.559871,14.876352],[105.55875,14.876007],[105.556975,14.876007],[105.555574,14.87549],[105.552397,14.876266],[105.551182,14.876007],[105.550061,14.87549],[105.54922,14.874886],[105.547819,14.871694],[105.547165,14.870572],[105.545109,14.869105],[105.543427,14.867639],[105.542867,14.866862],[105.54268,14.864188],[105.54268,14.86229],[105.54539,14.859702],[105.546324,14.858925],[105.546791,14.858408],[105.546791,14.856941],[105.546698,14.85582],[105.546884,14.855302],[105.549033,14.853576],[105.5495,14.8528],[105.54955,14.851553],[105.550061,14.849867],[105.550622,14.847537],[105.551276,14.846675],[105.551182,14.845984],[105.551369,14.845467],[105.553425,14.844863],[105.556321,14.843828],[105.558376,14.842534],[105.558937,14.842102],[105.559311,14.841412],[105.559778,14.840204],[105.559871,14.8396],[105.559591,14.839083],[105.558657,14.83891],[105.556695,14.839255],[105.556228,14.839255],[105.555854,14.839083],[105.554172,14.835632],[105.553705,14.835114],[105.55249,14.834251],[105.549781,14.833302],[105.546791,14.832008],[105.545763,14.831663],[105.545109,14.831318],[105.543054,14.829852],[105.541746,14.828126],[105.540531,14.826142],[105.539223,14.823554],[105.537822,14.821311],[105.537354,14.819758],[105.537074,14.819499],[105.536607,14.819413],[105.535766,14.82062],[105.534738,14.821052],[105.532776,14.821138],[105.531188,14.821397],[105.527918,14.822173],[105.525395,14.823381],[105.523807,14.824761],[105.522779,14.82502],[105.521565,14.824675],[105.519322,14.823122],[105.518388,14.822001],[105.517734,14.818032],[105.517734,14.815617],[105.517547,14.813115],[105.517734,14.811993],[105.516986,14.808801],[105.515678,14.806558],[105.515678,14.805523],[105.515398,14.804919],[105.51437,14.803884],[105.513062,14.802762],[105.511848,14.801209],[105.511474,14.80026],[105.511194,14.799139],[105.511287,14.798103],[105.511848,14.797413],[105.513062,14.796809],[105.515305,14.796378],[105.51708,14.795774],[105.518575,14.795084],[105.519509,14.794998],[105.520163,14.794739],[105.520256,14.794307],[105.52007,14.793876],[105.519322,14.793272],[105.516519,14.793013],[105.515211,14.792409],[105.515211,14.791288],[105.515585,14.790425],[105.518855,14.788527],[105.52035,14.787751],[105.521378,14.787061],[105.522499,14.785939],[105.525021,14.784127],[105.525115,14.782402],[105.524741,14.781453],[105.5239,14.78059],[105.522405,14.780159],[105.521471,14.779641],[105.520911,14.777657],[105.520443,14.777225],[105.518108,14.776622],[105.515398,14.775414],[105.51409,14.773429],[105.513623,14.772308],[105.513343,14.7711],[105.513529,14.769375],[105.513529,14.768339],[105.513343,14.767649],[105.512689,14.766441],[105.512408,14.765665],[105.512969,14.764802],[105.514277,14.764112],[105.515585,14.763853],[105.516706,14.763853],[105.517267,14.763336],[105.517547,14.762387],[105.516986,14.760834],[105.516146,14.759885],[105.515678,14.758849],[105.514744,14.757469],[105.512689,14.755399],[105.512128,14.75445],[105.512595,14.753242],[105.513529,14.752293],[105.515678,14.750481],[105.516426,14.750309],[105.518014,14.750309],[105.518668,14.749963],[105.52119,14.749141],[105.522545,14.748019],[105.524414,14.744999],[105.526282,14.742972],[105.528852,14.741246],[105.530954,14.740039],[105.53329,14.739089],[105.5367,14.740211],[105.538568,14.740384],[105.541044,14.740168],[105.54366,14.738701],[105.544595,14.737752],[105.544782,14.736544],[105.544875,14.734474],[105.545155,14.73387],[105.545903,14.733007],[105.546557,14.731368],[105.54637,14.730721],[105.54609,14.730591],[105.5431,14.731411],[105.540297,14.731626],[105.538101,14.731454],[105.536046,14.730936],[105.534317,14.730677],[105.532402,14.730634],[105.530066,14.730721],[105.524974,14.729599],[105.522452,14.728822],[105.521144,14.728175],[105.519882,14.727097],[105.519275,14.726277],[105.519929,14.725113],[105.521097,14.724207],[105.521424,14.723301],[105.521704,14.720928],[105.522031,14.718987],[105.52091,14.716269],[105.520583,14.715061],[105.52063,14.714069],[105.521144,14.713034],[105.523152,14.711351],[105.524227,14.7101],[105.524741,14.707469],[105.524834,14.705873],[105.524787,14.704104],[105.524414,14.702508],[105.52362,14.700696],[105.522405,14.69992],[105.519836,14.700006],[105.518061,14.699661],[105.516893,14.698841],[105.515631,14.69759],[105.515211,14.696253],[105.515912,14.692586],[105.51708,14.690947],[105.518901,14.689696],[105.520583,14.688962],[105.521798,14.687366],[105.524741,14.682923],[105.525488,14.681197],[105.526329,14.680464],[105.527263,14.679817],[105.52745,14.679386],[105.527357,14.678954],[105.524741,14.676754],[105.523059,14.674985],[105.521704,14.673217],[105.521144,14.671923],[105.520443,14.671319],[105.518855,14.670327],[105.517266,14.667824],[105.516379,14.666271],[105.516192,14.66502],[105.516706,14.663036],[105.517033,14.66213],[105.516566,14.660793],[105.516192,14.65924],[105.516566,14.657989],[105.519088,14.655918],[105.519275,14.654667],[105.517734,14.6532],[105.5175,14.652079],[105.518528,14.650871],[105.521377,14.649491],[105.525769,14.64811],[105.527263,14.647938],[105.528151,14.647161],[105.528058,14.645349],[105.528478,14.644012],[105.530206,14.642071],[105.530533,14.640431],[105.529693,14.638706],[105.527871,14.637067],[105.525722,14.63478],[105.524974,14.633918],[105.524507,14.633098],[105.524647,14.632408],[105.52675,14.630682],[105.527684,14.629302],[105.528478,14.627058],[105.528945,14.624815],[105.529926,14.623176],[105.530814,14.6224],[105.532636,14.622227],[105.536186,14.623133],[105.537354,14.623047],[105.540904,14.621105],[105.541932,14.620674],[105.542259,14.619768],[105.541838,14.618905],[105.539363,14.617525],[105.538008,14.61649],[105.536887,14.614117],[105.536139,14.613211],[105.534037,14.611615],[105.531655,14.610364],[105.53058,14.609242],[105.530113,14.608595],[105.530113,14.604972],[105.529833,14.60316],[105.529693,14.601218],[105.529225,14.600183],[105.528898,14.597595],[105.528945,14.595222],[105.529459,14.594014],[105.531701,14.592806],[105.535625,14.592159],[105.536373,14.591038],[105.536466,14.589657],[105.53712,14.588795],[105.537401,14.587802],[105.537401,14.58694],[105.537821,14.585732],[105.538615,14.584265],[105.538849,14.583488],[105.538709,14.582453],[105.538055,14.581073],[105.536326,14.57883],[105.534411,14.578053],[105.533336,14.577233],[105.532682,14.57581],[105.531888,14.574774],[105.530347,14.573955],[105.529366,14.573092],[105.528945,14.571841],[105.529599,14.568735],[105.530393,14.566104],[105.531748,14.564206],[105.534925,14.559158],[105.534831,14.55795],[105.534224,14.556699],[105.534037,14.555448],[105.533476,14.553248],[105.532682,14.552644],[105.530767,14.552903],[105.527777,14.552817],[105.526282,14.552688],[105.525348,14.552342],[105.524133,14.551436],[105.523526,14.549582],[105.523806,14.547554],[105.524554,14.544793],[105.524087,14.541256],[105.525115,14.539789],[105.526002,14.53802],[105.526469,14.536467],[105.526376,14.536122],[105.525909,14.536165],[105.523573,14.537805],[105.522358,14.538538],[105.520163,14.538711],[105.517687,14.538754],[105.516659,14.538365],[105.515772,14.537071],[105.514884,14.533448],[105.514136,14.532154],[105.512268,14.530687],[105.511007,14.52922],[105.509839,14.527322],[105.507923,14.523483],[105.507036,14.522879],[105.505307,14.522189],[105.503252,14.521843],[105.501897,14.521455],[105.501243,14.521067],[105.500823,14.520463],[105.500542,14.518651],[105.500169,14.5174],[105.500075,14.516667],[105.500776,14.515588],[105.50129,14.514122],[105.501056,14.513129],[105.500589,14.512655],[105.499842,14.512525],[105.498791,14.512972],[105.496922,14.512757],[105.4944,14.511894],[105.492064,14.510212],[105.488,14.509263],[105.486178,14.508357],[105.48487,14.507623],[105.484029,14.506545],[105.483281,14.505898],[105.482394,14.505898],[105.481319,14.506329],[105.480665,14.506286],[105.480525,14.505898],[105.480899,14.504862],[105.482254,14.503439],[105.483935,14.50249],[105.484963,14.502145],[105.486318,14.502145],[105.487159,14.501886],[105.487813,14.501196],[105.487673,14.500592],[105.487205,14.499945],[105.480385,14.493993],[105.479731,14.493044],[105.479824,14.490757],[105.479778,14.489377],[105.47847,14.486142],[105.476041,14.48351],[105.475387,14.482432],[105.474032,14.481397],[105.473752,14.48075],[105.473938,14.480318],[105.474079,14.479542],[105.473798,14.478679],[105.471603,14.474668],[105.470341,14.471519],[105.469547,14.470397],[105.4688,14.469621],[105.467445,14.469017],[105.465623,14.468413],[105.463147,14.467464],[105.461839,14.467205],[105.461232,14.466644],[105.460251,14.465695],[105.458616,14.463582],[105.457822,14.461899],[105.457448,14.460648],[105.457261,14.457672],[105.456,14.454092],[105.455533,14.453574],[105.454832,14.453272],[105.453524,14.453186],[105.452216,14.453315],[105.451095,14.453013],[105.449974,14.452107],[105.449413,14.450943],[105.449366,14.449864],[105.449553,14.448915],[105.44932,14.448096],[105.448525,14.447492],[105.447591,14.447017],[105.446657,14.446198],[105.445582,14.44499],[105.44376,14.4421],[105.443106,14.438692],[105.442873,14.436751],[105.44292,14.434939],[105.442312,14.431014],[105.441705,14.429978],[105.44007,14.427951],[105.439229,14.427563],[105.437734,14.427779],[105.435258,14.427908],[105.434417,14.427779],[105.433063,14.427002],[105.431334,14.425665],[105.430307,14.42463],[105.429886,14.423336],[105.429326,14.422041],[105.428858,14.41941],[105.428999,14.41803],[105.429326,14.416822],[105.429139,14.416089],[105.428531,14.415744],[105.426102,14.415959],[105.424701,14.415959],[105.42372,14.416434],[105.422645,14.419194],[105.422272,14.420618],[105.421244,14.421696],[105.419048,14.423034],[105.416946,14.42463],[105.415545,14.425579],[105.414657,14.426312],[105.413956,14.427563],[105.413162,14.428728],[105.410032,14.429547],[105.408631,14.429375],[105.407463,14.428986],[105.406715,14.428641],[105.406529,14.427951],[105.40751,14.425924],[105.407416,14.424802],[105.406575,14.423767],[105.4048,14.422732],[105.403913,14.421783],[105.403492,14.420747],[105.403445,14.418159],[105.403632,14.417426],[105.404333,14.415571],[105.404006,14.414665],[105.402932,14.413242],[105.402044,14.411904],[105.401343,14.410653],[105.400456,14.409661],[105.39868,14.408497],[105.396672,14.407591],[105.395177,14.406771],[105.394009,14.406469],[105.392935,14.406469],[105.391813,14.406728],[105.390552,14.407418],[105.38873,14.409661],[105.387609,14.410524],[105.387002,14.410567],[105.386721,14.409834],[105.386768,14.408626],[105.387142,14.406167],[105.387142,14.405132],[105.386348,14.403665],[105.386348,14.403018],[105.387048,14.399956],[105.387469,14.39892],[105.387422,14.397756],[105.387095,14.396764],[105.386721,14.396117],[105.386254,14.395944],[105.38574,14.39616],[105.384479,14.397971],[105.383545,14.39905],[105.382938,14.399611],[105.381863,14.400128],[105.380835,14.400344],[105.379948,14.399999],[105.37878,14.39905],[105.37607,14.397799],[105.374949,14.397756],[105.373875,14.39836],[105.372894,14.399309],[105.372146,14.399309],[105.371165,14.398662],[105.369717,14.397324],[105.36897,14.39603],[105.368269,14.395038],[105.367428,14.394046],[105.36584,14.392838],[105.364298,14.391372],[105.362009,14.388697],[105.361122,14.387878],[105.36,14.387317],[105.358085,14.387058],[105.357011,14.387489],[105.355843,14.387791],[105.354114,14.387834],[105.352386,14.387533],[105.350237,14.386885],[105.345659,14.385721],[105.344444,14.385246],[105.342389,14.384254],[105.340987,14.384125],[105.340567,14.384297],[105.339913,14.385203],[105.339259,14.386454],[105.338652,14.387878],[105.337671,14.388827],[105.336736,14.389517],[105.334681,14.391544],[105.332952,14.392925],[105.331131,14.394003],[105.329589,14.395211],[105.328094,14.395858],[105.326646,14.396893],[105.324824,14.39767],[105.323376,14.398101],[105.321881,14.398101],[105.320293,14.397454],[105.319265,14.396505],[105.318564,14.39534],[105.31805,14.394003],[105.316929,14.392234],[105.314874,14.389862],[105.312585,14.387533],[105.311557,14.386238],[105.310763,14.384815],[105.310296,14.383435],[105.308287,14.379811],[105.307306,14.377827],[105.306652,14.376748],[105.305064,14.375109],[105.305297,14.374333],[105.305671,14.373686],[105.305344,14.372694],[105.30441,14.371615],[105.303942,14.370882],[105.303756,14.370019],[105.303942,14.367776],[105.303756,14.366784],[105.303475,14.366137],[105.302821,14.365878],[105.301887,14.365878],[105.300392,14.366611],[105.298897,14.367776],[105.297075,14.368725],[105.295954,14.368725],[105.291983,14.368078],[105.291236,14.367862],[105.290722,14.366957],[105.290208,14.365792],[105.289367,14.364929],[105.288433,14.364757],[105.287218,14.365188],[105.286144,14.365792],[105.284743,14.365964],[105.283855,14.365792],[105.283061,14.365145],[105.282781,14.363549],[105.282454,14.355957],[105.28208,14.35449],[105.281332,14.353714],[105.279277,14.353326],[105.277268,14.353541],[105.275586,14.353843],[105.274138,14.354878],[105.27269,14.356129],[105.272083,14.356776],[105.270167,14.357725],[105.269186,14.358502],[105.267598,14.360141],[105.266477,14.360702],[105.261151,14.362125],[105.257321,14.362298],[105.255219,14.362255],[105.253397,14.361996],[105.251295,14.361565],[105.25036,14.36109],[105.249893,14.360529],[105.248209,14.359579],[105.246948,14.358544],[105.246574,14.357379],[105.246574,14.355826],[105.246481,14.354877],[105.246107,14.354144],[105.244799,14.353367],[105.24279,14.351814],[105.241903,14.350693],[105.241108,14.350046],[105.240127,14.349744],[105.236437,14.350132],[105.235689,14.350003],[105.235269,14.349399],[105.234334,14.346077],[105.234054,14.344352],[105.233821,14.342756],[105.233821,14.341764],[105.234194,14.339521],[105.234194,14.338485],[105.233587,14.336846],[105.232092,14.335466],[105.230364,14.334517],[105.228168,14.333482],[105.226486,14.333309],[105.224851,14.333784],[105.222842,14.335164],[105.220974,14.33676],[105.220039,14.336717],[105.218918,14.335682],[105.217937,14.334905],[105.216722,14.334948],[105.215835,14.335811],[105.214246,14.338011],[105.213079,14.339823],[105.211443,14.341807],[105.210135,14.342799],[105.209014,14.34323],[105.206032,14.343307],[105.205671,14.343425],[105.205412,14.343701],[105.203895,14.344011],[105.203619,14.344166],[105.203447,14.344442],[105.203361,14.344787],[105.203067,14.345011],[105.201843,14.345218],[105.201326,14.345493],[105.201033,14.345924],[105.200913,14.346493],[105.200568,14.347045],[105.200068,14.347407],[105.198378,14.3482],[105.198046,14.348451],[105.196923,14.348308],[105.19548,14.34789],[105.192887,14.346787],[105.19163,14.346102],[105.190205,14.344901],[105.188719,14.34339],[105.187069,14.342131],[105.186064,14.341976],[105.184776,14.341845],[105.183655,14.341886],[105.182806,14.341983],[105.181438,14.342347],[105.180768,14.342754],[105.180181,14.343276],[105.178879,14.3447],[105.177492,14.345583],[105.176549,14.345911],[105.175755,14.345535],[105.175006,14.344733],[105.172763,14.341163],[105.171836,14.338553],[105.171359,14.337819],[105.170468,14.337017],[105.169781,14.336676],[105.16895,14.33607],[105.168374,14.334942],[105.168649,14.334282],[105.1688,14.332674],[105.168231,14.33103],[105.167554,14.32976],[105.167208,14.328355],[105.167358,14.326759],[105.168474,14.325703],[105.170311,14.324353],[105.172698,14.323724],[105.174639,14.322694],[105.176016,14.32124],[105.176854,14.319282],[105.177103,14.316921],[105.17675,14.314706],[105.175782,14.312718],[105.174283,14.31067],[105.17292,14.309615],[105.171871,14.309496],[105.170941,14.309013],[105.170247,14.306627],[105.169174,14.304455],[105.167987,14.303549],[105.166101,14.30321],[105.164167,14.303065],[105.162908,14.302569],[105.161613,14.301914],[105.160804,14.300998],[105.160516,14.299878],[105.160409,14.298042],[105.160318,14.295269],[105.160356,14.292886],[105.160593,14.290616],[105.160271,14.289166],[105.158999,14.288761],[105.156289,14.288238],[105.15458,14.287739],[105.153392,14.287165],[105.152417,14.286441],[105.151447,14.284931],[105.150877,14.283469],[105.150239,14.279587],[105.150101,14.276998],[105.150404,14.275597],[105.150953,14.274412],[105.151943,14.272557],[105.153003,14.270908],[105.153309,14.268969],[105.152584,14.26794],[105.150976,14.266518],[105.147003,14.263935],[105.145018,14.262534],[105.143882,14.261093],[105.143596,14.259495],[105.144756,14.25894],[105.14993,14.25975],[105.151157,14.259607],[105.152649,14.258655],[105.153763,14.257792],[105.154312,14.256825],[105.154065,14.254668],[105.153611,14.253526],[105.153132,14.252816],[105.152777,14.251786],[105.151827,14.250429],[105.148958,14.247394],[105.14749,14.245169],[105.147063,14.244105],[105.146883,14.243048],[105.146542,14.242201],[105.145262,14.24079],[105.143864,14.239417],[105.142891,14.23806],[105.14195,14.237243],[105.140431,14.236435],[105.13729,14.234186],[105.13583,14.233354],[105.134496,14.232278],[105.13248,14.230464],[105.130706,14.228196],[105.129715,14.227232],[105.127688,14.225474],[105.126678,14.224843],[105.119503,14.222935],[105.117164,14.222392],[105.116194,14.222083],[105.115078,14.221452],[105.113424,14.219344],[105.112074,14.217095],[105.111066,14.215773],[105.109101,14.214153],[105.107383,14.213451],[105.10513,14.213135],[105.10374,14.213074],[105.102539,14.213135],[105.101694,14.213376],[105.101098,14.213649],[105.100106,14.214353],[105.099123,14.214804],[105.096289,14.215072],[105.094131,14.215722],[105.093413,14.215765],[105.092282,14.214895],[105.090739,14.213959],[105.088409,14.212368],[105.085896,14.210329],[105.084674,14.209654],[105.08247,14.209568],[105.080822,14.210476],[105.079543,14.211644],[105.078411,14.212396],[105.077358,14.212893],[105.07656,14.213065],[105.074545,14.213],[105.068245,14.213013],[105.063104,14.213403],[105.060608,14.213482],[105.058988,14.213826],[105.056877,14.214498],[105.05459,14.214309],[105.053168,14.214488],[105.0514,14.214431],[105.050194,14.214896],[105.049104,14.216223],[105.048153,14.218123],[105.047836,14.219048],[105.047858,14.219796],[105.047562,14.220583],[105.04703,14.221315],[105.046713,14.222252],[105.04656,14.22398],[105.046625,14.225304],[105.046513,14.226571],[105.046168,14.227221],[105.045252,14.227416],[105.042757,14.227519],[105.04032,14.228506],[105.039622,14.229124],[105.039155,14.229407],[105.036708,14.230509],[105.036277,14.230814],[105.035896,14.231395],[105.035442,14.231781],[105.034295,14.232337],[105.032525,14.23381],[105.032096,14.234322],[105.031162,14.235796],[105.031068,14.236707],[105.031347,14.237279],[105.03152,14.237864],[105.030494,14.237796],[105.029441,14.237453],[105.028733,14.237336],[105.027827,14.237382],[105.026782,14.23766],[105.025951,14.237994],[105.023811,14.240025],[105.022792,14.24135],[105.021967,14.24303],[105.021773,14.244436],[105.021107,14.246506],[105.020549,14.248804],[105.020692,14.249826],[105.021114,14.250604],[105.020937,14.251435],[105.02182,14.252863],[105.022286,14.253846],[105.022465,14.255239],[105.022539,14.256631],[105.022979,14.258025],[105.023607,14.259363],[105.026213,14.263208],[105.02664,14.264841],[105.025991,14.264838],[105.024636,14.264592],[105.023927,14.264737],[105.022865,14.264675],[105.021795,14.264111],[105.020819,14.263718],[105.020145,14.263898],[105.019443,14.264898],[105.018818,14.266686],[105.01804,14.268303],[105.017101,14.26945],[105.016789,14.270361],[105.015969,14.271178],[105.015382,14.272578],[105.015691,14.27404],[105.015657,14.275728],[105.01538,14.276662],[105.013113,14.278751],[105.012313,14.280252],[105.009595,14.284482],[105.006356,14.289177],[105.004953,14.290756],[105.004295,14.293971],[105.004439,14.297382],[105.004127,14.299878],[105.002764,14.302689],[105.0004,14.305153],[104.997557,14.30693],[104.995684,14.30858],[104.994798,14.308946],[104.993379,14.309729],[104.992137,14.310487],[104.991095,14.311267],[104.988502,14.313797],[104.987009,14.315545],[104.986016,14.316451],[104.985129,14.317413],[104.984489,14.318292],[104.984429,14.319349],[104.985286,14.320237],[104.986068,14.320667],[104.988203,14.320854],[104.990625,14.321347],[104.991471,14.322326],[104.992461,14.324811],[104.99277,14.326347],[104.993206,14.327549],[104.993285,14.32965],[104.992306,14.333382],[104.992399,14.33445],[104.993155,14.335868],[104.993265,14.337521],[104.993055,14.33905],[104.99269,14.340364],[104.992538,14.341698],[104.992716,14.343098],[104.993415,14.344654],[104.994287,14.34584],[104.995704,14.34727],[104.997084,14.348404],[104.998573,14.350689],[104.999523,14.353634],[104.999998,14.355992],[105.000335,14.357143],[105.000694,14.357993],[105.002424,14.36098],[105.002666,14.361992],[105.002579,14.363213],[105.002232,14.364563],[105.001355,14.366018],[104.998129,14.36965],[104.99739,14.370552],[104.995999,14.372523],[104.995499,14.372943],[104.995006,14.373656],[104.994025,14.376137],[104.994134,14.376688],[104.994563,14.377627],[104.994648,14.378418],[104.99458,14.379164],[104.994382,14.379669],[104.993652,14.379992],[104.992859,14.379617],[104.991616,14.378716],[104.991025,14.378512],[104.990047,14.37886],[104.989612,14.379228],[104.988873,14.380321],[104.987169,14.382162],[104.98624,14.383027],[104.983758,14.384917],[104.982792,14.38554],[104.981885,14.385831],[104.980528,14.385893],[104.97936,14.386069],[104.977782,14.387004],[104.977359,14.387453],[104.975293,14.390351],[104.973824,14.391951],[104.972457,14.392335],[104.970002,14.392355],[104.969056,14.392095],[104.968287,14.391524],[104.96697,14.389912],[104.966259,14.389192],[104.965573,14.388875],[104.964947,14.388819],[104.963803,14.388892],[104.962907,14.389217],[104.960707,14.390946],[104.959694,14.391431],[104.958655,14.391504],[104.958041,14.391276],[104.957555,14.390922],[104.957033,14.390145],[104.956697,14.388896],[104.956575,14.387933],[104.956673,14.385823],[104.956152,14.382406],[104.955345,14.381297],[104.95283,14.381042],[104.951933,14.381092],[104.949422,14.381675],[104.947441,14.382289],[104.94625,14.382535],[104.944836,14.383067],[104.943988,14.383518],[104.94307,14.384095],[104.941823,14.385211],[104.941059,14.38619],[104.939605,14.388546],[104.939219,14.389385],[104.938302,14.390375],[104.93781,14.391317],[104.937329,14.391949],[104.936787,14.392387],[104.934913,14.393036],[104.934311,14.393027],[104.93319,14.393214],[104.932649,14.393469],[104.929764,14.395291],[104.929235,14.395867],[104.927846,14.396973],[104.926126,14.397816],[104.924407,14.398923],[104.923796,14.399557],[104.923173,14.400441],[104.922091,14.401466],[104.92015,14.399936],[104.918719,14.399184],[104.916215,14.398815],[104.913371,14.398963],[104.911543,14.399393],[104.910493,14.399466],[104.908073,14.399463],[104.907106,14.399178],[104.906562,14.399514],[104.905418,14.399656],[104.90358,14.40066],[104.901967,14.401687],[104.90045,14.403171],[104.899722,14.404401],[104.899008,14.405964],[104.898277,14.406286],[104.897003,14.40628],[104.896471,14.406098],[104.894323,14.406163],[104.891435,14.407446],[104.890635,14.407873],[104.889057,14.409037],[104.886711,14.409974],[104.884612,14.410452],[104.883374,14.410915],[104.87927,14.412029],[104.878257,14.412481],[104.877327,14.413194],[104.876468,14.414035],[104.87521,14.415541],[104.874424,14.416771],[104.873694,14.417278],[104.873188,14.417784],[104.872693,14.418038],[104.87169,14.418192],[104.870509,14.417886],[104.869633,14.417314],[104.868058,14.415933],[104.864052,14.411198],[104.862428,14.409391],[104.861801,14.408945],[104.860644,14.409007],[104.859622,14.410237],[104.858672,14.412133],[104.85755,14.411965],[104.856875,14.41129],[104.855627,14.408885],[104.8552,14.408371],[104.854466,14.407823],[104.853426,14.407264],[104.852645,14.406728],[104.851474,14.406159],[104.850505,14.405841],[104.846913,14.404831],[104.846039,14.404478],[104.844468,14.404208],[104.841963,14.403586],[104.841029,14.403176],[104.840697,14.402592],[104.840385,14.401251],[104.840346,14.400081],[104.84013,14.399199],[104.839147,14.398135],[104.838662,14.39785],[104.837907,14.397922],[104.836894,14.398475],[104.835632,14.398973],[104.835031,14.39933],[104.834419,14.399814],[104.833961,14.400435],[104.83361,14.401227],[104.833448,14.402271],[104.833616,14.402959],[104.834032,14.403967],[104.835054,14.406005],[104.835626,14.407391],[104.835487,14.408367],[104.835029,14.408964],[104.834145,14.409391],[104.833958,14.409885],[104.834399,14.414621],[104.833919,14.415792],[104.830715,14.417661],[104.829761,14.418351],[104.829053,14.41848],[104.828275,14.418826],[104.827497,14.419035],[104.82601,14.419212],[104.825053,14.418883],[104.824379,14.418552],[104.823185,14.418188],[104.821094,14.41776],[104.819914,14.417637],[104.819431,14.418006],[104.819161,14.418591],[104.819152,14.419348],[104.81956,14.421411],[104.81948,14.42218],[104.81905,14.424029],[104.818795,14.425531],[104.818515,14.426553],[104.818011,14.427426],[104.817214,14.429183],[104.816143,14.43031],[104.815284,14.43099],[104.814294,14.431624],[104.812976,14.432866],[104.81214,14.4335],[104.811152,14.434547],[104.808633,14.436642],[104.807949,14.436976],[104.806864,14.437301],[104.805849,14.437419],[104.804124,14.437103],[104.800378,14.436094],[104.797508,14.435472],[104.79661,14.435464],[104.795205,14.435319],[104.793045,14.435451],[104.79151,14.435157],[104.789795,14.434394],[104.788967,14.433927],[104.787287,14.432613],[104.785583,14.431413],[104.783299,14.429585],[104.782187,14.429004],[104.780033,14.427038],[104.778316,14.425678],[104.777842,14.425117],[104.77588,14.424298],[104.774865,14.424117],[104.77405,14.424119],[104.770849,14.42375],[104.767875,14.423747],[104.766859,14.423533],[104.766137,14.422984],[104.765532,14.42201],[104.764477,14.420581],[104.763577,14.419826],[104.762655,14.419393],[104.76152,14.418628],[104.760087,14.417313],[104.758831,14.415653],[104.757766,14.414843],[104.757128,14.414684],[104.756784,14.414248],[104.75677,14.413618],[104.757004,14.412952],[104.757427,14.412275],[104.757589,14.41123],[104.757316,14.410646],[104.756842,14.409971],[104.755932,14.409491],[104.755186,14.408862],[104.754688,14.408302],[104.754426,14.407535],[104.754519,14.406961],[104.754906,14.406076],[104.754831,14.404941],[104.753958,14.40499],[104.752425,14.405522],[104.752049,14.405948],[104.75145,14.406901],[104.75092,14.407487],[104.750085,14.408304],[104.749343,14.408856],[104.747268,14.409815],[104.746159,14.409876],[104.745496,14.410329],[104.74431,14.411461],[104.743655,14.411876],[104.742542,14.412824],[104.7416,14.413476],[104.740411,14.414078],[104.738882,14.414492],[104.738058,14.414365],[104.736357,14.413777],[104.732332,14.413188],[104.731581,14.412935],[104.730558,14.411955],[104.729785,14.410863],[104.728683,14.408975],[104.72521,14.404087],[104.724641,14.403481],[104.723689,14.403283],[104.722348,14.403802],[104.720922,14.405148],[104.720101,14.40633],[104.719893,14.407532],[104.719915,14.408349],[104.720154,14.409639],[104.72076,14.410889],[104.721288,14.412551],[104.72206,14.414377],[104.723296,14.418267],[104.723682,14.419961],[104.723799,14.420756],[104.723703,14.421581],[104.723187,14.422848],[104.721962,14.424243],[104.720815,14.425133],[104.720174,14.427308],[104.718499,14.428879],[104.715233,14.431195],[104.714311,14.43227],[104.714012,14.432933],[104.713077,14.433516],[104.712418,14.434184],[104.71115,14.433962],[104.705891,14.43211],[104.702985,14.429808],[104.701852,14.429409],[104.699644,14.428328],[104.698705,14.427349],[104.697542,14.424092],[104.696182,14.422084],[104.693982,14.419466],[104.691348,14.41675],[104.69237,14.412107],[104.691799,14.410949],[104.689779,14.40891],[104.68773,14.403211],[104.685998,14.399784],[104.685058,14.39841],[104.682833,14.398811],[104.677709,14.400885],[104.666049,14.402393],[104.66111,14.400081],[104.659297,14.400593],[104.65763,14.402233],[104.656296,14.403775],[104.655425,14.405083],[104.653794,14.406723],[104.653333,14.407486],[104.652952,14.408445],[104.653981,14.409712],[104.655322,14.410709],[104.656093,14.411858],[104.655566,14.41455],[104.654491,14.417543],[104.653345,14.419788],[104.652826,14.421238],[104.651636,14.422576],[104.64977,14.423443],[104.648019,14.423703],[104.640949,14.423193],[104.639379,14.421755],[104.63599,14.417649],[104.633351,14.415276],[104.630929,14.412585],[104.629445,14.410276],[104.626705,14.40757],[104.624305,14.405741],[104.621676,14.404195],[104.613856,14.398376],[104.611994,14.397543],[104.609758,14.397233],[104.606887,14.397487],[104.603948,14.396901],[104.602317,14.396335],[104.599909,14.394277],[104.597598,14.39207],[104.595095,14.389388],[104.593155,14.386855],[104.591338,14.384001],[104.589375,14.381442],[104.584796,14.37804],[104.582611,14.376789],[104.579392,14.375267],[104.57837,14.373655],[104.578929,14.368414],[104.579198,14.365007],[104.579686,14.361901],[104.580248,14.359269],[104.578874,14.358202],[104.576645,14.358224],[104.574473,14.359041],[104.571939,14.360345],[104.570516,14.36077],[104.569342,14.360476],[104.568064,14.359296],[104.566696,14.357873],[104.565679,14.354503],[104.564472,14.354025],[104.560996,14.353787],[104.556929,14.353722],[104.553006,14.354142],[104.550357,14.354571],[104.547418,14.356099],[104.54508,14.356958],[104.54415,14.356874],[104.541836,14.356275],[104.539337,14.355489],[104.537395,14.355205],[104.535161,14.35556],[104.533943,14.356449],[104.531821,14.358437],[104.530473,14.359391],[104.528927,14.360125],[104.527377,14.36041],[104.525764,14.360202],[104.524597,14.360895],[104.5235,14.362267],[104.522797,14.363394],[104.520936,14.365351],[104.519067,14.36709],[104.51755,14.36888],[104.514826,14.370974],[104.512327,14.372221],[104.508642,14.373195],[104.50656,14.373576],[104.503687,14.374668],[104.500061,14.37632],[104.498989,14.376234],[104.498131,14.375405],[104.497,14.373883],[104.496201,14.373345],[104.493199,14.372444],[104.490716,14.371451],[104.487644,14.370021],[104.486208,14.369524],[104.485043,14.368982],[104.483256,14.367693],[104.481399,14.366035],[104.479918,14.364906],[104.478344,14.363308],[104.476266,14.360835],[104.476021,14.359871],[104.475989,14.358745],[104.477149,14.357244],[104.478024,14.356329],[104.478628,14.355342],[104.478926,14.354322],[104.478788,14.353002],[104.478403,14.352013],[104.476451,14.350655],[104.475039,14.349813],[104.473864,14.348847],[104.472866,14.347788],[104.471561,14.346867],[104.469913,14.346254],[104.468547,14.345953],[104.467203,14.345324],[104.465192,14.34519],[104.463246,14.345183],[104.461808,14.345978],[104.461221,14.347173],[104.461707,14.348537],[104.463518,14.351182],[104.463898,14.352581],[104.464118,14.355988],[104.463532,14.357458],[104.462814,14.358732],[104.461083,14.36024],[104.458996,14.360726],[104.457344,14.360787],[104.455668,14.360378],[104.454084,14.358856],[104.452288,14.357621],[104.450328,14.35673],[104.447543,14.356576],[104.446092,14.357085],[104.442415,14.358962],[104.440268,14.359048],[104.438991,14.357857],[104.437339,14.357814],[104.435877,14.358185],[104.433862,14.359038],[104.432577,14.359936],[104.431765,14.360843],[104.430566,14.363405],[104.429284,14.364956],[104.428919,14.365657],[104.427554,14.367174],[104.426305,14.368026],[104.42456,14.36866],[104.422743,14.368917],[104.41799,14.370188],[104.41627,14.371374],[104.414772,14.37187],[104.412659,14.371071],[104.41065,14.36924],[104.408888,14.367316],[104.40688,14.366162],[104.406041,14.365751],[104.404378,14.366202],[104.402953,14.367123],[104.401199,14.369478],[104.400552,14.370535],[104.399943,14.373243],[104.399343,14.374059],[104.398341,14.374577],[104.396678,14.374661],[104.395474,14.374617],[104.394317,14.374436],[104.392583,14.374314],[104.390906,14.37395],[104.388662,14.372772],[104.38708,14.371709],[104.38577,14.371837],[104.385064,14.372952],[104.383239,14.375169],[104.382178,14.376021],[104.380493,14.376918],[104.378265,14.377898],[104.377841,14.378449],[104.377383,14.37962],[104.377254,14.380572],[104.377339,14.381904],[104.377259,14.383016],[104.376221,14.383558],[104.375442,14.38318],[104.374461,14.382173],[104.371433,14.377934],[104.369423,14.375931],[104.367605,14.375165],[104.364902,14.374275],[104.361373,14.373984],[104.36018,14.373401],[104.35771,14.370939],[104.356481,14.369576],[104.3551,14.369166],[104.353164,14.368883],[104.352043,14.368381],[104.350508,14.368165],[104.348751,14.368478],[104.344822,14.368737],[104.340657,14.368642],[104.339159,14.368896],[104.337874,14.369473],[104.337238,14.370196],[104.33646,14.370622],[104.335152,14.371645],[104.333902,14.372164],[104.332969,14.371947],[104.331398,14.370734],[104.330041,14.370656],[104.329145,14.371369],[104.326446,14.373025],[104.324877,14.373499],[104.323096,14.373628],[104.321657,14.373917],[104.320691,14.374894],[104.320197,14.375778],[104.319809,14.377121],[104.319268,14.378349],[104.317889,14.379315],[104.316297,14.379731],[104.315283,14.380122],[104.314706,14.381191],[104.313917,14.382259],[104.311049,14.381529],[104.309279,14.381842],[104.307204,14.38282],[104.303327,14.386337],[104.301512,14.388107],[104.300192,14.389209],[104.299226,14.390324],[104.298143,14.391795],[104.297001,14.393758],[104.295893,14.394861],[104.294056,14.397594],[104.29283,14.398456],[104.291569,14.399686],[104.290166,14.400159],[104.28686,14.399097],[104.285999,14.3995],[104.284773,14.40058],[104.282252,14.403176],[104.280084,14.406082],[104.278882,14.407207],[104.277361,14.40822],[104.275355,14.408532],[104.273867,14.407915],[104.272237,14.406357],[104.271385,14.404683],[104.270274,14.403194],[104.268963,14.401831],[104.267982,14.400972],[104.266576,14.400034],[104.265361,14.399714],[104.264074,14.399578],[104.261266,14.399927],[104.260334,14.399618],[104.259789,14.398495],[104.259149,14.39588],[104.258204,14.394815],[104.255641,14.393132],[104.254283,14.392491],[104.252938,14.392011],[104.252087,14.391462],[104.251697,14.39043],[104.252049,14.389225],[104.25298,14.387755],[104.253002,14.386724],[104.25286,14.386001],[104.252221,14.384969],[104.251631,14.384453],[104.250709,14.383285],[104.250331,14.382494],[104.250093,14.381622],[104.249229,14.379295],[104.248308,14.378298],[104.24754,14.3776],[104.24597,14.376637],[104.245406,14.376031],[104.244628,14.375961],[104.243562,14.376023],[104.242751,14.375791],[104.239581,14.374531],[104.238206,14.374094],[104.233605,14.371879],[104.232002,14.371301],[104.229156,14.370506],[104.225083,14.369494],[104.223268,14.369199],[104.218874,14.367654],[104.217024,14.367347],[104.215024,14.367427],[104.213378,14.367628],[104.211632,14.368035],[104.209034,14.369196],[104.207763,14.370207],[104.205579,14.373281],[104.203647,14.377473],[104.202389,14.379691],[104.201063,14.38108],[104.200259,14.382375],[104.198236,14.383753],[104.197599,14.383661],[104.196426,14.382504],[104.194559,14.381829],[104.193366,14.382382],[104.191797,14.383515],[104.189367,14.384506],[104.188001,14.384873],[104.186773,14.38476],[104.185487,14.383991],[104.184495,14.383273],[104.183248,14.382264],[104.18211,14.381154],[104.180985,14.380572],[104.17804,14.380004],[104.176758,14.379672],[104.175937,14.37929],[104.173553,14.378411],[104.172361,14.377655],[104.170861,14.376251],[104.171344,14.3751],[104.172824,14.374322],[104.173986,14.373458],[104.174678,14.372459],[104.174924,14.370684],[104.174204,14.369982],[104.173,14.368561],[104.172795,14.367489],[104.171427,14.366257],[104.171045,14.365371],[104.170725,14.364109],[104.170704,14.362325],[104.171224,14.360156],[104.171647,14.358874],[104.170483,14.35821],[104.169448,14.358669],[104.168191,14.358937],[104.165549,14.357843],[104.163495,14.357683],[104.161299,14.35732],[104.15801,14.356986],[104.155611,14.356533],[104.153476,14.356004],[104.150883,14.355603],[104.149588,14.355304],[104.147394,14.355013],[104.145416,14.354623],[104.139824,14.355926],[104.137928,14.356812],[104.13699,14.357656],[104.136681,14.359029],[104.137365,14.36105],[104.138243,14.362799],[104.139264,14.365136],[104.139886,14.366043],[104.139509,14.369791],[104.1392,14.371829],[104.138046,14.372865],[104.136909,14.373591],[104.134907,14.374464],[104.133043,14.375533],[104.131805,14.37597],[104.129751,14.375832],[104.1286,14.375398],[104.125976,14.374743],[104.12459,14.374236],[104.123191,14.373856],[104.121959,14.373961],[104.121234,14.374155],[104.11869,14.375568],[104.117822,14.375851],[104.11481,14.376303],[104.111337,14.37746],[104.110558,14.378031],[104.109353,14.378583],[104.108068,14.378435],[104.107739,14.37766],[104.10751,14.376611],[104.107361,14.374461],[104.107024,14.371585],[104.106329,14.370195],[104.104956,14.369643],[104.103119,14.369254],[104.102179,14.368927],[104.100032,14.368062],[104.098818,14.367237],[104.097977,14.365431],[104.098024,14.364158],[104.097928,14.362341],[104.096793,14.359807],[104.095248,14.357701],[104.094982,14.356135],[104.094039,14.354684],[104.093328,14.353397],[104.091443,14.352849],[104.090202,14.352174],[104.088914,14.351207],[104.086485,14.349663],[104.084533,14.348],[104.082534,14.347188],[104.080924,14.346807],[104.078865,14.34619],[104.07691,14.345368],[104.075377,14.345017],[104.074267,14.344986],[104.072903,14.344583],[104.070987,14.34436],[104.069848,14.344053],[104.068822,14.344042],[104.067442,14.344172],[104.066825,14.344051],[104.064165,14.344055],[104.063321,14.34389],[104.061649,14.344078],[104.059849,14.345309],[104.058508,14.34533],[104.057895,14.345458],[104.056616,14.345327],[104.055569,14.345515],[104.054244,14.345482],[104.053778,14.344675],[104.05132,14.344593],[104.045158,14.342987],[104.044306,14.342117],[104.042107,14.34161],[104.040253,14.341554],[104.037893,14.340708],[104.036151,14.340298],[104.032902,14.340217],[104.031674,14.339506],[104.030109,14.337905],[104.029206,14.337498],[104.028273,14.337459],[104.028026,14.338016],[104.028084,14.338729],[104.028794,14.33996],[104.027981,14.340415],[104.025339,14.341378],[104.023891,14.34165],[104.01999,14.341695],[104.018491,14.3416],[104.015961,14.342209],[104.015171,14.342745],[104.013389,14.344458],[104.012539,14.345637],[104.010835,14.347581],[104.010388,14.348733],[104.010183,14.350222],[104.010695,14.351873],[104.010713,14.352815],[104.010278,14.355138],[104.009591,14.35586],[104.008613,14.356302],[104.006985,14.356777],[104.005908,14.356816],[104.00484,14.356417],[104.003835,14.355825],[104.002802,14.354807],[104.001672,14.353949],[103.999266,14.351804],[103.998677,14.350415],[103.997302,14.348175],[103.996186,14.345916],[103.995671,14.345394],[103.995034,14.345425],[103.993669,14.345731],[103.993071,14.346037],[103.992136,14.346671],[103.990722,14.346897],[103.989607,14.346498],[103.988501,14.345927],[103.987201,14.346669],[103.986809,14.347341],[103.985997,14.349282],[103.985858,14.35033],[103.985177,14.351454],[103.982841,14.354163],[103.981714,14.354615],[103.980522,14.35462],[103.979529,14.354529],[103.976735,14.353097],[103.972549,14.350004],[103.971388,14.349687],[103.970552,14.349825],[103.968287,14.349912],[103.965478,14.349973],[103.961369,14.349891],[103.95908,14.34999],[103.957418,14.350185],[103.953853,14.35106],[103.951905,14.351006],[103.949937,14.350412],[103.948885,14.349403],[103.948106,14.347667],[103.947187,14.345151],[103.946244,14.343532],[103.945753,14.341275],[103.945836,14.339493],[103.946383,14.33721],[103.947149,14.33535],[103.947515,14.33361],[103.947299,14.332475],[103.946202,14.331628],[103.944761,14.330694],[103.942182,14.330234],[103.940186,14.331019],[103.938097,14.331954],[103.936081,14.332142],[103.932384,14.331928],[103.929801,14.332054],[103.927889,14.332964],[103.926637,14.333773],[103.925599,14.334775],[103.924397,14.33578],[103.922647,14.336458],[103.920584,14.336669],[103.918659,14.336545],[103.915275,14.335924],[103.913693,14.335979],[103.912037,14.336587],[103.910469,14.33762],[103.909449,14.338138],[103.908154,14.338374],[103.906609,14.338418],[103.904386,14.338194],[103.902516,14.337804],[103.900846,14.337332],[103.899768,14.338002],[103.900038,14.339607],[103.900651,14.34223],[103.901441,14.343978],[103.900419,14.345233],[103.899627,14.345175],[103.898822,14.344955],[103.898013,14.344495],[103.895782,14.34357],[103.894501,14.343151],[103.893058,14.342893],[103.89123,14.343044],[103.889896,14.343039],[103.885428,14.343442],[103.884745,14.342681],[103.884894,14.340519],[103.884231,14.339493],[103.883692,14.338926],[103.882595,14.338113],[103.881709,14.338021],[103.88115,14.338614],[103.880456,14.339715],[103.879016,14.342423],[103.878159,14.343618],[103.875689,14.346144],[103.874397,14.346574],[103.872424,14.346439],[103.871627,14.34776],[103.871027,14.349801],[103.869748,14.35307],[103.868444,14.354442],[103.867604,14.355177],[103.864964,14.356384],[103.863842,14.356375],[103.862274,14.356488],[103.861004,14.356906],[103.860471,14.357638],[103.860145,14.358917],[103.860726,14.360886],[103.861529,14.362726],[103.862157,14.363786],[103.862361,14.364955],[103.862262,14.365508],[103.86106,14.366627],[103.858877,14.367552],[103.857396,14.368053],[103.85597,14.368233],[103.854017,14.368741],[103.851599,14.368921],[103.850071,14.369412],[103.847441,14.370481],[103.843977,14.371078],[103.842166,14.371572],[103.84075,14.371647],[103.838871,14.371511],[103.837238,14.371142],[103.836146,14.370483],[103.8342,14.369032],[103.832918,14.367589],[103.832244,14.366598],[103.831398,14.365115],[103.830173,14.362591],[103.828212,14.357917],[103.828141,14.356953],[103.828567,14.356132],[103.830041,14.35509],[103.8304,14.354603],[103.830756,14.353782],[103.829662,14.353224],[103.827747,14.352994],[103.82685,14.352971],[103.824338,14.353164],[103.821384,14.354719],[103.819905,14.355358],[103.818974,14.35552],[103.817583,14.355629],[103.812335,14.35518],[103.808356,14.355105],[103.804237,14.356042],[103.802864,14.356691],[103.802552,14.358097],[103.802956,14.36016],[103.804001,14.363421],[103.80421,14.364982],[103.80406,14.366201],[103.803493,14.367082],[103.802954,14.369226],[103.802323,14.369682],[103.801244,14.369317],[103.799497,14.368443],[103.797725,14.367431],[103.796234,14.367152],[103.795037,14.366765],[103.793253,14.366661],[103.790754,14.366946],[103.789642,14.366742],[103.787731,14.366881],[103.785991,14.366535],[103.784688,14.366115],[103.782164,14.364516],[103.781438,14.363099],[103.780815,14.36236],[103.779837,14.361546],[103.778141,14.360935],[103.776838,14.360584],[103.774668,14.360762],[103.774159,14.361571],[103.774784,14.364333],[103.774379,14.364935],[103.773805,14.365287],[103.77109,14.366264],[103.769959,14.366463],[103.769035,14.367094],[103.76824,14.36861],[103.767566,14.369468],[103.767337,14.370057],[103.766245,14.370462],[103.765671,14.370825],[103.76537,14.3713],[103.765225,14.372003],[103.763512,14.373794],[103.762704,14.374299],[103.762133,14.374891],[103.760728,14.375829],[103.759856,14.376839],[103.759498,14.377464],[103.758889,14.377828],[103.757911,14.378001],[103.757004,14.377232],[103.756193,14.375678],[103.754475,14.37331],[103.753697,14.3724],[103.75277,14.371941],[103.752071,14.371766],[103.751154,14.372019],[103.749946,14.372632],[103.74901,14.373322],[103.74627,14.377951],[103.745169,14.37794],[103.743401,14.377477],[103.740949,14.377932],[103.739982,14.378216],[103.739393,14.378489],[103.73772,14.3798],[103.734172,14.384118],[103.732923,14.385209],[103.732227,14.385564],[103.73159,14.385731],[103.730588,14.385397],[103.729374,14.384707],[103.72724,14.382648],[103.726415,14.382022],[103.725649,14.381621],[103.724729,14.381315],[103.722395,14.381047],[103.720168,14.380969],[103.715193,14.380212],[103.713825,14.380149],[103.710619,14.379812],[103.709428,14.37988],[103.708568,14.380027],[103.707118,14.380653],[103.705822,14.381649],[103.703723,14.383766],[103.702934,14.3852],[103.702344,14.386623],[103.700823,14.389445],[103.700505,14.390496],[103.700269,14.391876],[103.700635,14.395134],[103.701048,14.396835],[103.701319,14.397406],[103.702568,14.398703],[103.702391,14.400026],[103.702144,14.401005],[103.702698,14.403872],[103.702297,14.405023],[103.702238,14.406048],[103.702831,14.408399],[103.702898,14.409071],[103.70311,14.409677],[103.703747,14.410346],[103.705975,14.411618],[103.707202,14.412623],[103.707225,14.41501],[103.707084,14.417905],[103.70739,14.419905],[103.707732,14.423685],[103.708227,14.427413],[103.708275,14.429352],[103.708204,14.431126],[103.707945,14.431911],[103.70693,14.432837],[103.706247,14.433159],[103.704938,14.433603],[103.703535,14.433825],[103.697805,14.435909],[103.696343,14.436905],[103.694586,14.437732],[103.692841,14.438429],[103.689645,14.440109],[103.688902,14.44037],[103.687051,14.440084],[103.684422,14.439897],[103.679777,14.437243],[103.678715,14.436891],[103.675638,14.436644],[103.670308,14.436937],[103.668528,14.436865],[103.666418,14.436963],[103.665003,14.437446],[103.661182,14.439259],[103.659508,14.439821],[103.657362,14.439954],[103.655405,14.439415],[103.65386,14.438634],[103.652422,14.437511],[103.651255,14.435982],[103.650076,14.434834],[103.646186,14.434133],[103.644771,14.43366],[103.644076,14.432657],[103.644029,14.430837],[103.643782,14.42957],[103.642049,14.426923],[103.641425,14.42546],[103.641637,14.424363],[103.643642,14.424314],[103.645846,14.424438],[103.647285,14.424422],[103.648865,14.424201],[103.651022,14.42371],[103.655951,14.421465],[103.656835,14.420795],[103.65726,14.419859],[103.656836,14.418863],[103.656412,14.418182],[103.656034,14.417368],[103.654962,14.415877],[103.654608,14.414551],[103.654432,14.413269],[103.653854,14.412836],[103.653312,14.412921],[103.652074,14.413664],[103.649669,14.415516],[103.64882,14.415814],[103.647723,14.415268],[103.646085,14.415048],[103.643845,14.414893],[103.641982,14.414618],[103.640591,14.413949],[103.639071,14.412983],[103.634733,14.410657],[103.633236,14.40994],[103.62891,14.408254],[103.627896,14.407541],[103.626588,14.406334],[103.624867,14.40512],[103.623476,14.404471],[103.621449,14.404055],[103.619798,14.404376],[103.617735,14.405307],[103.616567,14.4066],[103.615494,14.408159],[103.61501,14.410607],[103.614325,14.412111],[103.612261,14.414561],[103.611612,14.416291],[103.61062,14.420623],[103.610701,14.423615],[103.610371,14.42525],[103.609545,14.425167],[103.608932,14.424724],[103.607495,14.422343],[103.606304,14.421867],[103.604171,14.422064],[103.600173,14.423051],[103.597992,14.423305],[103.596447,14.424131],[103.595114,14.425823],[103.593321,14.427651],[103.591682,14.429132],[103.58529,14.431416],[103.58285,14.431815],[103.578168,14.433512],[103.574974,14.431578],[103.57376,14.431212],[103.57231,14.431446],[103.56981,14.432303],[103.567628,14.432634],[103.564917,14.431571],[103.5596,14.432296],[103.557572,14.431922],[103.555969,14.43135],[103.554072,14.43021],[103.552375,14.428982],[103.551078,14.428176],[103.549193,14.427468],[103.544678,14.426855],[103.543263,14.426588],[103.539102,14.426226],[103.536567,14.425784],[103.534941,14.425213],[103.533704,14.424186],[103.532702,14.423039],[103.531712,14.422379],[103.530251,14.422016],[103.528601,14.421165],[103.525467,14.419214],[103.524595,14.418407],[103.523688,14.417741],[103.520799,14.417991],[103.516227,14.416393],[103.51209,14.415345],[103.502212,14.413569],[103.499714,14.412841],[103.49817,14.412125],[103.497099,14.410504],[103.496477,14.407403],[103.496386,14.403338],[103.496021,14.402685],[103.496861,14.389875],[103.495964,14.389331],[103.495303,14.388745],[103.494139,14.386674],[103.493191,14.386067],[103.492295,14.385851],[103.48971,14.386007],[103.48688,14.387154],[103.485608,14.387469],[103.484598,14.387289],[103.482801,14.387513],[103.481252,14.380912],[103.480417,14.379402],[103.479887,14.378677],[103.478917,14.378163],[103.47732,14.377975],[103.474669,14.377474],[103.473317,14.376913],[103.472357,14.37593],[103.471691,14.374319],[103.471266,14.373641],[103.470669,14.371315],[103.470673,14.368537],[103.468459,14.365279],[103.467666,14.364701],[103.465348,14.365146],[103.459231,14.367497],[103.456404,14.367861],[103.451145,14.368314],[103.45004,14.369296],[103.449543,14.370338],[103.449019,14.371047],[103.447328,14.374519],[103.446536,14.376893],[103.446752,14.381085],[103.446517,14.381708],[103.446099,14.382147],[103.443111,14.380455],[103.442431,14.37983],[103.44149,14.379376],[103.440089,14.378987],[103.439416,14.379109],[103.439258,14.379914],[103.438914,14.380631],[103.439229,14.384404],[103.438506,14.387233],[103.438165,14.389235],[103.437154,14.390424],[103.43604,14.390892],[103.43504,14.390767],[103.432291,14.389671],[103.428129,14.387013],[103.424653,14.385622],[103.423177,14.384903],[103.419778,14.382985],[103.417394,14.381337],[103.414743,14.377655],[103.41198,14.371581],[103.409572,14.370405],[103.406588,14.370047],[103.4016,14.370109],[103.399193,14.369553],[103.398984,14.366311],[103.400816,14.363201],[103.401166,14.361486],[103.402174,14.359159],[103.401994,14.357792],[103.398456,14.35739],[103.395155,14.357596],[103.392159,14.357238],[103.389964,14.356417],[103.387863,14.355412],[103.384406,14.354837],[103.379908,14.352391],[103.375841,14.352519],[103.370735,14.352419],[103.367374,14.352097],[103.364204,14.352486],[103.358002,14.352724],[103.352885,14.352694],[103.348184,14.354181],[103.345088,14.356719],[103.341818,14.360237],[103.33946,14.360198],[103.336298,14.358977],[103.334345,14.355947],[103.334658,14.35336],[103.333039,14.351363],[103.329702,14.351258],[103.325785,14.352179],[103.324639,14.353318],[103.323238,14.354177],[103.321226,14.354843],[103.317781,14.356549],[103.315706,14.356693],[103.298212,14.352351],[103.290663,14.350637],[103.281627,14.348305],[103.274196,14.347592],[103.271365,14.34777],[103.266764,14.347655],[103.262111,14.346831],[103.260027,14.345666],[103.256999,14.343046],[103.252612,14.339586],[103.247356,14.338824],[103.246308,14.338173],[103.238929,14.336826],[103.238092,14.336573],[103.237007,14.336064],[103.236359,14.335638],[103.23166,14.330949],[103.228597,14.328378],[103.226199,14.32671],[103.225155,14.326476],[103.221783,14.324756],[103.21893,14.32359],[103.217831,14.324141],[103.217652,14.324992],[103.217344,14.325775],[103.216893,14.326499],[103.216479,14.326993],[103.215675,14.327694],[103.214636,14.328129],[103.213679,14.328369],[103.212428,14.328483],[103.211472,14.328459],[103.210044,14.328549],[103.208333,14.328259],[103.207155,14.327429],[103.206047,14.32699],[103.204997,14.326816],[103.203923,14.326791],[103.202919,14.326973],[103.201857,14.327433],[103.20045,14.328304],[103.199646,14.32927],[103.198452,14.329797],[103.196762,14.330777],[103.193054,14.331919],[103.191483,14.332583],[103.189983,14.33326],[103.188388,14.334452],[103.185177,14.334922],[103.184343,14.334644],[103.183513,14.334539],[103.181057,14.334857],[103.180124,14.335131],[103.178895,14.335354],[103.176412,14.335082],[103.176418,14.334675],[103.175177,14.334422],[103.174905,14.335448],[103.168813,14.334852],[103.165139,14.333773],[103.163195,14.332746],[103.162429,14.332134],[103.161322,14.330982],[103.159982,14.328794],[103.159748,14.328045],[103.158866,14.326813],[103.158399,14.324672],[103.158342,14.323625],[103.156486,14.320412],[103.154184,14.315817],[103.153738,14.314597],[103.15361,14.313872],[103.152972,14.314204],[103.1529,14.314825],[103.152485,14.315803],[103.152082,14.316401],[103.151005,14.317527],[103.150402,14.317963],[103.14974,14.318594],[103.148958,14.319824],[103.148506,14.321135],[103.147085,14.323607],[103.146539,14.324848],[103.145545,14.325836],[103.144824,14.326088],[103.141921,14.326324],[103.14093,14.326001],[103.139092,14.324997],[103.137879,14.323913],[103.135109,14.322446],[103.134143,14.321789],[103.131172,14.320829],[103.129497,14.320389],[103.128614,14.319834],[103.128029,14.317935],[103.128079,14.316808],[103.128318,14.315578],[103.12836,14.313046],[103.128716,14.312],[103.128813,14.311102],[103.129133,14.310596],[103.129819,14.309918],[103.130459,14.309023],[103.130733,14.307665],[103.130606,14.306629],[103.129875,14.306249],[103.129169,14.305764],[103.127589,14.305001],[103.124903,14.303524],[103.124091,14.302683],[103.122618,14.301967],[103.12152,14.301884],[103.120058,14.301617],[103.117724,14.300624],[103.117147,14.300496],[103.11618,14.299964],[103.115284,14.299618],[103.111814,14.299888],[103.110563,14.30007],[103.107956,14.299973],[103.105987,14.299659],[103.104228,14.299598],[103.102081,14.299709],[103.098423,14.299507],[103.096631,14.299216],[103.09485,14.298705],[103.090042,14.296522],[103.088427,14.29607],[103.083529,14.29651],[103.081725,14.295977],[103.080264,14.295122],[103.079123,14.293877],[103.07848,14.291851],[103.076872,14.288673],[103.075003,14.286368],[103.073883,14.285836],[103.07281,14.285685],[103.071264,14.285774],[103.069848,14.286012],[103.068149,14.285871],[103.065423,14.285957],[103.060884,14.285051],[103.059846,14.284933],[103.058772,14.284885],[103.057285,14.285032],[103.055955,14.284086],[103.055992,14.283292],[103.055629,14.282313],[103.055573,14.281336],[103.055648,14.279851],[103.05666,14.276689],[103.056816,14.275781],[103.056856,14.27432],[103.055656,14.272787],[103.053092,14.270228],[103.051821,14.269085],[103.049262,14.264627],[103.048064,14.262761],[103.046499,14.261377],[103.045167,14.260788],[103.044215,14.259705],[103.043782,14.258403],[103.043218,14.257654],[103.042524,14.257123],[103.041159,14.255752],[103.039303,14.253159],[103.038198,14.251752],[103.03187,14.250228],[103.031638,14.247121],[103.032289,14.244964],[103.032316,14.242805],[103.032508,14.24075],[103.03317,14.239051],[103.031971,14.237511],[103.02964,14.236015],[103.027381,14.234806],[103.025135,14.232369],[103.023418,14.230058],[103.022078,14.228506],[103.021148,14.228378],[103.019154,14.23035],[103.017091,14.231231],[103.014971,14.231424],[103.013276,14.230824],[103.011057,14.226101],[103.009788,14.224181],[103.007894,14.222503],[103.005963,14.221856],[103.004281,14.220464],[103.000885,14.215602],[102.999274,14.214164],[102.997202,14.213519],[102.996367,14.213985],[102.995554,14.21406],[102.99433,14.213938],[102.992375,14.213961],[102.99127,14.213564],[102.990778,14.21325],[102.990178,14.21311],[102.989554,14.213139],[102.988513,14.213822],[102.988157,14.214303],[102.987294,14.214745],[102.986104,14.214887],[102.983858,14.214403],[102.980265,14.212808],[102.979407,14.212528],[102.977707,14.213172],[102.976496,14.212819],[102.975135,14.21203],[102.974209,14.211347],[102.97327,14.210883],[102.971577,14.210482],[102.968385,14.21052],[102.967193,14.210971],[102.96612,14.211229],[102.965504,14.211822],[102.964688,14.212254],[102.963533,14.212419],[102.962451,14.212217],[102.959826,14.210215],[102.956699,14.20945],[102.955312,14.208946],[102.953974,14.208307],[102.952087,14.206975],[102.951739,14.206146],[102.951864,14.205091],[102.952683,14.203971],[102.954057,14.202774],[102.955219,14.20153],[102.95586,14.200638],[102.956778,14.198854],[102.956917,14.19751],[102.956168,14.196737],[102.954911,14.196281],[102.953676,14.195976],[102.952252,14.195932],[102.951262,14.196006],[102.948584,14.196839],[102.947367,14.197406],[102.946337,14.198283],[102.945605,14.198566],[102.944711,14.198503],[102.941272,14.19676],[102.938832,14.19539],[102.938482,14.194848],[102.938406,14.193929],[102.939106,14.193003],[102.940559,14.190509],[102.940851,14.187286],[102.940811,14.186195],[102.937946,14.183045],[102.93712,14.181766],[102.936476,14.180081],[102.934213,14.178541],[102.933097,14.177969],[102.932164,14.177345],[102.930318,14.17566],[102.931061,14.175446],[102.932827,14.173655],[102.934147,14.171584],[102.935076,14.169949],[102.935759,14.168093],[102.935763,14.167462],[102.937356,14.165107],[102.937061,14.163303],[102.937181,14.161214],[102.938407,14.159086],[102.939049,14.15815],[102.939612,14.156706],[102.940024,14.154861],[102.940717,14.153315],[102.940982,14.152294],[102.940932,14.150882],[102.940443,14.150145],[102.940544,14.149019],[102.940407,14.148399],[102.939454,14.146533],[102.938389,14.145447],[102.937808,14.144273],[102.93734,14.143857],[102.936707,14.143463],[102.936429,14.142738],[102.936303,14.142129],[102.935552,14.14186],[102.934004,14.140977],[102.933548,14.140481],[102.933048,14.13949],[102.932569,14.138856],[102.931817,14.138622],[102.931111,14.138675],[102.930761,14.138191],[102.930221,14.137934],[102.929827,14.137014],[102.929948,14.136497],[102.92881,14.135768],[102.928081,14.135705],[102.926815,14.134871],[102.926503,14.13402],[102.925798,14.133843],[102.924961,14.132138],[102.924931,14.131404],[102.924723,14.13069],[102.924363,14.130079],[102.924129,14.128742],[102.923729,14.12786],[102.923569,14.127182],[102.923856,14.126529],[102.923964,14.125514],[102.924315,14.124678],[102.924091,14.124057],[102.924218,14.123318],[102.924276,14.121573],[102.923653,14.120487],[102.923954,14.119839],[102.923804,14.118264],[102.923597,14.11739],[102.92425,14.116201],[102.924333,14.115454],[102.924098,14.114887],[102.924018,14.114269],[102.924243,14.113286],[102.924053,14.112433],[102.924193,14.111729],[102.923999,14.111245],[102.924641,14.110439],[102.924554,14.109623],[102.924276,14.108956],[102.923529,14.108022],[102.923289,14.107492],[102.923431,14.106758],[102.923165,14.105986],[102.922757,14.105376],[102.922017,14.105107],[102.920651,14.105202],[102.920066,14.104763],[102.920005,14.104229],[102.920339,14.103527],[102.919748,14.102958],[102.919264,14.102696],[102.918204,14.101374],[102.917682,14.101059],[102.917082,14.100312],[102.915418,14.099084],[102.914539,14.098597],[102.914237,14.097952],[102.913325,14.096982],[102.912562,14.096701],[102.911953,14.096238],[102.911603,14.095685],[102.910959,14.095234],[102.909182,14.095223],[102.908557,14.095483],[102.90785,14.095593],[102.907464,14.095166],[102.907256,14.094556],[102.907221,14.0928],[102.906734,14.091579],[102.906078,14.091151],[102.904787,14.090672],[102.904235,14.090335],[102.904785,14.089122],[102.904613,14.088432],[102.904016,14.087946],[102.90368,14.08714],[102.903649,14.086555],[102.902632,14.085354],[102.901978,14.084707],[102.901426,14.084439],[102.900911,14.083954],[102.900727,14.083413],[102.900827,14.08253],[102.90114,14.081407],[102.901241,14.080374],[102.901212,14.079398],[102.901086,14.078858],[102.901117,14.077756],[102.900887,14.076951],[102.900963,14.076113],[102.901227,14.075427],[102.901256,14.074589],[102.901771,14.073054],[102.901918,14.072204],[102.901143,14.072062],[102.901172,14.071213],[102.900847,14.070498],[102.902134,14.069749],[102.902422,14.068936],[102.90248,14.067329],[102.902119,14.066788],[102.900734,14.066136],[102.899918,14.063226],[102.898835,14.061462],[102.899139,14.059961],[102.899463,14.058952],[102.899331,14.057621],[102.899041,14.056975],[102.897666,14.054888],[102.897569,14.053533],[102.897792,14.051836],[102.898025,14.050483],[102.900348,14.0478],[102.900518,14.046997],[102.900335,14.046273],[102.899335,14.044418],[102.899633,14.043777],[102.902419,14.042463],[102.903187,14.041951],[102.903509,14.041333],[102.90385,14.039521],[102.90403,14.038994],[102.90392,14.037857],[102.902396,14.036941],[102.901545,14.035718],[102.901997,14.035044],[102.903015,14.034075],[102.903916,14.032932],[102.904681,14.031135],[102.905155,14.030655],[102.906641,14.030113],[102.907068,14.029588],[102.906874,14.028749],[102.907738,14.027813],[102.90806,14.027184],[102.908254,14.026382],[102.908329,14.025658],[102.908298,14.025026],[102.908092,14.024061],[102.908575,14.022194],[102.908299,14.021193],[102.909775,14.02041],[102.911061,14.019902],[102.911986,14.018714],[102.911348,14.017309],[102.91049,14.017199],[102.909779,14.016231],[102.909322,14.015964],[102.908493,14.016786],[102.907666,14.017262],[102.906655,14.01713],[102.905096,14.016179],[102.904178,14.016299],[102.902661,14.016164],[102.901359,14.015569],[102.900692,14.014969],[102.899712,14.013757],[102.898925,14.013488],[102.89907,14.012927],[102.89911,14.012157],[102.898561,14.011568],[102.89773,14.010967],[102.896334,14.010269],[102.895425,14.008954],[102.8947,14.008399],[102.89441,14.007662],[102.893953,14.007372],[102.893055,14.007974],[102.890475,14.008602],[102.888267,14.009781],[102.887524,14.01003],[102.886674,14.010483],[102.885521,14.010544],[102.884562,14.009666],[102.883292,14.009452],[102.882353,14.009181],[102.881891,14.007823],[102.881736,14.006468],[102.881088,14.004823],[102.87993,14.003759],[102.878965,14.003764],[102.876193,14.003137],[102.875616,14.003284],[102.874297,14.003447],[102.873391,14.003441],[102.872698,14.003219],[102.870917,14.003953],[102.868969,14.004974],[102.867945,14.005025],[102.866879,14.004391],[102.864203,14.004648],[102.863476,14.00441],[102.863198,14.003851],[102.863027,14.002781],[102.86265,14.001285],[102.848808,13.987809],[102.843865,13.983939],[102.815627,13.965435],[102.813834,13.959285],[102.813222,13.957625],[102.812601,13.956252],[102.810958,13.953302],[102.808187,13.948959],[102.806928,13.947338],[102.803027,13.943026],[102.798325,13.942264],[102.793115,13.937717],[102.78291,13.932816],[102.766252,13.856377],[102.755999,13.84655],[102.746359,13.831372],[102.746044,13.830707],[102.727348,13.800436],[102.72322,13.79326],[102.723424,13.791072],[102.724308,13.789528],[102.727517,13.787414],[102.729667,13.78672],[102.730643,13.786206],[102.731383,13.785681],[102.732123,13.785487],[102.732489,13.784846],[102.732384,13.784205],[102.732598,13.783209],[102.733199,13.782167],[102.73203,13.770888],[102.710853,13.769643],[102.701746,13.768042],[102.688584,13.751928],[102.664228,13.742011],[102.634722,13.726442],[102.599764,13.70946],[102.597336,13.708569],[102.596405,13.708064],[102.595492,13.70769],[102.592066,13.707355],[102.590991,13.706775],[102.589999,13.706128],[102.588682,13.704299],[102.587974,13.703821],[102.58669,13.703656],[102.585934,13.703179],[102.584834,13.702243],[102.583609,13.701963],[102.582286,13.701041],[102.580588,13.700478],[102.579535,13.699554],[102.578634,13.698354],[102.577571,13.697636],[102.576775,13.696298],[102.57769,13.695707],[102.578168,13.694844],[102.577232,13.69377],[102.577004,13.693002],[102.574775,13.692189],[102.573306,13.692462],[102.571574,13.692139],[102.569049,13.690995],[102.568716,13.690318],[102.567901,13.689692],[102.566756,13.686955],[102.566,13.686362],[102.564714,13.685899],[102.56393,13.685058],[102.563568,13.684346],[102.562842,13.683982],[102.562723,13.683351],[102.562334,13.682626],[102.560778,13.680005],[102.560431,13.679555],[102.560256,13.678789],[102.559765,13.678294],[102.559466,13.677634],[102.559008,13.677171],[102.558786,13.676589],[102.559155,13.676198],[102.558907,13.675641],[102.558487,13.675324],[102.55852,13.674624],[102.558207,13.673945],[102.557469,13.674129],[102.557398,13.673554],[102.557125,13.672781],[102.556563,13.672234],[102.556042,13.671024],[102.555897,13.670398],[102.554992,13.66981],[102.554829,13.669133],[102.55439,13.668735],[102.553778,13.668702],[102.553209,13.668263],[102.552825,13.66759],[102.552853,13.6668],[102.551764,13.666008],[102.55142,13.665433],[102.550898,13.66542],[102.550634,13.665115],[102.550573,13.66358],[102.550632,13.66342],[102.551167,13.663133],[102.551159,13.662956],[102.550721,13.662437],[102.550676,13.662024],[102.550255,13.661725],[102.549943,13.661654],[102.549718,13.661327],[102.549799,13.661018],[102.549351,13.66079],[102.548921,13.66036],[102.548755,13.659926],[102.548883,13.659726],[102.548891,13.659552],[102.548147,13.658993],[102.548012,13.658757],[102.548021,13.658426],[102.548258,13.658251],[102.548622,13.658381],[102.549309,13.658948],[102.549608,13.658794],[102.550147,13.658294],[102.550674,13.657709],[102.550953,13.657243],[102.551563,13.656646],[102.552139,13.656434],[102.552422,13.655702],[102.552401,13.655139],[102.552614,13.654444],[102.55322,13.654182],[102.554414,13.654019],[102.554994,13.653604],[102.554389,13.652504],[102.555037,13.652121],[102.556573,13.652056],[102.557077,13.652329],[102.557667,13.652335],[102.558112,13.651683],[102.556604,13.650381],[102.557389,13.65004],[102.55799,13.650207],[102.557955,13.64963],[102.55758,13.648859],[102.558048,13.648585],[102.560037,13.648432],[102.560331,13.649197],[102.561001,13.649392],[102.560849,13.648224],[102.561142,13.647704],[102.562014,13.646894],[102.562457,13.64744],[102.562567,13.648006],[102.563416,13.647775],[102.563916,13.646601],[102.564187,13.64572],[102.564773,13.645818],[102.565009,13.646373],[102.56579,13.646147],[102.566075,13.644527],[102.566803,13.644225],[102.567482,13.644176],[102.56838,13.644295],[102.568958,13.644128],[102.569472,13.643898],[102.570314,13.643055],[102.57064,13.642296],[102.570796,13.64086],[102.571039,13.639951],[102.570963,13.639171],[102.570723,13.638424],[102.571204,13.636546],[102.571408,13.635232],[102.571524,13.634954],[102.57184,13.634878],[102.572237,13.635626],[102.572419,13.635705],[102.572581,13.635571],[102.572697,13.635327],[102.572637,13.634905],[102.572404,13.634625],[102.572547,13.634122],[102.572506,13.633112],[102.573115,13.632788],[102.573934,13.633047],[102.574133,13.632384],[102.573809,13.631414],[102.574506,13.631045],[102.575217,13.630499],[102.575354,13.629673],[102.575621,13.629432],[102.575918,13.629323],[102.576457,13.629312],[102.577579,13.629667],[102.578446,13.63019],[102.578955,13.630211],[102.579143,13.630036],[102.57907,13.629688],[102.57859,13.628843],[102.578623,13.628438],[102.578802,13.628212],[102.579693,13.628084],[102.58191,13.628009],[102.58214,13.628071],[102.582338,13.62829],[102.582346,13.628693],[102.582428,13.628879],[102.582551,13.628996],[102.58306,13.629114],[102.583489,13.629343],[102.583805,13.629994],[102.583945,13.63012],[102.584375,13.63],[102.584969,13.629487],[102.585269,13.628864],[102.585809,13.628463],[102.585987,13.628427],[102.586141,13.62845],[102.586192,13.629148],[102.586296,13.629471],[102.586443,13.629671],[102.586622,13.629754],[102.586845,13.629714],[102.587007,13.629626],[102.588495,13.628094],[102.58863,13.627443],[102.589541,13.626488],[102.589314,13.625939],[102.589588,13.625331],[102.590248,13.624786],[102.591397,13.625324],[102.592203,13.625507],[102.592235,13.62621],[102.592535,13.626954],[102.593065,13.626557],[102.594356,13.624574],[102.594251,13.623457],[102.594581,13.622594],[102.595133,13.622512],[102.595696,13.622668],[102.596257,13.623012],[102.59629,13.623577],[102.596878,13.623597],[102.597952,13.622915],[102.598467,13.622757],[102.599886,13.623235],[102.600173,13.622736],[102.600141,13.622146],[102.601041,13.621904],[102.601506,13.622374],[102.601655,13.621593],[102.601545,13.620277],[102.601911,13.619666],[102.602892,13.61901],[102.603467,13.619229],[102.603795,13.619835],[102.604617,13.619717],[102.604972,13.618855],[102.605023,13.618151],[102.605445,13.617735],[102.605985,13.617617],[102.6064,13.617162],[102.606471,13.61656],[102.607167,13.616253],[102.608053,13.616161],[102.609434,13.61549],[102.610445,13.615074],[102.61065,13.615089],[102.610867,13.615322],[102.610931,13.615592],[102.610905,13.616084],[102.610679,13.616972],[102.610787,13.617135],[102.611148,13.617221],[102.611485,13.61707],[102.612223,13.616076],[102.612887,13.615782],[102.613157,13.615828],[102.613204,13.616271],[102.613354,13.616488],[102.613666,13.616453],[102.61352,13.61446],[102.614042,13.613835],[102.615476,13.614137],[102.615802,13.613418],[102.616359,13.613079],[102.616738,13.613584],[102.617934,13.613357],[102.619396,13.613397],[102.620513,13.613282],[102.621324,13.613091],[102.622225,13.612191],[102.622484,13.611205],[102.622771,13.610731],[102.623528,13.610713],[102.624193,13.610908],[102.62443,13.61032],[102.624119,13.609376],[102.624201,13.608714],[102.623238,13.608419],[102.622241,13.608542],[102.621725,13.608851],[102.621539,13.608222],[102.620799,13.607776],[102.619926,13.607893],[102.619687,13.608694],[102.619129,13.608036],[102.618568,13.607901],[102.618082,13.607561],[102.617389,13.607505],[102.616919,13.607956],[102.615924,13.607779],[102.615471,13.608227],[102.6148,13.608534],[102.61408,13.608703],[102.613184,13.608543],[102.613035,13.608015],[102.613288,13.606826],[102.612731,13.606176],[102.612133,13.605886],[102.611426,13.605992],[102.610821,13.605373],[102.610197,13.605376],[102.608606,13.605777],[102.607978,13.605758],[102.607555,13.60623],[102.607209,13.606955],[102.606501,13.607137],[102.60589,13.606704],[102.604797,13.606894],[102.604228,13.606549],[102.603454,13.60691],[102.60283,13.606982],[102.602316,13.607502],[102.601551,13.607541],[102.60114,13.606972],[102.600265,13.607227],[102.599588,13.606945],[102.598688,13.607149],[102.598165,13.606881],[102.597728,13.608232],[102.597187,13.60844],[102.596609,13.608484],[102.595817,13.608125],[102.595224,13.608484],[102.594779,13.608078],[102.594149,13.608185],[102.592963,13.607533],[102.592436,13.607591],[102.591904,13.606933],[102.591163,13.606575],[102.590825,13.607048],[102.589927,13.607256],[102.589332,13.607523],[102.588883,13.607951],[102.588317,13.607633],[102.58714,13.607339],[102.58641,13.607281],[102.584326,13.606559],[102.583709,13.606703],[102.583094,13.606622],[102.582237,13.60635],[102.581487,13.606515],[102.580873,13.606105],[102.579897,13.606146],[102.579471,13.605654],[102.578328,13.605397],[102.577215,13.604049],[102.576086,13.604079],[102.575519,13.603783],[102.574931,13.603706],[102.574117,13.603241],[102.573725,13.602669],[102.573497,13.601855],[102.572858,13.601136],[102.573168,13.599791],[102.573576,13.599076],[102.5734,13.597138],[102.572904,13.596761],[102.571739,13.59678],[102.570901,13.596176],[102.570449,13.595375],[102.570007,13.594115],[102.569512,13.591765],[102.569145,13.591353],[102.569248,13.590813],[102.569692,13.590431],[102.569866,13.589833],[102.570156,13.589247],[102.569789,13.588778],[102.569809,13.588135],[102.570179,13.586962],[102.570102,13.585849],[102.569735,13.585334],[102.569241,13.584898],[102.568614,13.584711],[102.568021,13.584368],[102.567758,13.583867],[102.567157,13.583775],[102.566436,13.583254],[102.565746,13.583258],[102.565455,13.582699],[102.564185,13.582779],[102.563871,13.582323],[102.563678,13.58153],[102.563201,13.580382],[102.562707,13.579788],[102.562761,13.579073],[102.561717,13.578469],[102.56113,13.578931],[102.560443,13.579076],[102.559479,13.57912],[102.558723,13.578604],[102.557714,13.578661],[102.556347,13.578401],[102.555409,13.577974],[102.555085,13.577522],[102.554435,13.577088],[102.554139,13.57639],[102.554011,13.575829],[102.5534,13.575632],[102.553101,13.575115],[102.552344,13.575199],[102.551952,13.575774],[102.551359,13.576312],[102.550718,13.576089],[102.550686,13.576698],[102.550224,13.577061],[102.549366,13.577339],[102.548485,13.576455],[102.547971,13.576289],[102.547517,13.575927],[102.546994,13.575407],[102.546582,13.574729],[102.546158,13.575375],[102.545641,13.575576],[102.544782,13.575477],[102.544778,13.574913],[102.545054,13.574084],[102.544143,13.573098],[102.543824,13.572601],[102.5431,13.572322],[102.542539,13.571858],[102.542137,13.571376],[102.541567,13.571224],[102.540974,13.570836],[102.539946,13.569697],[102.540331,13.569243],[102.541018,13.569038],[102.540451,13.568655],[102.539883,13.56874],[102.538985,13.568484],[102.538504,13.568253],[102.537562,13.567176],[102.536801,13.567108],[102.536396,13.567461],[102.535848,13.567652],[102.535747,13.566992],[102.535148,13.566603],[102.534611,13.566799],[102.534081,13.567262],[102.533615,13.566536],[102.533074,13.566688],[102.532264,13.565947],[102.531769,13.566308],[102.53121,13.565582],[102.530504,13.56564],[102.530084,13.566397],[102.529336,13.566016],[102.528622,13.566387],[102.528361,13.567211],[102.527667,13.567153],[102.527451,13.566582],[102.527912,13.565872],[102.527562,13.565369],[102.527112,13.565093],[102.52685,13.564516],[102.526264,13.56449],[102.525903,13.565146],[102.525682,13.565965],[102.524457,13.565369],[102.524092,13.564892],[102.523563,13.565125],[102.523305,13.565745],[102.522531,13.565979],[102.522199,13.566656],[102.521284,13.56708],[102.520469,13.567223],[102.519706,13.566802],[102.518946,13.567057],[102.51922,13.568027],[102.518576,13.56803],[102.517894,13.567787],[102.516861,13.567575],[102.516145,13.568132],[102.515352,13.568129],[102.514181,13.568344],[102.513274,13.568975],[102.512736,13.568727],[102.512229,13.568961],[102.511436,13.568951],[102.510706,13.569322],[102.510972,13.568226],[102.510311,13.567671],[102.509783,13.567444],[102.509695,13.567982],[102.508921,13.568196],[102.507951,13.568906],[102.507122,13.568903],[102.507365,13.568286],[102.506491,13.568202],[102.50574,13.568622],[102.505197,13.569317],[102.504602,13.569669],[102.503459,13.570111],[102.501749,13.570394],[102.501204,13.570612],[102.500624,13.571043],[102.500036,13.571139],[102.499459,13.570969],[102.498442,13.569896],[102.497652,13.569556],[102.49671,13.569413],[102.496305,13.56977],[102.494757,13.569946],[102.494083,13.570619],[102.492136,13.570789],[102.491662,13.571552],[102.490949,13.571881],[102.490083,13.572062],[102.488973,13.571464],[102.488125,13.571231],[102.486978,13.571576],[102.486281,13.571101],[102.484554,13.571015],[102.483846,13.570632],[102.483179,13.570856],[102.482684,13.571839],[102.481465,13.572069],[102.481109,13.571681],[102.480598,13.572239],[102.480132,13.572518],[102.479561,13.571778],[102.479162,13.570678],[102.478195,13.571366],[102.477115,13.571434],[102.477049,13.570677],[102.477266,13.570124],[102.477014,13.569586],[102.47661,13.569119],[102.476405,13.56858],[102.475714,13.567587],[102.475067,13.56741],[102.474709,13.568023],[102.473135,13.566786],[102.472395,13.566736],[102.471824,13.564858],[102.471027,13.565026],[102.46966,13.56558],[102.469961,13.566348],[102.469652,13.567178],[102.46898,13.566874],[102.468472,13.5665],[102.467375,13.565994],[102.467146,13.565434],[102.466628,13.565324],[102.466175,13.565754],[102.465599,13.565748],[102.46415,13.565257],[102.463061,13.565969],[102.462685,13.565489],[102.462503,13.564917],[102.462508,13.564227],[102.460848,13.563716],[102.460371,13.562973],[102.459151,13.561951],[102.458417,13.562511],[102.457398,13.562762],[102.456879,13.562468],[102.455827,13.562904],[102.455189,13.562542],[102.453904,13.563154],[102.453536,13.562732],[102.453624,13.562191],[102.453138,13.561724],[102.452565,13.561948],[102.451915,13.561496],[102.450961,13.56116],[102.450212,13.561386],[102.449022,13.561007],[102.448252,13.561474],[102.447077,13.561326],[102.44634,13.561586],[102.445994,13.561038],[102.445371,13.560929],[102.444852,13.560727],[102.44439,13.561512],[102.44454,13.562316],[102.444357,13.562835],[102.444644,13.563407],[102.444192,13.563893],[102.443424,13.563488],[102.443124,13.562836],[102.442597,13.562887],[102.441856,13.562745],[102.441755,13.562113],[102.441212,13.561797],[102.441016,13.560937],[102.440356,13.560726],[102.439711,13.560755],[102.439399,13.560138],[102.438844,13.559799],[102.438213,13.560103],[102.43764,13.560259],[102.436381,13.561121],[102.435629,13.56106],[102.435034,13.561469],[102.434402,13.561646],[102.433741,13.56132],[102.433197,13.562084],[102.432555,13.562435],[102.431765,13.562064],[102.431143,13.56207],[102.430595,13.563684],[102.428942,13.565079],[102.429512,13.565648],[102.42854,13.56591],[102.428488,13.566612],[102.427938,13.566755],[102.427078,13.566511],[102.426873,13.56711],[102.427139,13.567832],[102.426095,13.567922],[102.42514,13.568219],[102.425567,13.569169],[102.424752,13.569786],[102.423928,13.569564],[102.423329,13.569546],[102.422644,13.570347],[102.421569,13.570863],[102.421045,13.571305],[102.419966,13.571315],[102.419284,13.57123],[102.418424,13.570996],[102.417822,13.57067],[102.418273,13.569988],[102.417628,13.570005],[102.416866,13.57015],[102.415989,13.570481],[102.415207,13.570949],[102.414838,13.570412],[102.415292,13.570051],[102.415029,13.569536],[102.414624,13.569],[102.413813,13.568882],[102.413017,13.569039],[102.412526,13.569263],[102.411748,13.568983],[102.411774,13.568017],[102.411523,13.567537],[102.410501,13.567513],[102.410191,13.566998],[102.409432,13.567432],[102.408856,13.567368],[102.407661,13.567633],[102.407258,13.568453],[102.406086,13.568567],[102.405208,13.568863],[102.404884,13.568109],[102.40419,13.568011],[102.403628,13.568132],[102.402583,13.568062],[102.402588,13.567418],[102.401391,13.567452],[102.400706,13.567045],[102.399802,13.567055],[102.399467,13.566415],[102.398928,13.566488],[102.398251,13.56692],[102.397693,13.567443],[102.39711,13.566656],[102.396597,13.566948],[102.395874,13.56753],[102.395332,13.567317],[102.394209,13.567649],[102.393265,13.567153],[102.392561,13.567263],[102.391906,13.568637],[102.39149,13.568159],[102.390641,13.568134],[102.390556,13.568696],[102.390305,13.569388],[102.389799,13.570415],[102.389026,13.570665],[102.388469,13.571336],[102.387693,13.571229],[102.38731,13.5716],[102.38721,13.572187],[102.386695,13.572342],[102.386535,13.571619],[102.385775,13.571902],[102.385757,13.572523],[102.384878,13.572623],[102.384439,13.572157],[102.383887,13.572127],[102.383208,13.57234],[102.38263,13.57199],[102.382249,13.572695],[102.381831,13.573147],[102.38119,13.573578],[102.381106,13.574648],[102.38039,13.57462],[102.380136,13.575083],[102.379599,13.57534],[102.378654,13.57481],[102.37846,13.575397],[102.378467,13.576075],[102.37812,13.57663],[102.377428,13.576671],[102.37661,13.577024],[102.376191,13.577373],[102.375548,13.577689],[102.375042,13.577521],[102.374541,13.576711],[102.374357,13.57592],[102.373906,13.575605],[102.37336,13.575295],[102.372796,13.575385],[102.372332,13.575365],[102.371764,13.575215],[102.371254,13.574906],[102.371065,13.575068],[102.370964,13.575448],[102.371663,13.576132],[102.372022,13.576182],[102.372096,13.576348],[102.37189,13.576656],[102.371276,13.576616],[102.370653,13.576461],[102.369762,13.576596],[102.369157,13.577176],[102.368585,13.577538],[102.3674,13.577584],[102.366649,13.577938],[102.365544,13.577418],[102.364779,13.577299],[102.36461,13.576772],[102.364289,13.576339],[102.363661,13.575758],[102.364091,13.575295],[102.36425,13.574799],[102.363576,13.574243],[102.36324,13.573511],[102.361447,13.572632],[102.360827,13.572833],[102.360583,13.571893],[102.360121,13.571484],[102.359905,13.570992],[102.359262,13.571296],[102.358323,13.571306],[102.358949,13.570438],[102.359392,13.570135],[102.359727,13.569534],[102.359521,13.568893],[102.358701,13.569073],[102.358472,13.568524],[102.359291,13.568251],[102.358546,13.567662],[102.358677,13.56666],[102.359274,13.566425],[102.359877,13.566331],[102.35947,13.565086],[102.359266,13.564691],[102.358567,13.56495],[102.358361,13.565492],[102.357795,13.565222],[102.357102,13.565159],[102.357015,13.565873],[102.356271,13.565489],[102.355996,13.564917],[102.355402,13.564188],[102.355476,13.563336],[102.354809,13.563538],[102.354232,13.563405],[102.353707,13.563675],[102.353115,13.563164],[102.352207,13.562771],[102.351692,13.562902],[102.350859,13.562921],[102.350173,13.56241],[102.348456,13.562117],[102.346568,13.561101],[102.345843,13.561349],[102.344933,13.560703],[102.344101,13.560883],[102.343615,13.560394],[102.342513,13.560543],[102.342602,13.559955],[102.342561,13.559416],[102.341857,13.559399],[102.342072,13.558627],[102.340731,13.559537],[102.340087,13.559657],[102.339714,13.558776],[102.340119,13.558186],[102.339797,13.557557],[102.338002,13.556484],[102.338122,13.55554],[102.338081,13.554954],[102.338905,13.555176],[102.338945,13.554418],[102.33795,13.553543],[102.337534,13.552972],[102.337469,13.552352],[102.338397,13.55239],[102.338875,13.552098],[102.338634,13.551365],[102.338062,13.550542],[102.337584,13.549675],[102.336991,13.550185],[102.336611,13.549752],[102.337203,13.549126],[102.337397,13.548539],[102.337285,13.547908],[102.337499,13.546952],[102.337283,13.546391],[102.337971,13.546005],[102.337604,13.545606],[102.33653,13.545031],[102.335956,13.545152],[102.335249,13.544871],[102.335454,13.544168],[102.334819,13.542887],[102.334636,13.542119],[102.333848,13.540725],[102.334255,13.54033],[102.334926,13.540565],[102.335197,13.539437],[102.334652,13.538936],[102.334145,13.538723],[102.333828,13.537473],[102.334838,13.53751],[102.335588,13.537342],[102.335627,13.536606],[102.335774,13.535962],[102.336261,13.535417],[102.336527,13.534966],[102.3373,13.534833],[102.337633,13.534024],[102.337945,13.533516],[102.338652,13.532647],[102.339379,13.532549],[102.339972,13.533118],[102.341412,13.532759],[102.342112,13.532396],[102.342435,13.531773],[102.342985,13.53155],[102.34338,13.531178],[102.343921,13.531299],[102.344661,13.530131],[102.345244,13.529713],[102.345864,13.529545],[102.346416,13.529575],[102.346957,13.528432],[102.346471,13.527965],[102.346476,13.527345],[102.346671,13.526814],[102.347597,13.52668],[102.347685,13.526081],[102.347373,13.525337],[102.347993,13.523964],[102.348873,13.523956],[102.349557,13.52427],[102.350108,13.524265],[102.350468,13.523814],[102.350017,13.523358],[102.349684,13.52288],[102.349702,13.52227],[102.349825,13.521694],[102.350504,13.521481],[102.350979,13.520845],[102.350804,13.519778],[102.350987,13.519282],[102.351727,13.519332],[102.352463,13.518934],[102.352905,13.518585],[102.353839,13.516841],[102.354487,13.515904],[102.354998,13.515371],[102.355675,13.514985],[102.356517,13.514702],[102.357113,13.514386],[102.357463,13.513015],[102.35893,13.511771],[102.358745,13.510877],[102.357521,13.51044],[102.358765,13.509292],[102.3591,13.508794],[102.359292,13.508034],[102.359709,13.507398],[102.360459,13.507276],[102.360992,13.507845],[102.361575,13.507437],[102.362179,13.506822],[102.362965,13.506757],[102.362888,13.506103],[102.363105,13.505492],[102.363547,13.50504],[102.363293,13.504318],[102.361842,13.5047],[102.361152,13.503753],[102.360564,13.502461],[102.360604,13.501794],[102.360859,13.501035],[102.36057,13.500155],[102.361322,13.499725],[102.362075,13.499148],[102.362232,13.498419],[102.362097,13.497103],[102.361202,13.497094],[102.361289,13.496474],[102.361593,13.495599],[102.3614,13.494393],[102.360926,13.492854],[102.361281,13.492385],[102.362316,13.49208],[102.362953,13.49159],[102.362747,13.49058],[102.362445,13.489936],[102.361253,13.48876],[102.360715,13.488367],[102.36073,13.487736],[102.361334,13.486637],[102.361151,13.485765],[102.360908,13.485076],[102.360771,13.484295],[102.360833,13.483778],[102.359284,13.483507],[102.358959,13.48268],[102.358856,13.482083],[102.358894,13.481544],[102.358381,13.480922],[102.357422,13.48001],[102.357039,13.479263],[102.357464,13.478749],[102.358009,13.47788],[102.358071,13.477272],[102.357961,13.476114],[102.357325,13.476109],[102.356521,13.474913],[102.356559,13.474373],[102.356774,13.473823],[102.357436,13.472829],[102.357558,13.472015],[102.357924,13.471638],[102.357377,13.470729],[102.356864,13.470096],[102.356822,13.469086],[102.356946,13.46779],[102.356133,13.465939],[102.356327,13.464815],[102.356213,13.464184],[102.355818,13.463436],[102.355774,13.462828],[102.355941,13.462301],[102.355697,13.461784],[102.355171,13.461242],[102.355362,13.460691],[102.355799,13.460304],[102.35545,13.459579],[102.356205,13.459009],[102.356654,13.45854],[102.356658,13.457761],[102.355621,13.456046],[102.355848,13.455348],[102.355829,13.454429],[102.355648,13.453247],[102.356661,13.452701],[102.355807,13.451951],[102.355541,13.451262],[102.355813,13.450816],[102.355957,13.450265],[102.356641,13.449706],[102.35688,13.448974],[102.355534,13.448083],[102.355303,13.447222],[102.356564,13.44647],[102.358666,13.446573],[102.358954,13.445426],[102.358922,13.444818],[102.359409,13.443696],[102.360234,13.443264],[102.360355,13.442392],[102.359972,13.441679],[102.359574,13.441334],[102.359521,13.440174],[102.358809,13.439414],[102.358249,13.438562],[102.358158,13.438045],[102.358468,13.437267],[102.358167,13.436278],[102.3579,13.435749],[102.358407,13.435396],[102.358856,13.434813],[102.358861,13.433941],[102.35843,13.433296],[102.358564,13.432299],[102.358862,13.431462],[102.359346,13.431018],[102.361308,13.430763],[102.36102,13.429683],[102.360625,13.428878],[102.360467,13.427639],[102.360624,13.426836],[102.361727,13.426967],[102.362416,13.425559],[102.362468,13.424619],[102.361987,13.424353],[102.361401,13.424201],[102.360558,13.423738],[102.360409,13.422969],[102.361967,13.421553],[102.361817,13.421002],[102.36108,13.420425],[102.360567,13.419721],[102.359691,13.418766],[102.359709,13.417481],[102.360386,13.416085],[102.360455,13.414043],[102.35986,13.413351],[102.359795,13.412227],[102.359517,13.411502],[102.359948,13.41007],[102.359142,13.409217],[102.358804,13.408607],[102.359868,13.407316],[102.360024,13.406663],[102.360533,13.405896],[102.360666,13.405013],[102.360036,13.4043],[102.359877,13.403186],[102.359894,13.402314],[102.36039,13.401616],[102.360241,13.400984],[102.359703,13.400466],[102.359827,13.399365],[102.359477,13.398801],[102.358598,13.398591],[102.357756,13.397909],[102.356909,13.398124],[102.356925,13.397321],[102.357293,13.396623],[102.357251,13.395544],[102.356819,13.395186],[102.356376,13.394519],[102.356156,13.393932],[102.355807,13.393323],[102.356232,13.392912],[102.356435,13.392225],[102.355933,13.391625],[102.355996,13.390868],[102.355893,13.390317],[102.354995,13.389006],[102.354683,13.388098],[102.35478,13.387536],[102.354811,13.385987],[102.355157,13.385047],[102.354997,13.384106],[102.355553,13.383397],[102.35626,13.382839],[102.35676,13.381498],[102.356343,13.380384],[102.355827,13.380255],[102.355252,13.380241],[102.355014,13.378553],[102.355008,13.377406],[102.354309,13.376404],[102.351818,13.374546],[102.351378,13.373247],[102.351135,13.372512],[102.351062,13.370745],[102.350363,13.369835],[102.35006,13.369214],[102.3506,13.367106],[102.350276,13.366129],[102.349611,13.365403],[102.348956,13.364872],[102.349142,13.362877],[102.348937,13.361763],[102.348694,13.361016],[102.348873,13.360466],[102.34877,13.359927],[102.34819,13.358581],[102.346544,13.356692],[102.346671,13.354995],[102.346583,13.35379],[102.346755,13.352345],[102.346724,13.351416],[102.346169,13.349841],[102.345459,13.348587],[102.345081,13.346887],[102.34526,13.346326],[102.345733,13.345548],[102.346957,13.344968],[102.348086,13.344572],[102.349141,13.342626],[102.349896,13.341918],[102.351403,13.340993],[102.351707,13.340276],[102.35157,13.33923],[102.35051,13.336747],[102.350432,13.335966],[102.350905,13.335326],[102.351942,13.334436],[102.352238,13.333978],[102.351801,13.332324],[102.352326,13.330582],[102.353679,13.329935],[102.354399,13.329226],[102.355526,13.326994],[102.355849,13.325872],[102.356909,13.325165],[102.35731,13.324662],[102.35754,13.32105],[102.357884,13.320442],[102.358336,13.319137],[102.359262,13.314908],[102.359644,13.313693],[102.359523,13.312132],[102.359339,13.311374],[102.357149,13.305651],[102.355392,13.302717],[102.353485,13.29914],[102.352849,13.297278],[102.351614,13.295459],[102.350614,13.293562],[102.350026,13.291574],[102.350078,13.290612],[102.35,13.289808],[102.34948,13.288084],[102.3493,13.286649],[102.349801,13.282797],[102.349927,13.281098],[102.349713,13.279354],[102.349355,13.27817],[102.349406,13.277356],[102.350589,13.275629],[102.35104,13.274553],[102.35146,13.272673],[102.352073,13.272206],[102.353471,13.271844],[102.354752,13.271575],[102.356196,13.271478],[102.357559,13.271198],[102.358913,13.270412],[102.359785,13.269659],[102.362443,13.26857],[102.363953,13.267085],[102.364509,13.266227],[102.365245,13.264509],[102.365918,13.263743],[102.367061,13.262876],[102.36737,13.261983],[102.366905,13.261166],[102.366582,13.260097],[102.366378,13.256322],[102.366476,13.255416],[102.367448,13.253436],[102.36764,13.252714],[102.367684,13.251236],[102.367901,13.250652],[102.367391,13.248707],[102.368745,13.247044],[102.368905,13.246288],[102.36923,13.245475],[102.369668,13.243815],[102.369687,13.243068],[102.369821,13.24253],[102.37009,13.240099],[102.370005,13.239484],[102.370022,13.238675],[102.370158,13.237976],[102.370556,13.236774],[102.371598,13.235773],[102.372477,13.234725],[102.374023,13.232523],[102.374971,13.231567],[102.376124,13.23004],[102.376597,13.229688],[102.377464,13.228582],[102.377869,13.22792],[102.378522,13.227168],[102.379026,13.225967],[102.379188,13.225004],[102.37915,13.224052],[102.379253,13.223065],[102.379663,13.222332],[102.380521,13.221363],[102.382958,13.219654],[102.383361,13.219234],[102.384224,13.218587],[102.385789,13.218188],[102.386202,13.217858],[102.386678,13.217174],[102.386801,13.216555],[102.386489,13.216012],[102.386284,13.215379],[102.387108,13.215134],[102.387745,13.214795],[102.388009,13.214201],[102.386744,13.212686],[102.387046,13.211701],[102.388196,13.21046],[102.38904,13.209354],[102.389049,13.208379],[102.388726,13.206528],[102.389523,13.204169],[102.389484,13.203319],[102.389669,13.202346],[102.390073,13.201799],[102.391127,13.20082],[102.392636,13.200076],[102.393231,13.199175],[102.393026,13.198484],[102.393263,13.19704],[102.393323,13.19564],[102.39367,13.194851],[102.394046,13.193602],[102.39383,13.192797],[102.394232,13.191297],[102.393776,13.18987],[102.393857,13.188687],[102.393769,13.188101],[102.393551,13.187617],[102.392862,13.187209],[102.391712,13.185971],[102.391566,13.185303],[102.39176,13.184627],[102.391852,13.183608],[102.392622,13.182787],[102.392655,13.181812],[102.393145,13.17952],[102.392963,13.178956],[102.392996,13.177934],[102.393143,13.177258],[102.393584,13.176539],[102.395551,13.175754],[102.3962,13.175346],[102.397127,13.173988],[102.397596,13.172867],[102.397893,13.172434],[102.398413,13.170808],[102.398397,13.169993],[102.398018,13.169071],[102.39791,13.168071],[102.398301,13.16517],[102.399049,13.162949],[102.399348,13.161139],[102.399202,13.160437],[102.398675,13.158985],[102.399045,13.15838],[102.398866,13.157403],[102.399026,13.156602],[102.399982,13.15599],[102.400794,13.154527],[102.400748,13.15315],[102.401076,13.151936],[102.401611,13.151194],[102.402663,13.150377],[102.40442,13.149336],[102.404906,13.148846],[102.405159,13.148056],[102.405059,13.14747],[102.405725,13.146524],[102.405913,13.145251],[102.406609,13.144843],[102.409002,13.144877],[102.410155,13.144508],[102.411063,13.143931],[102.412566,13.142543],[102.413615,13.142047],[102.41436,13.141457],[102.414893,13.140876],[102.415535,13.13994],[102.416547,13.139535],[102.417184,13.137969],[102.417788,13.137296],[102.418099,13.136633],[102.418086,13.135497],[102.41787,13.134783],[102.417793,13.13422],[102.417781,13.132969],[102.417235,13.132436],[102.416866,13.131685],[102.417109,13.130804],[102.417135,13.129323],[102.41742,13.128878],[102.417308,13.127006],[102.417549,13.126399],[102.416472,13.124794],[102.416583,13.122993],[102.418655,13.120864],[102.420061,13.119843],[102.421045,13.118635],[102.421426,13.118042],[102.421715,13.117206],[102.422727,13.116859],[102.422594,13.116066],[102.42259,13.115239],[102.423183,13.114486],[102.423033,13.112924],[102.423191,13.112375],[102.42398,13.112071],[102.42457,13.11164],[102.424402,13.110755],[102.424973,13.10991],[102.424666,13.108874],[102.424965,13.108188],[102.425627,13.107666],[102.426204,13.107418],[102.427795,13.107937],[102.428668,13.107359],[102.430166,13.105111],[102.431281,13.105052],[102.431517,13.103608],[102.431983,13.102773],[102.432833,13.102183],[102.433251,13.101314],[102.433013,13.100382],[102.432993,13.099349],[102.433275,13.098697],[102.433236,13.097802],[102.433324,13.097148],[102.432769,13.096293],[102.432659,13.095454],[102.432871,13.094113],[102.433201,13.092704],[102.433535,13.092007],[102.433838,13.09093],[102.434901,13.090216],[102.435264,13.089014],[102.437239,13.087148],[102.43829,13.086331],[102.439611,13.085561],[102.441656,13.085142],[102.442256,13.084942],[102.442958,13.085074],[102.443328,13.085674],[102.443816,13.085675],[102.444045,13.085903],[102.444234,13.08621],[102.444378,13.087017],[102.444465,13.087072],[102.445129,13.08648],[102.446024,13.086468],[102.446184,13.085969],[102.446812,13.085805],[102.447345,13.084833],[102.448544,13.084801],[102.44951,13.084314],[102.449118,13.083576],[102.44999,13.083148],[102.450635,13.083108],[102.452152,13.082708],[102.453989,13.083171],[102.454684,13.082809],[102.455857,13.082842],[102.456605,13.083113],[102.457464,13.082833],[102.45865,13.08266],[102.459499,13.082173],[102.481874,13.037911],[102.492626,13.016866],[102.493901,13.014511],[102.493977,13.013857],[102.494368,13.013414],[102.495384,13.012594],[102.495878,13.012392],[102.496593,13.012403],[102.497707,13.011508],[102.498614,13.010502],[102.501931,13.008063],[102.504225,13.00617],[102.505307,13.005429],[102.506151,13.005399],[102.507041,13.005565],[102.50908,13.005517],[102.513051,13.005708],[102.514434,13.005634],[102.517468,13.005695],[102.52157,13.005508],[102.522215,13.005592],[102.522753,13.005778],[102.524546,13.005627],[102.525226,13.005664],[102.525883,13.005449],[102.526755,13.004375],[102.527379,13.003839],[102.528295,13.003419],[102.529151,13.003262],[102.530128,13.002475],[102.530015,13.001602],[102.529395,13.000902],[102.528576,13.000497],[102.527931,13.000828],[102.527483,13.001341],[102.52707,13.002048],[102.525384,13.002119],[102.52528,13.001595],[102.525306,13.001012],[102.5256,13.000579],[102.526047,13.000236],[102.526307,12.999723],[102.525289,12.999467],[102.524633,12.999475],[102.52366,12.999678],[102.522993,12.999619],[102.520964,12.999919],[102.520381,12.999413],[102.520325,12.998852],[102.520855,12.998236],[102.521417,12.998147],[102.522212,12.998482],[102.522856,12.998645],[102.523117,12.99805],[102.523026,12.997444],[102.522512,12.996984],[102.521857,12.996832],[102.520732,12.996805],[102.520065,12.996688],[102.518826,12.996191],[102.518076,12.996154],[102.517454,12.996266],[102.516727,12.996538],[102.516013,12.996329],[102.51564,12.995904],[102.515422,12.994987],[102.515683,12.994141],[102.516873,12.992646],[102.516736,12.991913],[102.515964,12.991555],[102.51491,12.991655],[102.513587,12.991466],[102.51328,12.9919],[102.513126,12.992471],[102.513216,12.99325],[102.512693,12.994851],[102.511776,12.995557],[102.510873,12.995851],[102.508951,12.996038],[102.508237,12.995841],[102.507472,12.994144],[102.506945,12.994038],[102.506147,12.994196],[102.505341,12.993793],[102.504606,12.99308],[102.504022,12.992745],[102.501599,12.992244],[102.501192,12.991773],[102.500924,12.991303],[102.501061,12.989586],[102.501006,12.988876],[102.500658,12.988016],[102.499994,12.987212],[102.49934,12.986729],[102.49865,12.986463],[102.49783,12.98654],[102.496997,12.986766],[102.496516,12.986982],[102.495411,12.986592],[102.494952,12.986321],[102.494322,12.985513],[102.493492,12.985556],[102.492952,12.985412],[102.492442,12.984821],[102.491318,12.9849],[102.490473,12.984691],[102.48979,12.984274],[102.48956,12.983634],[102.488938,12.983434],[102.488106,12.983397],[102.48732,12.983243],[102.487258,12.981834],[102.48575,12.97981],[102.485444,12.978576],[102.485472,12.977945],[102.485722,12.977163],[102.486056,12.976679],[102.487033,12.976039],[102.488835,12.975907],[102.489598,12.97504],[102.490054,12.973879],[102.490722,12.97173],[102.491349,12.971175],[102.492151,12.970639],[102.49316,12.970801],[102.493848,12.970555],[102.495266,12.969636],[102.4958,12.969183],[102.496535,12.968783],[102.496484,12.968232],[102.497172,12.966243],[102.498894,12.963628],[102.499565,12.963001],[102.500224,12.96218],[102.500673,12.961369],[102.500758,12.960636],[102.500527,12.959949],[102.499819,12.958447],[102.498971,12.956909],[102.497971,12.955452],[102.496957,12.954281],[102.496715,12.953353],[102.495975,12.952545],[102.492977,12.951394],[102.491988,12.9509],[102.49022,12.950881],[102.489657,12.950796],[102.488962,12.95032],[102.487638,12.949142],[102.487032,12.948749],[102.48596,12.948522],[102.485818,12.948439],[102.485763,12.948264],[102.485825,12.947062],[102.486193,12.946509],[102.487015,12.945631],[102.488168,12.9439],[102.488196,12.943259],[102.488649,12.942298],[102.489133,12.941596],[102.48996,12.940086],[102.489972,12.939847],[102.489894,12.939734],[102.489739,12.939708],[102.489464,12.939932],[102.489319,12.939907],[102.489123,12.9393],[102.489424,12.939138],[102.490432,12.938903],[102.490638,12.938764],[102.491185,12.937686],[102.490999,12.937374],[102.4907,12.937238],[102.490509,12.937033],[102.490449,12.936797],[102.490515,12.936644],[102.490665,12.936598],[102.491022,12.936678],[102.491189,12.936638],[102.491269,12.936493],[102.491151,12.93609],[102.490377,12.935859],[102.49057,12.93533],[102.491007,12.934547],[102.491213,12.933021],[102.491373,12.932785],[102.492041,12.932483],[102.491258,12.931489],[102.490657,12.930224],[102.490657,12.929659],[102.491056,12.929477],[102.491135,12.929644],[102.491515,12.929764],[102.491724,12.929739],[102.492275,12.929304],[102.492502,12.929335],[102.492809,12.929552],[102.49314,12.930241],[102.493295,12.930299],[102.493547,12.930222],[102.493757,12.930007],[102.493805,12.929849],[102.493427,12.929642],[102.4931,12.929302],[102.49281,12.928792],[102.49274,12.928436],[102.492997,12.927784],[102.493443,12.927525],[102.493639,12.927235],[102.493772,12.926543],[102.493922,12.926429],[102.494195,12.926442],[102.494424,12.926602],[102.494472,12.926837],[102.494823,12.927212],[102.494963,12.927232],[102.495485,12.927035],[102.495576,12.926793],[102.495362,12.925394],[102.495437,12.925186],[102.495616,12.925123],[102.496365,12.925123],[102.496498,12.924928],[102.496497,12.924823],[102.496251,12.924662],[102.496006,12.924629],[102.495578,12.924381],[102.495112,12.924287],[102.495235,12.923747],[102.495144,12.922842],[102.495985,12.922731],[102.496308,12.921473],[102.497317,12.921145],[102.497428,12.919989],[102.497572,12.919554],[102.499495,12.918303],[102.500496,12.917357],[102.50103,12.915733],[102.501595,12.915186],[102.501569,12.91308],[102.501702,12.912027],[102.502217,12.909592],[102.503222,12.907478],[102.503448,12.906551],[102.503289,12.905532],[102.502056,12.905554],[102.50186,12.905627],[102.501296,12.906157],[102.501126,12.906096],[102.500997,12.905899],[102.501004,12.90535],[102.501535,12.902772],[102.501674,12.902728],[102.50187,12.902388],[102.501961,12.902181],[102.50192,12.90196],[102.502114,12.901564],[102.502545,12.901546],[102.50356,12.899947],[102.503735,12.899577],[102.504211,12.897176],[102.504752,12.895462],[102.505987,12.894474],[102.506068,12.893462],[102.507096,12.892017],[102.506809,12.890825],[102.50687,12.890241],[102.506398,12.888271],[102.506371,12.886473],[102.507757,12.885495],[102.508428,12.884719],[102.508455,12.883941],[102.507755,12.883434],[102.506619,12.883361],[102.505847,12.883129],[102.505077,12.882508],[102.50507,12.881592],[102.505509,12.88029],[102.505523,12.879591],[102.505317,12.878618],[102.505603,12.877565],[102.505916,12.87546],[102.506414,12.874112],[102.507488,12.869663],[102.50755,12.868851],[102.507789,12.867798],[102.507886,12.866929],[102.50775,12.865818],[102.506675,12.865493],[102.506019,12.865502],[102.504802,12.865314],[102.503808,12.864956],[102.502792,12.864379],[102.501577,12.863952],[102.500654,12.863375],[102.499092,12.861904],[102.498475,12.861055],[102.49793,12.859919],[102.497923,12.858786],[102.498185,12.857803],[102.498813,12.856214],[102.499243,12.854281],[102.499894,12.852499],[102.500026,12.851915],[102.500629,12.850521],[102.501171,12.849848],[102.50314,12.849398],[102.504336,12.848761],[102.504504,12.847995],[102.504894,12.847046],[102.505399,12.846762],[102.50647,12.845575],[102.507864,12.845272],[102.508449,12.845308],[102.509024,12.845138],[102.50967,12.844603],[102.51007,12.844124],[102.510575,12.843817],[102.511971,12.843295],[102.512792,12.842726],[102.514165,12.842068],[102.514682,12.842079],[102.51509,12.841155],[102.516367,12.839168],[102.516371,12.838682],[102.516084,12.838275],[102.515073,12.837973],[102.514735,12.837571],[102.51454,12.836552],[102.515915,12.834061],[102.516084,12.833157],[102.516053,12.832493],[102.51498,12.829462],[102.514937,12.828614],[102.515599,12.827632],[102.516026,12.826821],[102.516134,12.826283],[102.51588,12.825743],[102.514669,12.824179],[102.514744,12.823343],[102.515475,12.822533],[102.516298,12.822101],[102.517482,12.82213],[102.518483,12.821298],[102.519116,12.821256],[102.519818,12.821453],[102.521201,12.821506],[102.521556,12.820992],[102.521653,12.820328],[102.52208,12.819425],[102.522574,12.819129],[102.523219,12.819064],[102.52371,12.819307],[102.524939,12.81969],[102.525915,12.819042],[102.5262,12.818436],[102.526801,12.817751],[102.527364,12.817731],[102.528534,12.818161],[102.529354,12.818153],[102.529416,12.817512],[102.529285,12.815873],[102.529571,12.815015],[102.529984,12.814398],[102.531455,12.813407],[102.531927,12.812779],[102.53223,12.811108],[102.531596,12.809146],[102.530142,12.807135],[102.529899,12.806515],[102.529636,12.805287],[102.528917,12.803989],[102.528757,12.803198],[102.528727,12.802304],[102.52898,12.801033],[102.528925,12.800322],[102.528651,12.798969],[102.528291,12.79836],[102.528118,12.797867],[102.528067,12.796606],[102.528492,12.796035],[102.529553,12.794917],[102.529533,12.79415],[102.529303,12.793495],[102.529376,12.792901],[102.529543,12.792362],[102.530062,12.791723],[102.531063,12.790834],[102.532871,12.790338],[102.533052,12.789434],[102.532832,12.788872],[102.532929,12.788265],[102.533378,12.787705],[102.534012,12.787399],[102.535209,12.78713],[102.534984,12.78549],[102.535375,12.784655],[102.535835,12.784142],[102.535886,12.783375],[102.535566,12.781941],[102.535457,12.78045],[102.535597,12.778366],[102.5352,12.777998],[102.534592,12.777766],[102.533565,12.777085],[102.533512,12.775962],[102.533637,12.774656],[102.533218,12.774139],[102.532719,12.773185],[102.532594,12.772462],[102.532585,12.771925],[102.532974,12.771456],[102.534009,12.770762],[102.533954,12.7702],[102.533499,12.769775],[102.533104,12.769257],[102.53299,12.768581],[102.532457,12.767558],[102.531606,12.76658],[102.531023,12.766211],[102.530344,12.766024],[102.529229,12.76626],[102.528611,12.765684],[102.528614,12.765146],[102.527679,12.764844],[102.526788,12.764736],[102.526396,12.763726],[102.525837,12.763082],[102.525276,12.762804],[102.524045,12.762776],[102.523269,12.761213],[102.523331,12.760515],[102.523651,12.759989],[102.523457,12.758991],[102.522932,12.758565],[102.522312,12.758333],[102.521928,12.757907],[102.521709,12.757265],[102.521561,12.756439],[102.521226,12.755601],[102.520189,12.754416],[102.519373,12.753759],[102.518581,12.752747],[102.51752,12.75186],[102.516839,12.752028],[102.515546,12.75279],[102.51455,12.752843],[102.513976,12.752692],[102.513202,12.752871],[102.51265,12.753155],[102.510772,12.75373],[102.509625,12.753393],[102.508105,12.752779],[102.506358,12.751266],[102.506196,12.750764],[102.505823,12.748244],[102.505244,12.745749],[102.504134,12.744234],[102.501287,12.741471],[102.500226,12.740224],[102.500033,12.7396],[102.50037,12.738308],[102.5037,12.732917],[102.504472,12.731936],[102.50423,12.730778],[102.5037,12.728996],[102.503989,12.726946],[102.503796,12.725476],[102.503265,12.723337],[102.503024,12.721911],[102.5023,12.719327],[102.5023,12.718347],[102.5037,12.714649],[102.503651,12.714069],[102.503217,12.712733],[102.501818,12.710505],[102.499984,12.708054],[102.498633,12.70663],[102.497282,12.705382],[102.497282,12.704447],[102.49762,12.703466],[102.498489,12.702263],[102.499936,12.70195],[102.501721,12.701104],[102.505678,12.697985],[102.507174,12.69696],[102.507608,12.696069],[102.50809,12.694108],[102.509007,12.692594],[102.509779,12.691747],[102.509876,12.690455],[102.509828,12.689252],[102.509056,12.686623],[102.507367,12.685197],[102.50534,12.684128],[102.505051,12.68346],[102.505485,12.682034],[102.507656,12.678113],[102.509876,12.671741],[102.511082,12.66987],[102.511999,12.669825],[102.513688,12.669335],[102.51499,12.667999],[102.515666,12.666216],[102.516245,12.665013],[102.517837,12.663855],[102.518706,12.663632],[102.519526,12.662964],[102.520443,12.661761],[102.52107,12.661449],[102.522469,12.661404],[102.523386,12.660692],[102.52411,12.659711],[102.526378,12.657573],[102.52826,12.656592],[102.531444,12.654053],[102.532843,12.65334],[102.534194,12.653206],[102.535931,12.65334],[102.536897,12.653028],[102.537958,12.652493],[102.539502,12.652003],[102.540129,12.65236],[102.542638,12.654944],[102.543748,12.655924],[102.54452,12.656325],[102.545582,12.656325],[102.547464,12.655969],[102.549587,12.656147],[102.550407,12.655924],[102.550889,12.655389],[102.551324,12.654097],[102.552385,12.652671],[102.554267,12.652582],[102.555377,12.653072],[102.556776,12.653295],[102.558272,12.654097],[102.559768,12.654766],[102.561022,12.655523],[102.563386,12.656414],[102.565799,12.657662],[102.566812,12.657974],[102.567681,12.657795],[102.568501,12.657394],[102.569032,12.65686],[102.569273,12.655523],[102.569852,12.654543],[102.570672,12.654008],[102.571589,12.653652],[102.575546,12.653964],[102.577621,12.653964],[102.578923,12.65383],[102.580564,12.65285],[102.581143,12.652226],[102.581432,12.651201],[102.581384,12.650043],[102.581481,12.647057],[102.582156,12.645543],[102.582687,12.644785],[102.5837,12.644518],[102.585003,12.644429],[102.585968,12.643894],[102.586595,12.643003],[102.586981,12.641443],[102.588091,12.640107],[102.589056,12.639528],[102.589828,12.639349],[102.591083,12.639305],[102.592144,12.638636],[102.592579,12.636498],[102.593109,12.63574],[102.594074,12.634894],[102.596632,12.633602],[102.597307,12.632844],[102.598079,12.631686],[102.598755,12.630349],[102.59943,12.630215],[102.600926,12.630126],[102.601939,12.629592],[102.603001,12.62879],[102.604593,12.628834],[102.606185,12.628032],[102.606909,12.625359],[102.609051,12.623628],[102.609944,12.623158],[102.610671,12.62262],[102.611098,12.622146],[102.611638,12.621794],[102.613568,12.619656],[102.615498,12.617027],[102.616994,12.61569],[102.618055,12.615289],[102.619599,12.615378],[102.622736,12.615779],[102.624714,12.61569],[102.626017,12.615378],[102.627464,12.614799],[102.62867,12.613952],[102.629346,12.612794],[102.629442,12.611814],[102.629056,12.610076],[102.630601,12.610254],[102.632096,12.609942],[102.633737,12.609898],[102.636535,12.610522],[102.638707,12.611145],[102.641023,12.611101],[102.643291,12.612037],[102.644111,12.611769],[102.645269,12.611101],[102.646041,12.610165],[102.646668,12.608249],[102.646813,12.605086],[102.646958,12.604017],[102.647681,12.601878],[102.648067,12.599294],[102.647923,12.597957],[102.647392,12.596531],[102.646909,12.595952],[102.646282,12.595729],[102.644786,12.596086],[102.644352,12.595729],[102.644111,12.59359],[102.644979,12.592209],[102.645317,12.591095],[102.645462,12.589892],[102.644304,12.586061],[102.644449,12.585437],[102.645124,12.584768],[102.64633,12.584367],[102.647735,12.583578],[102.650335,12.582674],[102.65159,12.582496],[102.653576,12.582893],[102.655128,12.582713],[102.658297,12.581961],[102.660156,12.581849],[102.660946,12.582302],[102.661157,12.582981],[102.66186,12.58314],[102.662205,12.582585],[102.662832,12.580714],[102.665583,12.576882],[102.667609,12.573362],[102.666982,12.571758],[102.666789,12.570288],[102.667079,12.569218],[102.667947,12.568105],[102.668237,12.567525],[102.667561,12.564807],[102.667609,12.563961],[102.667851,12.563426],[102.668671,12.562624],[102.669925,12.562357],[102.671566,12.561822],[102.672965,12.560931],[102.675667,12.559461],[102.676295,12.558792],[102.677972,12.555734],[102.679337,12.554091],[102.681506,12.552777],[102.682712,12.550995],[102.684883,12.548812],[102.685124,12.548233],[102.684931,12.547742],[102.683291,12.546807],[102.681216,12.546094],[102.680155,12.545426],[102.679286,12.544044],[102.677549,12.543153],[102.677646,12.541237],[102.67726,12.539856],[102.677887,12.538876],[102.679141,12.53794],[102.680251,12.537717],[102.683436,12.538074],[102.684805,12.537674],[102.686669,12.536514],[102.689202,12.534722],[102.689929,12.533706],[102.691114,12.533722],[102.691928,12.533173],[102.692748,12.532237],[102.692941,12.531524],[102.693038,12.529831],[102.694284,12.528646],[102.695933,12.52796],[102.697091,12.527336],[102.69738,12.527024],[102.697284,12.526356],[102.696512,12.525866],[102.695209,12.524306],[102.694968,12.523326],[102.695113,12.520964],[102.695788,12.520385],[102.697236,12.519984],[102.700739,12.51992],[102.702021,12.520312],[102.704249,12.520039],[102.705008,12.519564],[102.70568,12.517445],[102.70568,12.516732],[102.705197,12.516108],[102.704715,12.515083],[102.704715,12.514548],[102.705438,12.513702],[102.705873,12.512855],[102.707224,12.511786],[102.707947,12.511563],[102.709154,12.511429],[102.709926,12.511162],[102.710215,12.510761],[102.710601,12.509469],[102.711277,12.509023],[102.712965,12.508221],[102.714558,12.507687],[102.715957,12.507509],[102.717115,12.507865],[102.71808,12.508622],[102.719624,12.510004],[102.720637,12.511207],[102.722133,12.512499],[102.724256,12.513301],[102.726379,12.513034],[102.727489,12.513212],[102.727972,12.513034],[102.728502,12.512677],[102.728888,12.511519],[102.728937,12.509558],[102.728502,12.509023],[102.727248,12.507954],[102.725752,12.505414],[102.725173,12.504568],[102.72416,12.503855],[102.72334,12.502474],[102.723484,12.499979],[102.725464,12.497088],[102.725657,12.495929],[102.72503,12.494949],[102.722038,12.492989],[102.720012,12.491206],[102.720156,12.490226],[102.720687,12.488934],[102.720253,12.487687],[102.720349,12.486617],[102.721025,12.485682],[102.722183,12.484969],[102.723534,12.48586],[102.725078,12.48635],[102.726526,12.48831],[102.728359,12.489736],[102.730096,12.490404],[102.732026,12.489424],[102.733763,12.489201],[102.734149,12.488578],[102.734391,12.486795],[102.735404,12.485726],[102.736851,12.485102],[102.737334,12.485236],[102.738251,12.484389],[102.738347,12.483677],[102.738878,12.483409],[102.740084,12.482607],[102.740277,12.482028],[102.73854,12.478954],[102.738202,12.477617],[102.737286,12.475879],[102.736996,12.474721],[102.737479,12.473028],[102.737334,12.472137],[102.736658,12.470042],[102.736707,12.46826],[102.736562,12.466834],[102.736562,12.465854],[102.737286,12.465542],[102.738637,12.4663],[102.740663,12.466166],[102.741918,12.465498],[102.742545,12.464696],[102.743365,12.463315],[102.743896,12.461889],[102.743607,12.461042],[102.743172,12.460418],[102.743365,12.459483],[102.744137,12.458636],[102.745585,12.457656],[102.746309,12.457299],[102.747177,12.458903],[102.748383,12.459483],[102.748769,12.461265],[102.749348,12.461933],[102.750024,12.462112],[102.751134,12.462027],[102.752147,12.461269],[102.752726,12.459977],[102.752726,12.458151],[102.753112,12.457349],[102.753884,12.456368],[102.754753,12.45619],[102.75538,12.456636],[102.755911,12.457259],[102.756924,12.457438],[102.757503,12.457438],[102.758034,12.456903],[102.758999,12.45668],[102.761701,12.456591],[102.763052,12.456413],[102.7645,12.457126],[102.76532,12.456903],[102.765947,12.456012],[102.767153,12.454007],[102.767684,12.452715],[102.767781,12.451601],[102.767732,12.450309],[102.768505,12.44973],[102.769421,12.448482],[102.76947,12.447591],[102.769035,12.44719],[102.769614,12.444115],[102.768987,12.442556],[102.769132,12.441977],[102.769759,12.441487],[102.770821,12.441041],[102.771255,12.440061],[102.771641,12.438056],[102.773378,12.435427],[102.774488,12.43467],[102.775356,12.43516],[102.776514,12.435026],[102.777045,12.435338],[102.777721,12.436185],[102.778686,12.436541],[102.779554,12.436095],[102.780809,12.435071],[102.781388,12.433868],[102.781774,12.430392],[102.784234,12.426739],[102.7838,12.42558],[102.784041,12.425001],[102.785199,12.422996],[102.786261,12.420412],[102.786261,12.419387],[102.786454,12.417828],[102.787419,12.415466],[102.787371,12.414129],[102.78655,12.409941],[102.786695,12.407401],[102.785634,12.404906],[102.784427,12.403748],[102.784665,12.401779],[102.783074,12.401285],[102.782006,12.401082],[102.780658,12.400926],[102.779767,12.400972],[102.778381,12.399347],[102.775795,12.397208],[102.773949,12.396247],[102.77263,12.39572],[102.769335,12.395082],[102.767986,12.394645],[102.766582,12.394312],[102.765338,12.394271],[102.764133,12.394355],[102.762427,12.394615],[102.761509,12.394837],[102.760178,12.394655],[102.75617,12.39316],[102.755038,12.392471],[102.754274,12.392722],[102.753535,12.392725],[102.752134,12.39237],[102.751328,12.392029],[102.7507,12.39154],[102.749976,12.39051],[102.747901,12.389352],[102.746309,12.388951],[102.742738,12.386901],[102.741677,12.385921],[102.74076,12.384584],[102.740663,12.381465],[102.739988,12.379995],[102.739023,12.37897],[102.737768,12.37701],[102.736996,12.376342],[102.734439,12.375272],[102.733522,12.37398],[102.732847,12.372332],[102.732654,12.371129],[102.730434,12.369123],[102.728407,12.367029],[102.727394,12.366495],[102.726236,12.365247],[102.725802,12.364311],[102.725319,12.358653],[102.724354,12.353975],[102.723968,12.350054],[102.723872,12.347113],[102.724113,12.34444],[102.724306,12.34386],[102.724885,12.342702],[102.725271,12.34034],[102.724982,12.338736],[102.723534,12.336152],[102.723389,12.334771],[102.723534,12.33339],[102.723824,12.332187],[102.725319,12.330182],[102.725657,12.32938],[102.725898,12.328043],[102.725802,12.326573],[102.726236,12.325548],[102.726574,12.32381],[102.726236,12.322117],[102.725223,12.31882],[102.725464,12.318018],[102.725802,12.316236],[102.725561,12.314186],[102.72614,12.312582],[102.72614,12.311691],[102.725802,12.309062],[102.725464,12.308305],[102.725368,12.306166],[102.725512,12.305275],[102.726043,12.303404],[102.726188,12.302468],[102.725368,12.300641],[102.725175,12.298057],[102.724933,12.296943],[102.724692,12.295205],[102.723824,12.29124],[102.723245,12.28977],[102.723148,12.28919],[102.723196,12.286161],[102.7231,12.285403],[102.722617,12.284289],[102.719867,12.280457],[102.719433,12.279522],[102.719384,12.278319],[102.719529,12.277071],[102.718854,12.274264],[102.718757,12.273061],[102.717985,12.271546],[102.716779,12.268873],[102.715959,12.267581],[102.71427,12.265308],[102.713836,12.264373],[102.713787,12.263081],[102.713594,12.261432],[102.713691,12.259917],[102.71398,12.257912],[102.714415,12.256442],[102.716441,12.25163],[102.717454,12.249803],[102.718323,12.248426],[102.717985,12.244104],[102.718516,12.241743],[102.717889,12.231763],[102.717947,12.227584],[102.717518,12.222361],[102.716883,12.221075],[102.716264,12.221202],[102.714931,12.222567],[102.714264,12.222885],[102.71328,12.222091],[102.712678,12.219866],[102.711616,12.215099],[102.710555,12.212113],[102.710072,12.209886],[102.709493,12.208282],[102.708383,12.20592],[102.70819,12.204673],[102.708383,12.203559],[102.709445,12.202133],[102.709927,12.201286],[102.709927,12.199861],[102.710555,12.198658],[102.712002,12.197365],[102.712195,12.196296],[102.712099,12.195138],[102.711423,12.193534],[102.707515,12.187608],[102.706791,12.185692],[102.706116,12.183553],[102.705826,12.182306],[102.705006,12.180122],[102.704909,12.179008],[102.705151,12.177315],[102.70351,12.172681],[102.703751,12.171835],[102.706695,12.169429],[102.707804,12.16827],[102.708142,12.167335],[102.708212,12.166429],[102.707907,12.163848],[102.708236,12.160869],[102.708528,12.158914],[102.708818,12.157934],[102.709783,12.152854],[102.710265,12.151517],[102.711423,12.150003],[102.712629,12.148176],[102.713546,12.146572],[102.714753,12.145012],[102.715862,12.143854],[102.716345,12.141938],[102.717262,12.139042],[102.718709,12.136903],[102.721025,12.134052],[102.723148,12.132715],[102.723969,12.131824],[102.724306,12.131334],[102.724934,12.131289],[102.727153,12.131646],[102.727539,12.131556],[102.729421,12.129418],[102.730048,12.12768],[102.731978,12.125586],[102.732509,12.124695],[102.732799,12.121754],[102.732992,12.120863],[102.733426,12.119972],[102.733812,12.11868],[102.733957,12.117878],[102.733426,12.114046],[102.733571,12.112754],[102.734005,12.111016],[102.735018,12.109457],[102.736369,12.107853],[102.740277,12.103843],[102.742256,12.101258],[102.743993,12.100768],[102.744427,12.100278],[102.745006,12.09912],[102.745489,12.097872],[102.746116,12.096892],[102.746791,12.096268],[102.748142,12.095288],[102.749156,12.094753],[102.750024,12.094575],[102.751617,12.094534],[102.752051,12.094044],[102.752099,12.092662],[102.75485,12.08941],[102.755911,12.087093],[102.755766,12.085445],[102.756876,12.082905],[102.758131,12.080455],[102.758758,12.080009],[102.761412,12.079252],[102.762088,12.078717],[102.764934,12.075465],[102.767251,12.075598],[102.768988,12.075376],[102.770291,12.074485],[102.770677,12.072792],[102.771545,12.071009],[102.7714,12.069495],[102.771014,12.068559],[102.769567,12.067668],[102.770966,12.06045],[102.772221,12.060094],[102.77251,12.059648],[102.774633,12.051406],[102.774585,12.050871],[102.773958,12.049847],[102.773765,12.046862],[102.774392,12.043654],[102.774392,12.038887],[102.773909,12.036302],[102.774199,12.033629],[102.775261,12.03158],[102.775888,12.029441],[102.777239,12.027971],[102.7783,12.026055],[102.779748,12.024674],[102.780038,12.023605],[102.779426,12.021949],[102.776901,12.015897],[102.776033,12.014026],[102.776708,12.004402],[102.777673,12.001595],[102.778011,11.999947],[102.780389,11.993762],[102.780389,11.99262],[102.779961,11.991347],[102.780748,11.988404],[102.782909,11.983357],[102.784621,11.978352],[102.784668,11.978045],[102.784431,11.977474],[102.784763,11.976728],[102.785239,11.976728],[102.7889,11.977342],[102.789248,11.977234],[102.790135,11.975415],[102.79191,11.973197],[102.793152,11.970647],[102.794061,11.968495],[102.795081,11.965269],[102.795699,11.964128],[102.796412,11.96303],[102.797078,11.962416],[102.797215,11.961932],[102.796981,11.961775],[102.796468,11.960982],[102.796194,11.960244],[102.796127,11.958157],[102.796555,11.956401],[102.798475,11.952903],[102.799828,11.949753],[102.800977,11.948499],[102.801642,11.948016],[102.802688,11.947665],[102.80484,11.947114],[102.808632,11.945382],[102.809565,11.94423],[102.809853,11.943499],[102.810474,11.941081],[102.811051,11.940038],[102.81298,11.937266],[102.815176,11.93354],[102.815668,11.930236],[102.814908,11.928348],[102.814147,11.927295],[102.813624,11.926417],[102.813481,11.923519],[102.813767,11.922422],[102.814432,11.921368],[102.816287,11.919217],[102.818193,11.917703],[102.81908,11.916838],[102.819413,11.916217],[102.819435,11.915441],[102.819257,11.914665],[102.81888,11.913977],[102.817993,11.912735],[102.81806,11.911848],[102.818592,11.911271],[102.819967,11.910362],[102.821279,11.909251],[102.82196,11.908312],[102.822037,11.907142],[102.821612,11.904729],[102.821136,11.903368],[102.820994,11.901964],[102.821191,11.89839],[102.820979,11.897446],[102.821097,11.896608],[102.821089,11.895905],[102.819923,11.894215],[102.819279,11.892707],[102.820256,11.889668],[102.822705,11.884096],[102.823181,11.882515],[102.824037,11.878827],[102.82494,11.876281],[102.825558,11.873867],[102.826224,11.871979],[102.828649,11.86873],[102.829124,11.867852],[102.829618,11.865035],[102.830503,11.863407],[102.831479,11.859282],[102.832787,11.85631],[102.834517,11.853359],[102.835404,11.852007],[102.836624,11.850565],[102.838266,11.849545],[102.839758,11.848287],[102.842942,11.846249],[102.845348,11.844096],[102.845865,11.842812],[102.845906,11.839527],[102.846508,11.838493],[102.847058,11.837308],[102.847936,11.831912],[102.848468,11.830536],[102.851041,11.826655],[102.854514,11.825312],[102.856725,11.825413],[102.860437,11.824214],[102.861611,11.823283],[102.86248,11.822109],[102.862714,11.821311],[102.862127,11.819645],[102.862127,11.81934],[102.862311,11.81899],[102.863975,11.81697],[102.864451,11.815302],[102.864261,11.814643],[102.8635,11.813985],[102.863025,11.813458],[102.862882,11.8128],[102.86312,11.812185],[102.863595,11.811395],[102.865307,11.809024],[102.866638,11.806346],[102.867351,11.805556],[102.86892,11.80481],[102.871583,11.804107],[102.872629,11.803712],[102.873485,11.803185],[102.87377,11.802922],[102.874245,11.802702],[102.874768,11.802527],[102.8761,11.802922],[102.876623,11.802834],[102.877288,11.802527],[102.878667,11.801693],[102.879856,11.800858],[102.881187,11.800068],[102.8819,11.799849],[102.882994,11.799673],[102.885371,11.799585],[102.885942,11.79941],[102.886084,11.799102],[102.885609,11.798268],[102.884753,11.79739],[102.883992,11.796205],[102.88171,11.791903],[102.881472,11.791024],[102.881472,11.790234],[102.882186,11.789444],[102.884611,11.789049],[102.886845,11.788829],[102.88889,11.788478],[102.890506,11.787995],[102.891742,11.787337],[102.892735,11.786409],[102.893274,11.785705],[102.894167,11.782552],[102.894595,11.781498],[102.896259,11.779478],[102.897733,11.777283],[102.900919,11.773552],[102.902583,11.771796],[102.903201,11.770566],[102.903867,11.769513],[102.904865,11.767054],[102.906434,11.761479],[102.907385,11.757133],[102.908146,11.755069],[102.908621,11.752391],[102.908526,11.751118],[102.908621,11.750372],[102.91076,11.746761],[102.911331,11.745531],[102.911378,11.743995],[102.910617,11.740702],[102.91057,11.73877],[102.91076,11.735697],[102.911236,11.73056],[102.91076,11.723491],[102.91057,11.717652],[102.910665,11.714974],[102.911331,11.709486],[102.911426,11.70694],[102.911378,11.705403],[102.911901,11.703515],[102.912091,11.702154],[102.912044,11.699696],[102.912329,11.696578],[102.911473,11.693812],[102.911473,11.688983],[102.911664,11.687139],[102.911331,11.684022],[102.911188,11.681827],[102.911236,11.680422],[102.911426,11.6795],[102.911949,11.678753],[102.913042,11.676865],[102.91328,11.675768],[102.913042,11.674056],[102.912472,11.672519],[102.913137,11.670938],[102.913708,11.66927],[102.91366,11.667865],[102.91309,11.666153],[102.912757,11.664572],[102.912852,11.662948],[102.912757,11.660226],[102.914136,11.655748],[102.914185,11.655169],[102.913892,11.65466],[102.913133,11.653909],[102.909718,11.65092],[102.908878,11.650492],[102.904691,11.63947],[102.75697,11.401727],[102.561551,11.346399],[102.397956,11.441289],[102.215592,11.665631],[102.099911,11.861341],[102.033394,12.020017],[102.039994,12.130718],[101.991752,12.132313],[101.948778,12.147433],[101.917821,12.162038],[101.901947,12.172437],[101.856852,12.215436],[101.839143,12.250819],[101.832674,12.278283],[101.816165,12.265563],[101.785691,12.247091],[101.762631,12.232014],[101.741189,12.216854],[101.701216,12.208494],[101.678836,12.206269],[101.657841,12.202807],[101.64015,12.203741],[101.598581,12.215973],[101.577395,12.224955],[101.561481,12.233352],[101.540662,12.248514],[101.499121,12.289984],[101.489477,12.305042],[101.47592,12.300506],[101.427279,12.298498],[101.399544,12.299765],[101.381028,12.303106],[101.362938,12.312734],[101.321699,12.34028],[101.293473,12.364198],[101.275763,12.382755],[101.261018,12.402968],[101.245492,12.459147],[101.223672,12.443532],[101.204574,12.436966],[101.192277,12.435004],[101.164382,12.435916],[101.167011,12.41831],[101.155778,12.391678],[101.13185,12.358224],[101.08435,12.311984],[101.021649,12.281286],[100.921618,12.285521],[100.864779,12.31212],[100.821893,12.342244],[100.786176,12.374381],[100.77378,12.39173],[100.453444,12.386183],[100.215855,12.384293],[100.212639,12.327448],[100.238062,12.278881],[100.243084,12.256084],[100.23869,12.180138],[100.228036,12.160774],[100.223106,12.135728],[100.206046,12.107525],[100.186663,12.079637],[100.168861,12.057548],[100.163449,12.026848],[100.141731,11.995143],[100.115207,11.963914],[100.090901,11.942151],[100.074597,11.930649],[100.036757,11.890077],[100.040137,11.88074],[100.041905,11.815003],[100.041366,11.713045],[100.033343,11.682655],[100.014282,11.644201],[99.983143,11.608996],[99.983054,11.583468],[99.978903,11.549087],[99.970455,11.526796],[99.95489,11.507892],[99.932459,11.47418],[99.910383,11.452848],[99.884599,11.434276],[99.851069,11.414808],[99.832926,11.410274],[99.816326,11.403288],[99.817816,11.382646],[99.817984,11.332655],[99.807513,11.300121],[99.770558,11.230792],[99.779245,11.213973],[99.776829,11.178817],[99.769428,11.131902],[99.773725,11.117368],[99.77447,11.047576],[99.766579,11.018625],[99.747139,10.972599],[99.745741,10.970385],[99.717338,10.933379],[99.719625,10.919461],[99.721366,10.871605],[99.731973,10.844978],[99.740087,10.810865],[99.744168,10.772634],[99.738059,10.738846],[99.731392,10.717175],[99.72213,10.673158],[99.669447,10.613955],[99.629366,10.58774],[99.987524,10.267102],[100.062095,10.17693],[100.152059,10.069089],[100.178823,10.025911],[100.262156,9.845956],[100.273494,9.815984],[100.281828,9.785989],[100.28819,9.748204],[100.295009,9.65844],[100.480172,9.313514],[100.894049,8.52752],[101.325785,8.163873],[102.190092,7.434895],[102.255997,6.653656],[102.16,6.463333],[102.166667,6.458333],[102.091971,6.247339],[102.090405,6.24192],[102.091129,6.239648],[102.091996,6.2382],[102.091593,6.236188],[102.090595,6.234357],[102.087381,6.232103],[102.08431,6.230151],[102.082528,6.227957],[102.081094,6.226607],[102.080292,6.225371],[102.080615,6.223587],[102.081144,6.221825],[102.081285,6.220122],[102.080034,6.218294],[102.079804,6.215321],[102.079886,6.212592],[102.079231,6.210608],[102.07927,6.206368],[102.080207,6.204372],[102.080185,6.202104],[102.078251,6.199261],[102.077628,6.197933],[102.07816,6.196056],[102.078325,6.194313],[102.077455,6.191793],[102.07745,6.190427],[102.079416,6.187544],[102.080227,6.184423],[102.080663,6.181284],[102.080565,6.179513],[102.079631,6.177141],[102.078867,6.173962],[102.07833,6.172863],[102.078351,6.171912],[102.07852,6.170891],[102.079476,6.170216],[102.080661,6.170596],[102.081926,6.171559],[102.082294,6.17143],[102.082537,6.17112],[102.082473,6.169147],[102.082706,6.168363],[102.085417,6.166206],[102.085795,6.165513],[102.085743,6.16468],[102.084969,6.163834],[102.084271,6.162831],[102.083922,6.161599],[102.08454,6.158341],[102.084925,6.157821],[102.085323,6.15748],[102.085816,6.157615],[102.086279,6.157859],[102.087873,6.159174],[102.088377,6.159166],[102.088853,6.158996],[102.08938,6.158468],[102.089922,6.157159],[102.091391,6.154939],[102.091527,6.154304],[102.0914,6.153766],[102.09041,6.152414],[102.090161,6.151604],[102.090335,6.150686],[102.090571,6.150137],[102.092697,6.149017],[102.093254,6.148426],[102.09299,6.14601],[102.092832,6.145603],[102.09236,6.145139],[102.090275,6.144107],[102.089821,6.142371],[102.089452,6.141987],[102.08833,6.141514],[102.087413,6.140987],[102.087266,6.1406],[102.087348,6.140185],[102.088307,6.139737],[102.089014,6.13926],[102.089276,6.138873],[102.089345,6.138485],[102.089165,6.138169],[102.088896,6.137987],[102.087352,6.138698],[102.086801,6.138703],[102.08636,6.138198],[102.086107,6.136841],[102.085769,6.136472],[102.085285,6.136308],[102.083822,6.137017],[102.083257,6.137121],[102.082885,6.136706],[102.082229,6.134154],[102.082237,6.132727],[102.081908,6.131211],[102.082358,6.129603],[102.082081,6.129096],[102.081503,6.129085],[102.080934,6.129721],[102.080318,6.129721],[102.080196,6.129073],[102.080237,6.127561],[102.079683,6.127287],[102.078641,6.128086],[102.077845,6.128239],[102.077422,6.127754],[102.077566,6.127364],[102.079196,6.126267],[102.079481,6.125631],[102.078779,6.123988],[102.078233,6.123807],[102.077883,6.123969],[102.07702,6.124991],[102.076389,6.124994],[102.075992,6.124549],[102.076335,6.122854],[102.076081,6.121552],[102.075396,6.120824],[102.074724,6.120601],[102.074302,6.119478],[102.075628,6.119053],[102.075674,6.117768],[102.075263,6.117337],[102.07458,6.11736],[102.073553,6.118534],[102.072912,6.118402],[102.072851,6.117513],[102.073356,6.116428],[102.07459,6.116269],[102.074753,6.115699],[102.074269,6.115391],[102.072366,6.115564],[102.071785,6.114998],[102.071602,6.113872],[102.072042,6.112402],[102.071792,6.11151],[102.070933,6.1109],[102.070209,6.110744],[102.070376,6.109993],[102.070723,6.109223],[102.070424,6.108815],[102.069531,6.108566],[102.068526,6.108735],[102.068223,6.109959],[102.067534,6.109992],[102.0667,6.108577],[102.066758,6.107842],[102.067033,6.107179],[102.066806,6.107056],[102.065687,6.107578],[102.065253,6.107377],[102.064989,6.106087],[102.064536,6.105251],[102.062937,6.104529],[102.061335,6.102976],[102.061101,6.10234],[102.061316,6.102009],[102.061673,6.101727],[102.061772,6.101404],[102.061599,6.101072],[102.060822,6.100538],[102.060497,6.100153],[102.060264,6.09879],[102.060351,6.098122],[102.061158,6.096856],[102.061233,6.096648],[102.061201,6.096286],[102.060938,6.096081],[102.060358,6.096271],[102.060077,6.096657],[102.05986,6.097415],[102.059594,6.097568],[102.059265,6.097487],[102.059101,6.097316],[102.059015,6.096851],[102.059182,6.096304],[102.059536,6.09582],[102.060105,6.09455],[102.06051,6.092801],[102.060682,6.09233],[102.061131,6.091659],[102.061291,6.091297],[102.061308,6.091019],[102.06119,6.090795],[102.060956,6.090685],[102.060626,6.090714],[102.058961,6.091473],[102.058533,6.09141],[102.058318,6.09124],[102.058061,6.090669],[102.057987,6.088496],[102.057241,6.086658],[102.057154,6.085263],[102.056199,6.083975],[102.05586,6.083282],[102.055686,6.083109],[102.054841,6.082682],[102.054608,6.082478],[102.054392,6.081828],[102.054183,6.080578],[102.053897,6.080038],[102.053563,6.079775],[102.052491,6.079463],[102.052346,6.079334],[102.05204,6.078499],[102.051905,6.078388],[102.051741,6.078358],[102.051157,6.078665],[102.050311,6.078743],[102.049672,6.079011],[102.049205,6.07896],[102.049046,6.078867],[102.048794,6.078492],[102.048576,6.077631],[102.048288,6.077413],[102.047801,6.077292],[102.046876,6.076716],[102.045443,6.076447],[102.043594,6.076305],[102.043452,6.07608],[102.043524,6.075769],[102.044243,6.074893],[102.044212,6.074563],[102.044071,6.074401],[102.043673,6.074155],[102.042936,6.073862],[102.042018,6.073857],[102.041591,6.073757],[102.040603,6.072735],[102.040247,6.072741],[102.03957,6.073194],[102.039235,6.073135],[102.037973,6.072161],[102.036097,6.071043],[102.035138,6.070242],[102.034475,6.069529],[102.034256,6.069411],[102.033877,6.069356],[102.033565,6.069465],[102.033464,6.070216],[102.033332,6.070424],[102.032471,6.071291],[102.032172,6.071391],[102.031921,6.071352],[102.031664,6.070995],[102.031422,6.069527],[102.031266,6.06903],[102.029975,6.066834],[102.029845,6.066109],[102.029588,6.065553],[102.029088,6.065427],[102.028548,6.065469],[102.028186,6.065407],[102.027846,6.065241],[102.027468,6.064989],[102.026838,6.063899],[102.025909,6.063448],[102.023259,6.062407],[102.02276,6.062087],[102.022453,6.061777],[102.02165,6.06038],[102.02138,6.057066],[102.020123,6.055042],[102.020475,6.05333],[102.020118,6.052431],[102.015977,6.054246],[102.014134,6.053361],[102.013191,6.051998],[102.011678,6.051408],[102.006657,6.051158],[102.00608,6.051532],[102.00345,6.050336],[102.003475,6.049282],[102.004556,6.047343],[102.004228,6.044434],[102.001552,6.043199],[102.000872,6.042655],[102.000529,6.041695],[102.00043,6.040937],[101.999026,6.039712],[101.998713,6.039619],[101.9979,6.039654],[101.996315,6.040457],[101.99502,6.04077],[101.991436,6.040555],[101.990966,6.040346],[101.990606,6.039861],[101.990465,6.038597],[101.990239,6.038224],[101.988638,6.037757],[101.987557,6.036577],[101.986753,6.034755],[101.985893,6.033642],[101.984496,6.032801],[101.983919,6.031984],[101.984077,6.031],[101.984031,6.029696],[101.983426,6.029287],[101.982216,6.028757],[101.980714,6.028579],[101.979855,6.029075],[101.978451,6.030872],[101.978048,6.030965],[101.977879,6.030808],[101.977864,6.030484],[101.978329,6.028587],[101.978081,6.027453],[101.975833,6.023106],[101.974744,6.022406],[101.973386,6.020624],[101.972895,6.020215],[101.971509,6.019812],[101.971062,6.019295],[101.970917,6.018061],[101.971277,6.016818],[101.972199,6.01507],[101.972207,6.013661],[101.971373,6.011836],[101.971314,6.01083],[101.971487,6.010518],[101.972808,6.009755],[101.972624,6.007262],[101.972651,6.006348],[101.972266,6.005528],[101.971194,6.004631],[101.970527,6.004249],[101.969543,6.004195],[101.968458,6.003908],[101.968023,6.003468],[101.967896,6.002812],[101.968036,6.001781],[101.967547,6.001009],[101.96692,6.00089],[101.965494,6.00106],[101.965016,6.0008],[101.964737,5.999923],[101.965245,5.999244],[101.965385,5.998526],[101.965056,5.997732],[101.963274,5.996042],[101.96251,5.995711],[101.961765,5.996],[101.960741,5.997069],[101.96008,5.997255],[101.959502,5.997185],[101.959197,5.996663],[101.959426,5.994943],[101.959295,5.994177],[101.958351,5.993107],[101.957627,5.993082],[101.956815,5.993799],[101.956112,5.995161],[101.955313,5.995604],[101.954353,5.995629],[101.95402,5.99526],[101.95394,5.994874],[101.95402,5.994254],[101.954339,5.99365],[101.954843,5.993265],[101.955677,5.99295],[101.955998,5.99249],[101.955837,5.991931],[101.955264,5.991754],[101.95389,5.991896],[101.953279,5.991747],[101.952642,5.990875],[101.953036,5.988945],[101.952407,5.987481],[101.951965,5.986942],[101.951284,5.986851],[101.950636,5.987143],[101.950417,5.987594],[101.95037,5.988037],[101.950805,5.989681],[101.950603,5.9904],[101.94996,5.991029],[101.948886,5.991071],[101.948145,5.990832],[101.947796,5.989988],[101.948743,5.989051],[101.948922,5.988669],[101.94859,5.986892],[101.948887,5.985533],[101.949246,5.984819],[101.949251,5.984237],[101.948693,5.983516],[101.948006,5.98306],[101.947474,5.98331],[101.947304,5.983915],[101.947657,5.985232],[101.947522,5.986217],[101.94692,5.987112],[101.946606,5.987416],[101.946248,5.987416],[101.945854,5.987114],[101.945609,5.986807],[101.94541,5.986217],[101.945368,5.984657],[101.944431,5.982622],[101.944064,5.982258],[101.942909,5.98193],[101.94265,5.981094],[101.943695,5.97981],[101.943676,5.977946],[101.943922,5.977402],[101.944454,5.977094],[101.944912,5.977465],[101.945114,5.978181],[101.945574,5.978531],[101.946367,5.978386],[101.946672,5.977741],[101.94666,5.977123],[101.945828,5.975786],[101.945297,5.975361],[101.944053,5.975611],[101.943322,5.97531],[101.942773,5.974833],[101.942301,5.973654],[101.941962,5.973288],[101.941114,5.973201],[101.939803,5.972831],[101.93979,5.972522],[101.94083,5.971666],[101.941099,5.97068],[101.940797,5.969475],[101.940729,5.968792],[101.941019,5.967736],[101.94278,5.965668],[101.942854,5.964737],[101.941774,5.963275],[101.941695,5.962175],[101.942246,5.961107],[101.942116,5.960319],[101.941448,5.959688],[101.941284,5.959189],[101.941779,5.958859],[101.942944,5.959196],[101.943651,5.958877],[101.944465,5.957986],[101.944692,5.956686],[101.944599,5.955018],[101.944307,5.954298],[101.943985,5.953812],[101.943317,5.953272],[101.9426,5.953475],[101.941977,5.953396],[101.941444,5.953007],[101.940768,5.951182],[101.940102,5.950424],[101.939004,5.949981],[101.938295,5.949397],[101.937546,5.948443],[101.937029,5.947994],[101.936545,5.947917],[101.936102,5.949154],[101.93514,5.949459],[101.93353,5.949034],[101.931802,5.949531],[101.930302,5.949529],[101.929705,5.949273],[101.929431,5.948741],[101.929971,5.946798],[101.929946,5.946446],[101.929217,5.94562],[101.929013,5.94507],[101.929483,5.943958],[101.929784,5.943843],[101.930192,5.944021],[101.930403,5.944269],[101.930316,5.944729],[101.930403,5.945102],[101.930814,5.945611],[101.931427,5.945763],[101.932082,5.945651],[101.932322,5.944979],[101.932011,5.944298],[101.931215,5.943802],[101.930407,5.94313],[101.930225,5.942789],[101.93045,5.942528],[101.93183,5.942183],[101.932148,5.941739],[101.932011,5.941179],[101.931685,5.940863],[101.930171,5.940231],[101.929799,5.939796],[101.929041,5.937241],[101.929228,5.937183],[101.930587,5.937239],[101.931368,5.937099],[101.93188,5.936461],[101.932073,5.935994],[101.931999,5.935472],[101.931477,5.935351],[101.931035,5.935538],[101.930429,5.936326],[101.929423,5.936155],[101.929217,5.935113],[101.92944,5.934786],[101.929835,5.934457],[101.930423,5.934183],[101.931119,5.933302],[101.931287,5.932371],[101.931249,5.932103],[101.930524,5.931565],[101.930005,5.931413],[101.929687,5.930836],[101.929687,5.930337],[101.929836,5.92967],[101.929696,5.928541],[101.929578,5.928252],[101.928717,5.927901],[101.928554,5.927587],[101.928623,5.927247],[101.929055,5.926302],[101.929169,5.925625],[101.928435,5.925233],[101.928115,5.924741],[101.928162,5.92372],[101.928105,5.923421],[101.927517,5.923109],[101.927064,5.923233],[101.926598,5.923827],[101.92639,5.924544],[101.926241,5.924771],[101.925962,5.924893],[101.92523,5.924797],[101.923564,5.923882],[101.923271,5.923502],[101.923223,5.923011],[101.924226,5.922505],[101.924635,5.921785],[101.924497,5.919954],[101.924143,5.919492],[101.921657,5.918507],[101.921411,5.918152],[101.921636,5.917802],[101.922045,5.917538],[101.922456,5.917114],[101.922479,5.916602],[101.922353,5.916349],[101.92175,5.915892],[101.921467,5.915575],[101.921328,5.915135],[101.9214,5.914561],[101.921823,5.913495],[101.922396,5.912911],[101.922544,5.912254],[101.921975,5.911251],[101.921904,5.910622],[101.922192,5.909943],[101.922579,5.90979],[101.922897,5.909826],[101.92326,5.910151],[101.923658,5.910361],[101.924419,5.910225],[101.925508,5.908662],[101.925856,5.908392],[101.92617,5.908347],[101.926543,5.908498],[101.926693,5.90879],[101.92666,5.909295],[101.926299,5.909643],[101.926274,5.910207],[101.926944,5.910701],[101.927548,5.910615],[101.927718,5.910327],[101.928376,5.909899],[101.928861,5.909873],[101.92949,5.910185],[101.930091,5.910047],[101.930396,5.909591],[101.931,5.907783],[101.930831,5.907148],[101.930012,5.906084],[101.929863,5.905738],[101.930028,5.90505],[101.930627,5.904688],[101.930793,5.904834],[101.930885,5.906135],[101.931309,5.906515],[101.932058,5.906666],[101.932573,5.906985],[101.933232,5.906844],[101.933461,5.906484],[101.933258,5.906042],[101.932536,5.905646],[101.932507,5.90493],[101.932574,5.904653],[101.933803,5.903153],[101.934324,5.902672],[101.934697,5.901974],[101.934671,5.901253],[101.93377,5.900695],[101.933755,5.900027],[101.934115,5.899607],[101.935568,5.899358],[101.935818,5.899087],[101.935766,5.898703],[101.93488,5.898202],[101.934715,5.897963],[101.93466,5.897475],[101.93484,5.897069],[101.935406,5.896337],[101.935963,5.894918],[101.937085,5.893966],[101.937991,5.892648],[101.938637,5.892082],[101.938948,5.8917],[101.939,5.89113],[101.93874,5.890626],[101.937586,5.889688],[101.936911,5.888867],[101.936743,5.888222],[101.936826,5.887816],[101.937023,5.887604],[101.937515,5.887604],[101.937817,5.887776],[101.938239,5.888507],[101.939228,5.889497],[101.939752,5.889753],[101.940185,5.889782],[101.940613,5.889603],[101.940864,5.88919],[101.940644,5.888509],[101.940365,5.888394],[101.939724,5.888404],[101.939397,5.888225],[101.939103,5.887675],[101.93915,5.886969],[101.939615,5.886352],[101.940434,5.885929],[101.940886,5.885483],[101.941138,5.884804],[101.940785,5.882959],[101.939511,5.879763],[101.939548,5.878911],[101.939842,5.87849],[101.941267,5.877573],[101.94188,5.877081],[101.942206,5.876391],[101.942497,5.874263],[101.942928,5.87348],[101.944024,5.872473],[101.943986,5.871991],[101.943429,5.871355],[101.942811,5.871207],[101.941548,5.871242],[101.941172,5.871117],[101.940692,5.870672],[101.940597,5.87017],[101.940677,5.86973],[101.941313,5.868926],[101.941834,5.868066],[101.941829,5.867715],[101.941424,5.86704],[101.940278,5.86623],[101.939397,5.865044],[101.938545,5.863286],[101.938359,5.862419],[101.938358,5.861696],[101.937983,5.861163],[101.937613,5.861012],[101.937216,5.861174],[101.937007,5.861851],[101.937213,5.862676],[101.937005,5.863133],[101.936829,5.863324],[101.936518,5.86345],[101.936251,5.863414],[101.935401,5.862676],[101.934931,5.86249],[101.933689,5.862262],[101.931754,5.861775],[101.930824,5.861353],[101.930112,5.860484],[101.929214,5.859041],[101.927828,5.857731],[101.927589,5.857255],[101.92752,5.85628],[101.927257,5.855226],[101.927457,5.854575],[101.92766,5.854453],[101.928111,5.854485],[101.929171,5.854766],[101.92948,5.854637],[101.92989,5.854137],[101.93,5.85361],[101.929881,5.853218],[101.928862,5.852069],[101.927359,5.851587],[101.9271,5.85134],[101.926961,5.850882],[101.926889,5.850034],[101.926633,5.84971],[101.926223,5.849417],[101.92578,5.849335],[101.925516,5.849412],[101.92525,5.849676],[101.924991,5.849793],[101.924181,5.849751],[101.923498,5.849291],[101.923048,5.848548],[101.92266,5.848182],[101.921857,5.847829],[101.921563,5.847562],[101.921397,5.847018],[101.921342,5.846136],[101.921116,5.845774],[101.92059,5.845461],[101.919149,5.845297],[101.917637,5.845688],[101.917064,5.845638],[101.916829,5.84535],[101.916863,5.845154],[101.917344,5.84436],[101.91748,5.8437],[101.917438,5.843106],[101.917162,5.842744],[101.916558,5.842577],[101.915458,5.842794],[101.91464,5.8427],[101.91298,5.841922],[101.91242,5.841819],[101.911423,5.84199],[101.910258,5.841947],[101.909588,5.841621],[101.908531,5.841359],[101.907331,5.841389],[101.906079,5.840913],[101.905654,5.840861],[101.905197,5.841139],[101.904767,5.842123],[101.904275,5.84258],[101.90366,5.842636],[101.902094,5.842128],[101.901608,5.842163],[101.901019,5.843296],[101.900436,5.843808],[101.899757,5.844152],[101.899546,5.844139],[101.899365,5.84397],[101.899348,5.84336],[101.898496,5.842669],[101.897536,5.842491],[101.8973,5.842516],[101.897086,5.842623],[101.896837,5.843093],[101.896883,5.843674],[101.897058,5.844339],[101.897061,5.844811],[101.896823,5.84527],[101.896463,5.845572],[101.895508,5.845709],[101.895367,5.845604],[101.895512,5.844394],[101.895414,5.843752],[101.893869,5.842466],[101.892949,5.840968],[101.892564,5.840113],[101.892465,5.83963],[101.892024,5.838437],[101.891737,5.838028],[101.891057,5.837855],[101.890072,5.83746],[101.889238,5.837345],[101.88886,5.837499],[101.887389,5.838853],[101.886885,5.839014],[101.886593,5.838964],[101.885581,5.838298],[101.884297,5.837726],[101.884127,5.837485],[101.884057,5.83709],[101.884135,5.836775],[101.884898,5.835547],[101.884972,5.835056],[101.884752,5.834746],[101.883225,5.833391],[101.882317,5.832977],[101.881071,5.832966],[101.88069,5.832827],[101.880482,5.832651],[101.88002,5.831796],[101.878936,5.827744],[101.878347,5.82511],[101.878236,5.824197],[101.87831,5.823291],[101.878139,5.822783],[101.876776,5.820373],[101.876707,5.819937],[101.876794,5.819655],[101.877156,5.819298],[101.877663,5.819112],[101.877986,5.81885],[101.878889,5.817293],[101.879545,5.816463],[101.879907,5.816151],[101.879973,5.815809],[101.879816,5.815391],[101.879142,5.814883],[101.878802,5.814453],[101.878743,5.813965],[101.879055,5.813597],[101.879911,5.813469],[101.880647,5.812689],[101.880794,5.812177],[101.88032,5.811746],[101.880261,5.811564],[101.88031,5.811371],[101.880837,5.810974],[101.880993,5.810727],[101.880982,5.810181],[101.880753,5.80988],[101.88021,5.809605],[101.87997,5.809737],[101.879368,5.810942],[101.878885,5.810928],[101.87839,5.81057],[101.878293,5.810338],[101.878358,5.810092],[101.878755,5.809879],[101.878897,5.809674],[101.878749,5.80951],[101.878429,5.809525],[101.877823,5.809735],[101.87761,5.809605],[101.877051,5.808502],[101.876464,5.80808],[101.876314,5.807833],[101.876404,5.807123],[101.876937,5.806537],[101.877058,5.80626],[101.876937,5.805931],[101.876543,5.806035],[101.875953,5.806844],[101.875842,5.806878],[101.875481,5.806654],[101.875575,5.806299],[101.876104,5.805527],[101.875908,5.80515],[101.875461,5.804936],[101.875125,5.804241],[101.874815,5.804064],[101.874517,5.804197],[101.874396,5.80448],[101.874234,5.804501],[101.874077,5.804407],[101.874019,5.804087],[101.874127,5.803488],[101.873664,5.803245],[101.872274,5.803189],[101.871934,5.803483],[101.871428,5.804122],[101.871004,5.804399],[101.870314,5.804625],[101.869877,5.804649],[101.869381,5.804487],[101.86901,5.803896],[101.868456,5.803489],[101.868204,5.802969],[101.868259,5.802333],[101.867905,5.801969],[101.867489,5.801884],[101.86709,5.801964],[101.866876,5.80233],[101.867065,5.803373],[101.866742,5.803587],[101.866317,5.803524],[101.86582,5.802918],[101.865124,5.80262],[101.864619,5.80268],[101.864369,5.802948],[101.864116,5.803046],[101.863862,5.80293],[101.863095,5.801994],[101.862297,5.801831],[101.861754,5.801368],[101.86145,5.800539],[101.860936,5.800004],[101.860848,5.799632],[101.861068,5.799278],[101.861539,5.798839],[101.862105,5.798627],[101.8631,5.798608],[101.863396,5.798465],[101.863641,5.797274],[101.863664,5.795937],[101.86357,5.795026],[101.863658,5.794481],[101.863928,5.794184],[101.864932,5.794279],[101.865292,5.793894],[101.865591,5.793722],[101.866371,5.793526],[101.866984,5.792836],[101.86739,5.791872],[101.867134,5.791454],[101.866431,5.790679],[101.865501,5.79089],[101.864379,5.790758],[101.862837,5.790957],[101.860073,5.791614],[101.859405,5.791889],[101.857871,5.791993],[101.857656,5.793662],[101.857159,5.794231],[101.856437,5.794008],[101.855851,5.793487],[101.856077,5.791937],[101.85562,5.791254],[101.85212,5.791367],[101.848437,5.79108],[101.846314,5.790642],[101.845115,5.789851],[101.844547,5.790341],[101.844005,5.790292],[101.843918,5.789776],[101.84421,5.78907],[101.843821,5.788864],[101.843196,5.789257],[101.843196,5.789477],[101.843596,5.790273],[101.842712,5.791016],[101.841926,5.790892],[101.840819,5.789928],[101.840483,5.789979],[101.839958,5.791098],[101.838204,5.789228],[101.836423,5.78934],[101.836235,5.787494],[101.835803,5.787114],[101.83533,5.787089],[101.835293,5.786506],[101.836044,5.786481],[101.836263,5.785918],[101.835441,5.785427],[101.834512,5.783879],[101.833102,5.780108],[101.832521,5.780108],[101.831939,5.779393],[101.832377,5.778969],[101.831058,5.776043],[101.829839,5.775955],[101.828154,5.771791],[101.827213,5.771491],[101.82666,5.76863],[101.823181,5.762933],[101.823155,5.76252],[101.823074,5.762372],[101.822881,5.762208],[101.822446,5.762089],[101.822349,5.76191],[101.82185,5.760632],[101.821818,5.760304],[101.822043,5.75962],[101.821979,5.759204],[101.821238,5.75843],[101.820497,5.758237],[101.820062,5.757924],[101.819385,5.757686],[101.819176,5.757419],[101.818998,5.756496],[101.81866,5.755485],[101.819143,5.754548],[101.819369,5.753655],[101.819579,5.753462],[101.819869,5.753358],[101.820916,5.753313],[101.82127,5.753373],[101.822495,5.753849],[101.822913,5.753804],[101.823236,5.753655],[101.824041,5.753045],[101.824605,5.751484],[101.824911,5.749654],[101.824476,5.746799],[101.824508,5.745564],[101.824734,5.743214],[101.824879,5.742723],[101.825233,5.742024],[101.825556,5.740536],[101.826393,5.73951],[101.82686,5.738409],[101.82686,5.738038],[101.826683,5.737443],[101.826603,5.735271],[101.826474,5.734914],[101.825523,5.733814],[101.824379,5.733114],[101.82309,5.732906],[101.822752,5.732981],[101.822156,5.733263],[101.821093,5.733412],[101.820271,5.733635],[101.820078,5.73362],[101.818692,5.73307],[101.817999,5.732981],[101.816356,5.73304],[101.815953,5.733174],[101.815373,5.733888],[101.815116,5.734453],[101.814858,5.736551],[101.814665,5.737027],[101.814358,5.737532],[101.81394,5.737949],[101.812667,5.738856],[101.812312,5.739421],[101.812248,5.739674],[101.81228,5.7407],[101.812183,5.740938],[101.809315,5.743437],[101.80859,5.743868],[101.808107,5.744032],[101.806625,5.744092],[101.805417,5.743928],[101.804998,5.743943],[101.803805,5.744612],[101.801969,5.746144],[101.801147,5.747394],[101.800616,5.748747],[101.800261,5.749268],[101.799359,5.750264],[101.79894,5.750517],[101.798344,5.750636],[101.79654,5.750769],[101.795573,5.750948],[101.794526,5.75135],[101.793318,5.750665],[101.793124,5.750636],[101.792915,5.75071],[101.792367,5.751156],[101.791755,5.752049],[101.791368,5.752421],[101.789709,5.753447],[101.788839,5.754384],[101.788533,5.75483],[101.788146,5.755574],[101.787631,5.756868],[101.786825,5.757225],[101.7861,5.758013],[101.785697,5.758281],[101.784892,5.758638],[101.783361,5.759947],[101.782813,5.760304],[101.781283,5.761999],[101.777819,5.765243],[101.775709,5.768411],[101.775419,5.769035],[101.775209,5.770448],[101.774565,5.771326],[101.774387,5.772813],[101.774162,5.773453],[101.775,5.775773],[101.774839,5.776383],[101.774855,5.776963],[101.775354,5.777573],[101.77558,5.778852],[101.775934,5.779834],[101.776514,5.7808],[101.776595,5.781128],[101.776611,5.783344],[101.776562,5.783686],[101.776144,5.784474],[101.775741,5.784519],[101.775064,5.7844],[101.774806,5.784489],[101.774017,5.785962],[101.773759,5.786304],[101.771987,5.786661],[101.771423,5.786869],[101.770682,5.787613],[101.769973,5.787881],[101.769683,5.788104],[101.769586,5.788282],[101.769538,5.788684],[101.769184,5.788996],[101.768491,5.788803],[101.767009,5.788922],[101.765736,5.789606],[101.765237,5.790112],[101.764705,5.791302],[101.764464,5.791658],[101.764254,5.791896],[101.763658,5.792298],[101.761612,5.794737],[101.761,5.795243],[101.760694,5.795377],[101.759018,5.795317],[101.758422,5.795377],[101.756827,5.795942],[101.755602,5.796537],[101.755184,5.796582],[101.754056,5.796998],[101.753589,5.797072],[101.753234,5.796998],[101.752815,5.79679],[101.751929,5.796106],[101.751043,5.795615],[101.750125,5.795302],[101.749851,5.795285],[101.749494,5.794702],[101.749498,5.794054],[101.748566,5.793301],[101.748341,5.792928],[101.748061,5.793176],[101.747793,5.793714],[101.747408,5.79417],[101.746805,5.794449],[101.746338,5.794575],[101.745954,5.794525],[101.745405,5.794195],[101.744691,5.794043],[101.744252,5.792979],[101.744225,5.792599],[101.744554,5.792042],[101.744719,5.79118],[101.744664,5.790825],[101.743648,5.789254],[101.74277,5.787633],[101.742221,5.78705],[101.741645,5.786619],[101.74148,5.786341],[101.741452,5.786011],[101.741699,5.785631],[101.741727,5.785226],[101.741617,5.784693],[101.741315,5.78406],[101.739998,5.782869],[101.739229,5.782464],[101.738735,5.782413],[101.738214,5.782666],[101.737555,5.782819],[101.73643,5.782819],[101.736128,5.782996],[101.735799,5.78368],[101.735543,5.783976],[101.734975,5.784288],[101.73396,5.784617],[101.733274,5.784719],[101.732066,5.784136],[101.731627,5.783807],[101.731133,5.783807],[101.730255,5.784035],[101.728827,5.784567],[101.728224,5.785226],[101.72762,5.785378],[101.727153,5.785378],[101.726824,5.785099],[101.726577,5.784668],[101.72644,5.783857],[101.726056,5.783275],[101.725836,5.782768],[101.725836,5.782236],[101.725424,5.782236],[101.724491,5.781729],[101.723585,5.781121],[101.723476,5.780716],[101.723091,5.780437],[101.722625,5.78031],[101.722241,5.780487],[101.721911,5.781096],[101.721719,5.781678],[101.721719,5.78221],[101.721884,5.782945],[101.721856,5.78368],[101.721664,5.784313],[101.720841,5.786264],[101.720676,5.78705],[101.720731,5.787633],[101.720542,5.787894],[101.7201,5.788139],[101.719469,5.788241],[101.718426,5.788038],[101.718069,5.78781],[101.717575,5.786923],[101.71741,5.784998],[101.717383,5.784339],[101.717547,5.783553],[101.71752,5.782945],[101.717355,5.782236],[101.717685,5.780918],[101.717602,5.780361],[101.717465,5.780183],[101.717383,5.779879],[101.71752,5.779373],[101.717575,5.778385],[101.717465,5.777447],[101.717547,5.775648],[101.715928,5.769769],[101.715901,5.767615],[101.716038,5.766729],[101.715983,5.766095],[101.715462,5.764778],[101.714419,5.763435],[101.713787,5.762902],[101.713101,5.762776],[101.711098,5.762827],[101.71055,5.762751],[101.710275,5.762244],[101.709946,5.761307],[101.709424,5.760648],[101.708711,5.759255],[101.708573,5.758545],[101.708189,5.757456],[101.707832,5.756974],[101.707695,5.755859],[101.70635,5.754871],[101.705417,5.754415],[101.705143,5.754466],[101.704319,5.754238],[101.703771,5.753655],[101.703222,5.753275],[101.701602,5.752794],[101.699489,5.75249],[101.699077,5.752515],[101.696552,5.753756],[101.695756,5.75406],[101.694274,5.75439],[101.693369,5.754897],[101.692737,5.755099],[101.691667,5.754973],[101.69131,5.755099],[101.690816,5.755758],[101.691365,5.756619],[101.691557,5.757658],[101.691612,5.758418],[101.691401,5.759292],[101.691118,5.759635],[101.690514,5.76004],[101.690102,5.760217],[101.689883,5.760547],[101.689855,5.760927],[101.690294,5.762244],[101.690177,5.762673],[101.6898,5.76341],[101.688209,5.764246],[101.688044,5.764474],[101.688071,5.764727],[101.68884,5.764981],[101.689773,5.766222],[101.69013,5.767033],[101.690871,5.769187],[101.690843,5.769567],[101.690569,5.770074],[101.690761,5.771721],[101.690706,5.772607],[101.690514,5.773089],[101.6898,5.77352],[101.689498,5.773874],[101.689279,5.774558],[101.689224,5.774989],[101.689636,5.776104],[101.689553,5.77656],[101.689152,5.777873],[101.688401,5.779702],[101.688346,5.780538],[101.688181,5.781172],[101.687852,5.781855],[101.687413,5.782413],[101.686809,5.782894],[101.685574,5.783376],[101.684998,5.783401],[101.684065,5.783173],[101.683598,5.782945],[101.683488,5.782565],[101.682802,5.781931],[101.682336,5.78183],[101.681567,5.781931],[101.680744,5.781881],[101.680113,5.781754],[101.679427,5.781501],[101.678933,5.781526],[101.678384,5.781678],[101.677917,5.781881],[101.677533,5.78221],[101.676819,5.783325],[101.676517,5.784769],[101.676215,5.785301],[101.675008,5.786365],[101.674596,5.786847],[101.673992,5.78705],[101.67273,5.786948],[101.672537,5.787227],[101.672345,5.787835],[101.67229,5.788519],[101.672153,5.789001],[101.670918,5.789634],[101.670342,5.790318],[101.669546,5.790926],[101.669711,5.791611],[101.669601,5.792041],[101.669656,5.792497],[101.670589,5.794753],[101.670753,5.79531],[101.670589,5.795614],[101.669656,5.796501],[101.668091,5.798224],[101.666692,5.798655],[101.66617,5.799415],[101.665429,5.799618],[101.66477,5.801341],[101.664798,5.801645],[101.665402,5.802101],[101.665813,5.802532],[101.666307,5.804482],[101.666267,5.804963],[101.666939,5.805876],[101.667295,5.806915],[101.668064,5.807574],[101.668174,5.807979],[101.668036,5.808283],[101.667597,5.808511],[101.666911,5.809195],[101.665649,5.81145],[101.665567,5.812059],[101.66488,5.813097],[101.664935,5.813604],[101.664853,5.813959],[101.664524,5.81439],[101.664057,5.814694],[101.663536,5.814947],[101.663097,5.814896],[101.662685,5.814744],[101.662493,5.814288],[101.661944,5.813756],[101.660544,5.812692],[101.66038,5.812109],[101.659913,5.812185],[101.659172,5.811907],[101.658815,5.812008],[101.658266,5.812515],[101.658239,5.812895],[101.658349,5.813402],[101.658952,5.814162],[101.658925,5.814668],[101.658541,5.815935],[101.657827,5.816873],[101.657772,5.817227],[101.658102,5.81857],[101.658047,5.819533],[101.658129,5.820344],[101.658431,5.821129],[101.658102,5.822194],[101.658102,5.822523],[101.658513,5.82379],[101.65887,5.824195],[101.659062,5.824677],[101.659172,5.82607],[101.659748,5.827919],[101.659392,5.829085],[101.659364,5.830099],[101.659501,5.831492],[101.659145,5.833063],[101.659062,5.833975],[101.65876,5.834964],[101.659007,5.835673],[101.658788,5.836256],[101.658321,5.836839],[101.65747,5.837624],[101.657416,5.837903],[101.658513,5.839955],[101.659227,5.840867],[101.659968,5.841501],[101.66027,5.842058],[101.660434,5.842514],[101.660434,5.843629],[101.661724,5.847075],[101.661807,5.847861],[101.661697,5.848621],[101.661532,5.849128],[101.660242,5.850901],[101.660078,5.851535],[101.660078,5.852295],[101.659995,5.852573],[101.659748,5.852852],[101.659062,5.853131],[101.658568,5.85346],[101.657992,5.853916],[101.657608,5.854372],[101.657333,5.855411],[101.656894,5.855969],[101.656455,5.856805],[101.656373,5.857337],[101.656428,5.857996],[101.656894,5.85944],[101.658129,5.860479],[101.658294,5.861036],[101.658513,5.861264],[101.658815,5.862176],[101.660133,5.864153],[101.660544,5.864634],[101.661642,5.864963],[101.662218,5.865318],[101.66274,5.865495],[101.663289,5.865926],[101.663426,5.86623],[101.663426,5.866484],[101.662355,5.868714],[101.661999,5.869094],[101.661313,5.869398],[101.660736,5.870639],[101.660462,5.87074],[101.659913,5.870715],[101.659282,5.871323],[101.659172,5.871602],[101.659199,5.871931],[101.659336,5.872337],[101.659556,5.872641],[101.659638,5.873021],[101.659529,5.873223],[101.659446,5.87373],[101.659474,5.874389],[101.659336,5.874668],[101.659089,5.874972],[101.658705,5.875251],[101.657388,5.876087],[101.65629,5.876669],[101.656016,5.876974],[101.655055,5.877379],[101.654588,5.87748],[101.654122,5.877455],[101.653847,5.877176],[101.653518,5.876974],[101.653161,5.876898],[101.652201,5.876112],[101.651679,5.875833],[101.650444,5.875504],[101.649291,5.875352],[101.648578,5.875022],[101.648111,5.87444],[101.647123,5.873984],[101.646163,5.873451],[101.645092,5.872717],[101.644516,5.872463],[101.64276,5.870284],[101.64254,5.870208],[101.641964,5.870335],[101.64125,5.870765],[101.641031,5.870791],[101.640701,5.870512],[101.640042,5.870309],[101.639082,5.870436],[101.636639,5.872032],[101.635843,5.872134],[101.635569,5.87226],[101.635487,5.872564],[101.635734,5.873147],[101.635788,5.873553],[101.635706,5.873705],[101.635459,5.873857],[101.634965,5.873831],[101.634636,5.873705],[101.633922,5.873857],[101.63373,5.874338],[101.633428,5.874592],[101.632056,5.875301],[101.630135,5.875808],[101.628845,5.875935],[101.628214,5.876264],[101.627829,5.87634],[101.626567,5.876289],[101.62599,5.876391],[101.62396,5.877125],[101.623658,5.877075],[101.623328,5.877125],[101.623136,5.878063],[101.623438,5.878848],[101.623877,5.880698],[101.623987,5.881484],[101.623822,5.88199],[101.623081,5.883511],[101.622368,5.88422],[101.622148,5.884752],[101.621901,5.885056],[101.621874,5.885233],[101.622231,5.886146],[101.622258,5.887412],[101.622395,5.887945],[101.622642,5.888477],[101.623109,5.888983],[101.623246,5.889262],[101.623411,5.890048],[101.623466,5.890884],[101.623329,5.892531],[101.622231,5.895521],[101.622121,5.895622],[101.621901,5.895673],[101.62149,5.895445],[101.621023,5.895369],[101.620474,5.895419],[101.619514,5.895217],[101.61902,5.895217],[101.618635,5.895369],[101.618388,5.895774],[101.618224,5.897016],[101.618032,5.897345],[101.61773,5.897497],[101.617126,5.898105],[101.616632,5.898891],[101.615891,5.900411],[101.615562,5.901425],[101.61537,5.903198],[101.615095,5.90444],[101.615287,5.905605],[101.615864,5.906872],[101.615809,5.908443],[101.615644,5.909076],[101.615617,5.909634],[101.615754,5.910166],[101.615424,5.910901],[101.615287,5.911078],[101.614244,5.91161],[101.613366,5.911788],[101.611527,5.913156],[101.611335,5.913207],[101.611253,5.91308],[101.610896,5.913055],[101.610732,5.913131],[101.610265,5.913739],[101.609743,5.914626],[101.609469,5.914828],[101.608618,5.91498],[101.607328,5.914144],[101.606862,5.914018],[101.605846,5.914144],[101.605023,5.914068],[101.604282,5.913485],[101.60387,5.913384],[101.60269,5.913561],[101.60162,5.913435],[101.600988,5.913587],[101.600687,5.913536],[101.600385,5.913308],[101.600192,5.912953],[101.60022,5.912269],[101.6,5.911788],[101.598436,5.911763],[101.598162,5.911864],[101.597805,5.912725],[101.597942,5.913511],[101.597668,5.914068],[101.597393,5.914195],[101.597009,5.914144],[101.595691,5.914372],[101.595197,5.9146],[101.594264,5.915462],[101.5941,5.91574],[101.594017,5.916095],[101.593249,5.916551],[101.592041,5.917742],[101.591712,5.917894],[101.591273,5.917894],[101.589983,5.9183],[101.589818,5.918452],[101.59012,5.919465],[101.59012,5.919794],[101.589626,5.920884],[101.588994,5.923646],[101.588939,5.924026],[101.589131,5.924735],[101.589077,5.925039],[101.588116,5.926281],[101.587787,5.926914],[101.587869,5.927421],[101.588198,5.928358],[101.587704,5.92889],[101.587787,5.929955],[101.587787,5.930284],[101.587704,5.930461],[101.587046,5.93074],[101.586963,5.931221],[101.586661,5.931703],[101.585893,5.932083],[101.585344,5.93259],[101.584795,5.932742],[101.584219,5.932792],[101.583286,5.932666],[101.582874,5.932742],[101.582545,5.932919],[101.582325,5.933147],[101.58227,5.933932],[101.582133,5.934211],[101.581776,5.934389],[101.581309,5.934363],[101.579498,5.932767],[101.579004,5.932438],[101.578291,5.932184],[101.576946,5.931399],[101.575848,5.930639],[101.575491,5.930284],[101.575299,5.929878],[101.574833,5.927725],[101.574174,5.926737],[101.573927,5.9259],[101.573516,5.925647],[101.573021,5.925596],[101.572417,5.925343],[101.571896,5.924912],[101.571374,5.924836],[101.570359,5.924862],[101.569124,5.924329],[101.568657,5.923797],[101.567999,5.923316],[101.566736,5.922936],[101.566023,5.922125],[101.565776,5.921669],[101.565309,5.921542],[101.564239,5.921644],[101.563854,5.921593],[101.562949,5.921644],[101.562098,5.920706],[101.561192,5.919971],[101.560808,5.919769],[101.560287,5.919642],[101.559134,5.919034],[101.558722,5.918983],[101.557899,5.919211],[101.55735,5.91911],[101.556993,5.919161],[101.556526,5.919389],[101.55488,5.92063],[101.554166,5.920706],[101.553617,5.920605],[101.552986,5.920377],[101.552245,5.919971],[101.551614,5.920047],[101.549363,5.919769],[101.547442,5.919668],[101.544835,5.919313],[101.544368,5.919059],[101.542941,5.918578],[101.54242,5.918527],[101.541459,5.918705],[101.540471,5.919009],[101.539922,5.918603],[101.539758,5.918325],[101.539511,5.91721],[101.539209,5.917058],[101.538687,5.916982],[101.538248,5.916526],[101.537425,5.915234],[101.537013,5.914955],[101.536492,5.914828],[101.536163,5.914651],[101.535916,5.9146],[101.535257,5.914752],[101.534873,5.914727],[101.534159,5.914448],[101.533747,5.914372],[101.533336,5.914144],[101.532512,5.913308],[101.532073,5.912953],[101.531826,5.912877],[101.531003,5.912092],[101.530399,5.912041],[101.529933,5.911914],[101.529686,5.911737],[101.529438,5.911179],[101.528533,5.91009],[101.528203,5.909811],[101.527902,5.90971],[101.527655,5.90976],[101.527298,5.909634],[101.526749,5.909076],[101.526419,5.908595],[101.526227,5.908037],[101.526282,5.907176],[101.526118,5.906948],[101.525953,5.906923],[101.525514,5.906593],[101.524855,5.905909],[101.524773,5.905605],[101.525184,5.904364],[101.525596,5.903578],[101.525733,5.902235],[101.525651,5.901728],[101.525459,5.901323],[101.52513,5.901095],[101.52491,5.900791],[101.524471,5.899879],[101.524087,5.899372],[101.523977,5.898764],[101.523236,5.898688],[101.522687,5.898764],[101.522412,5.898891],[101.520958,5.900842],[101.520629,5.900918],[101.520327,5.900867],[101.520107,5.90074],[101.519311,5.900664],[101.518899,5.900538],[101.518378,5.900183],[101.518021,5.900259],[101.517774,5.900487],[101.517555,5.900867],[101.517555,5.901222],[101.517445,5.901576],[101.517253,5.90183],[101.516567,5.902337],[101.516265,5.902666],[101.515908,5.903578],[101.515277,5.903578],[101.514783,5.903375],[101.514124,5.903325],[101.51374,5.903198],[101.513465,5.902919],[101.513383,5.902565],[101.513575,5.901044],[101.51352,5.900867],[101.512395,5.899955],[101.512203,5.8996],[101.512093,5.899017],[101.511956,5.898916],[101.511489,5.898865],[101.510831,5.898384],[101.510776,5.898029],[101.510556,5.897826],[101.50965,5.8977],[101.509321,5.897294],[101.508745,5.896889],[101.508525,5.896559],[101.508388,5.89623],[101.508278,5.895115],[101.508415,5.894304],[101.508333,5.893975],[101.508141,5.893671],[101.507565,5.89319],[101.507235,5.892784],[101.506192,5.892581],[101.505561,5.891821],[101.505424,5.891467],[101.505122,5.891061],[101.504491,5.890529],[101.50364,5.890225],[101.50278,5.889761],[101.502268,5.889718],[101.501637,5.889237],[101.500402,5.888882],[101.5001,5.888477],[101.499139,5.888046],[101.49892,5.887868],[101.498892,5.88759],[101.49859,5.886906],[101.497465,5.884651],[101.496999,5.884068],[101.496834,5.883713],[101.49645,5.883434],[101.495489,5.88308],[101.495022,5.882548],[101.493787,5.881509],[101.493568,5.881484],[101.493403,5.881585],[101.493348,5.881838],[101.491592,5.882852],[101.491262,5.882902],[101.490549,5.882776],[101.489863,5.882877],[101.489451,5.88313],[101.489286,5.883333],[101.488298,5.883282],[101.487338,5.883587],[101.487146,5.88346],[101.486926,5.883156],[101.487063,5.88199],[101.487201,5.881255],[101.48742,5.880774],[101.487639,5.879786],[101.487447,5.877987],[101.486926,5.875934],[101.487035,5.875402],[101.487392,5.875048],[101.487557,5.874769],[101.487749,5.873781],[101.487721,5.87335],[101.487584,5.872717],[101.487118,5.871576],[101.487008,5.870892],[101.486569,5.870183],[101.485938,5.869828],[101.485389,5.869727],[101.484867,5.869777],[101.484538,5.869929],[101.482781,5.871196],[101.482315,5.871323],[101.480998,5.87145],[101.480476,5.871956],[101.47968,5.872286],[101.479022,5.872945],[101.47839,5.872767],[101.477567,5.871779],[101.477183,5.871171],[101.476469,5.870588],[101.475289,5.870233],[101.474905,5.870259],[101.474493,5.870512],[101.473862,5.870436],[101.473505,5.870538],[101.472956,5.870715],[101.472462,5.871146],[101.472078,5.871602],[101.471749,5.872311],[101.471392,5.872793],[101.470349,5.873603],[101.469636,5.873907],[101.469114,5.874034],[101.468071,5.874515],[101.467166,5.874617],[101.466946,5.874769],[101.466425,5.874794],[101.46604,5.874921],[101.465244,5.875478],[101.464366,5.876365],[101.464174,5.87639],[101.464009,5.876238],[101.463955,5.875276],[101.462665,5.873831],[101.46228,5.87373],[101.461539,5.87373],[101.461045,5.873629],[101.458877,5.872666],[101.458603,5.872311],[101.458466,5.871779],[101.458273,5.871399],[101.457725,5.870588],[101.456984,5.868941],[101.456325,5.868409],[101.455913,5.8677],[101.455529,5.86737],[101.455282,5.867269],[101.454898,5.867269],[101.453059,5.867573],[101.452647,5.867269],[101.452373,5.86737],[101.452345,5.867548],[101.452181,5.8677],[101.450397,5.86846],[101.449244,5.868789],[101.447899,5.869752],[101.447213,5.870436],[101.446939,5.870487],[101.445813,5.870233],[101.444496,5.870233],[101.444249,5.870436],[101.443508,5.87074],[101.442849,5.870867],[101.442492,5.871146],[101.441751,5.871196],[101.441175,5.870994],[101.440818,5.870588],[101.440489,5.870487],[101.43854,5.870563],[101.438128,5.870816],[101.437909,5.871146],[101.437634,5.871779],[101.437525,5.872336],[101.437305,5.872539],[101.436921,5.872438],[101.436646,5.87226],[101.436207,5.871551],[101.435823,5.871146],[101.435164,5.87074],[101.434368,5.870867],[101.433874,5.871171],[101.433353,5.871222],[101.43242,5.870994],[101.431953,5.870664],[101.431651,5.870715],[101.431487,5.870766],[101.431212,5.871247],[101.430197,5.872083],[101.429895,5.872615],[101.42962,5.872894],[101.429154,5.874896],[101.429044,5.875098],[101.428687,5.875098],[101.428193,5.874921],[101.427836,5.874946],[101.426848,5.875453],[101.426409,5.875402],[101.42619,5.8752],[101.425421,5.873958],[101.424927,5.873705],[101.424708,5.873679],[101.424516,5.873755],[101.424159,5.874566],[101.423884,5.874693],[101.423308,5.874591],[101.422787,5.874718],[101.422293,5.875124],[101.422046,5.875149],[101.421771,5.875048],[101.421387,5.875149],[101.421085,5.875377],[101.420097,5.875757],[101.419109,5.876314],[101.418313,5.87639],[101.417901,5.876365],[101.41738,5.876137],[101.416529,5.876162],[101.41631,5.876036],[101.416145,5.875732],[101.41609,5.875428],[101.415898,5.875174],[101.415596,5.874972],[101.415322,5.874642],[101.414635,5.873097],[101.414498,5.872869],[101.414361,5.872793],[101.413647,5.872945],[101.412659,5.872818],[101.412248,5.872843],[101.411671,5.873223],[101.411068,5.873451],[101.410656,5.873299],[101.410162,5.872412],[101.409997,5.872362],[101.40964,5.872539],[101.409311,5.872514],[101.40879,5.872311],[101.407939,5.872336],[101.407719,5.87226],[101.407527,5.872058],[101.406923,5.871906],[101.405798,5.872058],[101.405551,5.872615],[101.404783,5.873147],[101.40374,5.873249],[101.402944,5.873578],[101.402697,5.873578],[101.401873,5.873274],[101.400885,5.87335],[101.399952,5.872995],[101.398799,5.872995],[101.398278,5.872641],[101.397702,5.872641],[101.397372,5.872564],[101.397208,5.872412],[101.396906,5.872412],[101.396467,5.872666],[101.396055,5.873071],[101.395698,5.873249],[101.395286,5.873274],[101.394738,5.873147],[101.394353,5.873147],[101.393997,5.87335],[101.393557,5.873755],[101.39224,5.875301],[101.391664,5.875706],[101.391362,5.875681],[101.391225,5.875301],[101.391307,5.873097],[101.391609,5.872438],[101.391664,5.872083],[101.391362,5.871779],[101.39117,5.870943],[101.390978,5.870538],[101.390868,5.86917],[101.390539,5.867193],[101.390347,5.866737],[101.389743,5.865901],[101.389386,5.864837],[101.389413,5.864127],[101.389688,5.863012],[101.389523,5.862201],[101.389139,5.861543],[101.389084,5.861163],[101.389359,5.860402],[101.389935,5.859668],[101.390511,5.859186],[101.390429,5.858882],[101.390237,5.858451],[101.389688,5.857868],[101.388069,5.855461],[101.38719,5.853662],[101.386669,5.853561],[101.384007,5.852471],[101.383101,5.852598],[101.382552,5.852193],[101.381646,5.851863],[101.380933,5.851306],[101.380137,5.850216],[101.379835,5.849152],[101.379753,5.848189],[101.379615,5.847708],[101.379615,5.847379],[101.379889,5.846214],[101.379835,5.845606],[101.37967,5.845276],[101.379478,5.845099],[101.378298,5.84482],[101.377886,5.844643],[101.377557,5.844288],[101.376706,5.842717],[101.376596,5.842236],[101.376541,5.841019],[101.376322,5.840183],[101.376157,5.839879],[101.375773,5.839575],[101.375526,5.839246],[101.375142,5.837852],[101.37473,5.837168],[101.374428,5.836838],[101.374071,5.83661],[101.374016,5.836382],[101.374126,5.835774],[101.374401,5.835369],[101.375032,5.834913],[101.375196,5.83471],[101.375251,5.834305],[101.375471,5.834026],[101.375389,5.833494],[101.374895,5.83281],[101.37344,5.831543],[101.371931,5.830909],[101.371491,5.830884],[101.371244,5.831163],[101.370943,5.832176],[101.370805,5.832303],[101.370531,5.832353],[101.369406,5.83172],[101.36861,5.831543],[101.367375,5.831619],[101.366469,5.831391],[101.366112,5.831416],[101.365454,5.83172],[101.364932,5.831745],[101.363999,5.831517],[101.363066,5.831492],[101.362846,5.831315],[101.362407,5.830732],[101.362078,5.830605],[101.361749,5.830732],[101.36098,5.831416],[101.360404,5.832303],[101.359059,5.833164],[101.358812,5.833063],[101.358483,5.832683],[101.358181,5.832151],[101.357522,5.831644],[101.357001,5.831112],[101.356259,5.829795],[101.355244,5.828604],[101.354914,5.828528],[101.35442,5.82792],[101.35335,5.827641],[101.35313,5.827312],[101.352582,5.827185],[101.350935,5.827236],[101.350111,5.826881],[101.349453,5.825867],[101.348273,5.825056],[101.34734,5.823713],[101.347257,5.823409],[101.34723,5.822903],[101.347312,5.822472],[101.347559,5.821889],[101.347834,5.820394],[101.348465,5.818266],[101.348657,5.817911],[101.348712,5.817455],[101.348684,5.817151],[101.348437,5.816695],[101.348081,5.814946],[101.346379,5.812691],[101.346132,5.812185],[101.346023,5.811703],[101.346023,5.810994],[101.346407,5.810158],[101.346324,5.809271],[101.346132,5.808435],[101.345858,5.808409],[101.345227,5.80879],[101.343827,5.80922],[101.343168,5.809322],[101.341741,5.809195],[101.340149,5.808207],[101.340012,5.8077],[101.339573,5.807219],[101.339408,5.806813],[101.338393,5.806788],[101.337514,5.806611],[101.336938,5.806636],[101.33595,5.808207],[101.335209,5.808435],[101.334688,5.80884],[101.334194,5.809296],[101.333809,5.810234],[101.332821,5.810994],[101.331477,5.811577],[101.329885,5.811627],[101.328732,5.811957],[101.328156,5.812514],[101.328046,5.813148],[101.327854,5.8133],[101.326838,5.813578],[101.325933,5.813705],[101.325576,5.81368],[101.325137,5.813401],[101.320828,5.811931],[101.320581,5.811678],[101.320499,5.810994],[101.320087,5.810234],[101.319263,5.809626],[101.318715,5.808967],[101.31855,5.808105],[101.31833,5.8077],[101.317781,5.806053],[101.317507,5.805648],[101.316519,5.804558],[101.316354,5.804254],[101.315668,5.803443],[101.315586,5.803114],[101.315147,5.802759],[101.314406,5.802481],[101.314049,5.802024],[101.313774,5.801872],[101.313472,5.801872],[101.311332,5.80205],[101.310673,5.802278],[101.309164,5.802582],[101.308423,5.803367],[101.307188,5.804432],[101.306749,5.805293],[101.306556,5.806002],[101.306227,5.808283],[101.305733,5.810588],[101.305678,5.811425],[101.305157,5.813249],[101.304992,5.813401],[101.304745,5.813477],[101.304471,5.813401],[101.303702,5.812919],[101.303098,5.812843],[101.301726,5.812337],[101.300546,5.812235],[101.300326,5.812286],[101.29975,5.812767],[101.299503,5.812742],[101.299036,5.812489],[101.29868,5.812058],[101.298103,5.811906],[101.297993,5.811805],[101.297664,5.811805],[101.297472,5.811982],[101.297225,5.812007],[101.296731,5.811805],[101.295716,5.811627],[101.295029,5.811627],[101.294673,5.811805],[101.294398,5.812083],[101.294206,5.81259],[101.293767,5.813249],[101.293328,5.813832],[101.292477,5.814693],[101.29234,5.815022],[101.290693,5.816011],[101.290556,5.816011],[101.290309,5.815935],[101.289815,5.815327],[101.289431,5.815022],[101.286576,5.814136],[101.285286,5.813578],[101.284491,5.813654],[101.283914,5.813578],[101.283338,5.813224],[101.280648,5.812438],[101.279825,5.812362],[101.278562,5.812033],[101.276778,5.812058],[101.276339,5.811805],[101.276147,5.811551],[101.2759,5.810436],[101.275378,5.808941],[101.275214,5.808789],[101.274335,5.808688],[101.273732,5.80846],[101.272661,5.807573],[101.27063,5.804558],[101.269615,5.80319],[101.26838,5.802683],[101.267721,5.802531],[101.266321,5.802556],[101.265361,5.802202],[101.265031,5.802024],[101.264839,5.801518],[101.26462,5.80129],[101.264098,5.801011],[101.263769,5.800732],[101.263632,5.79977],[101.263687,5.799364],[101.264043,5.798756],[101.264071,5.798097],[101.263659,5.796374],[101.263,5.795006],[101.262808,5.793536],[101.262699,5.793283],[101.262397,5.792979],[101.261793,5.792548],[101.260475,5.791357],[101.260228,5.790217],[101.260256,5.789811],[101.260064,5.789431],[101.260009,5.789102],[101.259433,5.787962],[101.258664,5.786822],[101.258609,5.786441],[101.258912,5.785656],[101.258857,5.785327],[101.25839,5.784465],[101.258418,5.783933],[101.258719,5.782413],[101.259076,5.782058],[101.259296,5.781273],[101.25979,5.778612],[101.259845,5.777548],[101.25979,5.777193],[101.259653,5.777041],[101.258912,5.776661],[101.2585,5.77585],[101.258061,5.775572],[101.257896,5.775318],[101.257786,5.774735],[101.257347,5.77357],[101.257018,5.773367],[101.255975,5.773038],[101.25485,5.77248],[101.254603,5.772278],[101.253807,5.770884],[101.253697,5.770479],[101.253697,5.769871],[101.25334,5.768959],[101.252819,5.768224],[101.252352,5.766982],[101.251666,5.765614],[101.251392,5.765285],[101.250651,5.764727],[101.250541,5.764398],[101.250486,5.763714],[101.249707,5.762666],[101.249612,5.762401],[101.249191,5.760125],[101.249191,5.75919],[101.249287,5.758925],[101.250242,5.757443],[101.250453,5.756719],[101.250682,5.75626],[101.251026,5.755925],[101.251657,5.75566],[101.251963,5.755219],[101.252517,5.754654],[101.253186,5.754301],[101.253453,5.754072],[101.254696,5.752307],[101.255518,5.751707],[101.255785,5.751337],[101.25546,5.750031],[101.254829,5.748673],[101.254485,5.748214],[101.254122,5.747314],[101.254122,5.746767],[101.254275,5.745673],[101.254925,5.74389],[101.255002,5.74352],[101.254963,5.742991],[101.255116,5.742479],[101.255747,5.741738],[101.256664,5.741014],[101.257391,5.739797],[101.257505,5.739267],[101.257372,5.738456],[101.257123,5.737838],[101.257123,5.737273],[101.257658,5.736497],[101.259015,5.735368],[101.259302,5.73468],[101.25934,5.733797],[101.259493,5.733162],[101.260258,5.731909],[101.260219,5.731574],[101.25978,5.731203],[101.259608,5.730903],[101.25934,5.72928],[101.259168,5.726298],[101.259073,5.726051],[101.25869,5.725733],[101.258614,5.725504],[101.258671,5.724957],[101.259168,5.723986],[101.259264,5.723615],[101.259245,5.723351],[101.259168,5.723086],[101.258805,5.722769],[101.258499,5.722363],[101.258289,5.72201],[101.258232,5.721727],[101.258614,5.720668],[101.258671,5.720298],[101.25848,5.719751],[101.258614,5.719416],[101.259837,5.718198],[101.260888,5.718163],[101.261137,5.717863],[101.261194,5.717598],[101.261137,5.716539],[101.260984,5.71608],[101.260812,5.714933],[101.260754,5.713204],[101.26064,5.712886],[101.260219,5.71241],[101.25999,5.711545],[101.259665,5.711369],[101.258901,5.711316],[101.258098,5.711051],[101.256817,5.710275],[101.256683,5.709869],[101.256378,5.709639],[101.254543,5.709622],[101.254256,5.709057],[101.253377,5.708493],[101.251943,5.708052],[101.251752,5.70784],[101.251638,5.707416],[101.251695,5.706622],[101.25137,5.705899],[101.250892,5.705369],[101.250204,5.704999],[101.249764,5.704575],[101.249382,5.704028],[101.249191,5.70364],[101.249153,5.703358],[101.249229,5.703163],[101.249631,5.702916],[101.249841,5.702687],[101.250242,5.700675],[101.250414,5.700446],[101.25093,5.700181],[101.251217,5.699917],[101.251351,5.698999],[101.251236,5.698699],[101.251102,5.698576],[101.2503,5.698364],[101.249898,5.698081],[101.249669,5.697764],[101.249535,5.697393],[101.24944,5.696776],[101.249076,5.696282],[101.248579,5.695893],[101.248121,5.695929],[101.247758,5.696052],[101.247452,5.696211],[101.247108,5.696652],[101.246764,5.696723],[101.246381,5.696458],[101.246076,5.696017],[101.244565,5.695611],[101.244164,5.694835],[101.244107,5.694447],[101.242883,5.691888],[101.242157,5.691535],[101.241909,5.691253],[101.240112,5.690476],[101.238659,5.690229],[101.238029,5.6906],[101.237207,5.690388],[101.236691,5.690053],[101.235869,5.689982],[101.235124,5.689382],[101.234302,5.689135],[101.234072,5.688747],[101.234034,5.688182],[101.2339,5.6879],[101.233786,5.687829],[101.233002,5.687653],[101.232428,5.688147],[101.232027,5.688341],[101.231587,5.688341],[101.230766,5.687971],[101.230039,5.687759],[101.229695,5.687794],[101.229103,5.688077],[101.228548,5.688112],[101.226713,5.687882],[101.224171,5.688112],[101.223808,5.687988],[101.223177,5.687582],[101.221686,5.687706],[101.22096,5.687882],[101.219278,5.687741],[101.218514,5.68753],[101.21838,5.687353],[101.218322,5.687071],[101.21838,5.686347],[101.218456,5.685994],[101.218819,5.685412],[101.219011,5.684865],[101.218915,5.684194],[101.219106,5.683718],[101.219278,5.681036],[101.219737,5.680488],[101.220712,5.678901],[101.221686,5.677595],[101.222375,5.676254],[101.222451,5.675971],[101.222413,5.675671],[101.22161,5.674383],[101.220578,5.673995],[101.220157,5.673713],[101.218896,5.672495],[101.218724,5.672195],[101.218666,5.671878],[101.218781,5.670289],[101.218724,5.669866],[101.218361,5.669425],[101.218227,5.669089],[101.218189,5.668701],[101.218284,5.668136],[101.218303,5.665913],[101.217864,5.66556],[101.216927,5.66526],[101.216086,5.664502],[101.215188,5.664095],[101.21492,5.663848],[101.214824,5.663619],[101.214786,5.663054],[101.215035,5.661749],[101.214977,5.661413],[101.214729,5.661272],[101.213716,5.661131],[101.213123,5.661166],[101.212607,5.661096],[101.212034,5.660831],[101.211709,5.660513],[101.2106,5.659825],[101.210046,5.659561],[101.209014,5.659296],[101.208154,5.659349],[101.207657,5.659472],[101.206357,5.660319],[101.206128,5.660372],[101.205153,5.660249],[101.204847,5.660072],[101.204695,5.659896],[101.204637,5.659649],[101.204733,5.658837],[101.204675,5.658555],[101.204484,5.658008],[101.204198,5.657602],[101.203834,5.655254],[101.203433,5.654425],[101.20307,5.654213],[101.201885,5.653878],[101.20133,5.65379],[101.200356,5.653808],[101.199954,5.653666],[101.199897,5.653278],[101.200107,5.652361],[101.20005,5.651743],[101.199591,5.651355],[101.198024,5.650808],[101.196801,5.649749],[101.196437,5.649537],[101.195845,5.649502],[101.193398,5.649996],[101.192882,5.64989],[101.192061,5.649449],[101.191353,5.649449],[101.191009,5.649555],[101.190455,5.649961],[101.189996,5.650173],[101.189538,5.65109],[101.189136,5.651161],[101.188257,5.651002],[101.187855,5.65079],[101.187014,5.650031],[101.186326,5.649679],[101.185581,5.649696],[101.185332,5.649802],[101.184874,5.65019],[101.184396,5.650314],[101.184128,5.650173],[101.183822,5.649731],[101.182924,5.649379],[101.18214,5.64929],[101.181758,5.649149],[101.180764,5.649326],[101.179675,5.648849],[101.177955,5.647914],[101.176349,5.647367],[101.175508,5.647402],[101.174457,5.647279],[101.173463,5.647561],[101.172335,5.647579],[101.172163,5.647437],[101.171953,5.646643],[101.171093,5.64562],[101.170481,5.644244],[101.170194,5.643891],[101.169908,5.643679],[101.169047,5.643485],[101.168073,5.642408],[101.167327,5.641791],[101.167232,5.641526],[101.167652,5.640503],[101.16769,5.640238],[101.167308,5.638932],[101.167327,5.638421],[101.167843,5.637521],[101.168378,5.636779],[101.1692,5.635915],[101.169162,5.635703],[101.168378,5.634732],[101.167614,5.63355],[101.166926,5.633303],[101.165875,5.632033],[101.164346,5.630498],[101.163753,5.630145],[101.162415,5.62988],[101.161937,5.629651],[101.161249,5.629509],[101.160733,5.629298],[101.160332,5.628521],[101.160064,5.628345],[101.159586,5.628221],[101.157331,5.627039],[101.157044,5.626651],[101.156776,5.625998],[101.156165,5.625433],[101.155668,5.625186],[101.155438,5.624974],[101.155018,5.623986],[101.15261,5.622733],[101.151922,5.622574],[101.150928,5.622804],[101.150545,5.623051],[101.149724,5.623827],[101.148902,5.624074],[101.148309,5.623969],[101.147812,5.623721],[101.145423,5.623404],[101.145003,5.623227],[101.144582,5.622927],[101.144429,5.622645],[101.144353,5.62201],[101.144964,5.620792],[101.14506,5.620333],[101.144869,5.619574],[101.144888,5.617475],[101.144563,5.61691],[101.144525,5.616698],[101.144983,5.615128],[101.144945,5.614987],[101.144754,5.614845],[101.14311,5.614157],[101.142575,5.613645],[101.142307,5.613522],[101.141696,5.613575],[101.141103,5.614069],[101.140606,5.614316],[101.139746,5.61451],[101.139307,5.614475],[101.138867,5.614298],[101.138255,5.613593],[101.136803,5.612993],[101.135866,5.612851],[101.133916,5.613469],[101.133095,5.614192],[101.132846,5.61474],[101.133114,5.61571],[101.133267,5.616769],[101.133362,5.61834],[101.133267,5.618887],[101.13277,5.619557],[101.131967,5.620228],[101.131852,5.620422],[101.131757,5.620881],[101.1317,5.622239],[101.130763,5.623527],[101.130572,5.624621],[101.12996,5.625874],[101.130018,5.627092],[101.129922,5.627604],[101.128928,5.629156],[101.12866,5.631203],[101.128278,5.631927],[101.128565,5.633003],[101.12845,5.634044],[101.129253,5.635067],[101.129425,5.635438],[101.128852,5.635985],[101.128794,5.636232],[101.128852,5.636409],[101.12931,5.636709],[101.129693,5.637256],[101.129845,5.638261],[101.129845,5.638809],[101.129654,5.639409],[101.129081,5.640203],[101.128775,5.641438],[101.127533,5.643326],[101.126386,5.644297],[101.125258,5.646538],[101.125316,5.64682],[101.126157,5.648019],[101.12631,5.648408],[101.126329,5.649202],[101.125947,5.651196],[101.125029,5.653949],[101.124532,5.655008],[101.123825,5.65589],[101.123596,5.656296],[101.123232,5.65762],[101.123213,5.65822],[101.123481,5.659014],[101.123519,5.659402],[101.123462,5.659684],[101.123576,5.660584],[101.123462,5.661484],[101.123118,5.661713],[101.122009,5.661784],[101.121378,5.662031],[101.120652,5.662454],[101.119983,5.663019],[101.120002,5.664378],[101.119849,5.664925],[101.119639,5.665225],[101.119123,5.665507],[101.11897,5.665878],[101.119046,5.66616],[101.119524,5.66699],[101.119582,5.667448],[101.119505,5.669142],[101.119046,5.670642],[101.118358,5.671171],[101.117651,5.672089],[101.116504,5.673042],[101.116313,5.673254],[101.115931,5.673977],[101.115396,5.67456],[101.11423,5.675142],[101.114058,5.675318],[101.113981,5.675512],[101.114019,5.675689],[101.114229,5.675989],[101.114344,5.676324],[101.114229,5.677171],[101.113924,5.677542],[101.112662,5.678601],[101.112223,5.679359],[101.11184,5.680242],[101.111363,5.680947],[101.110999,5.68123],[101.108801,5.682147],[101.106221,5.683453],[101.104233,5.683947],[101.103775,5.685235],[101.103507,5.687653],[101.10338,5.68797],[101.103051,5.68839],[101.102918,5.688493],[101.102105,5.688148],[101.10131,5.688115],[101.09999,5.689291],[101.099251,5.689179],[101.098719,5.689448],[101.098624,5.690187],[101.097998,5.690958],[101.097639,5.691217],[101.09693,5.692035],[101.097563,5.692533],[101.097606,5.692753],[101.097078,5.694323],[101.096632,5.694895],[101.096301,5.695029],[101.095744,5.695538],[101.095535,5.695969],[101.095162,5.696174],[101.09507,5.696516],[101.094757,5.696887],[101.094656,5.697536],[101.095123,5.698223],[101.095543,5.698332],[101.095882,5.698279],[101.096973,5.699104],[101.097077,5.699344],[101.096885,5.6999],[101.09709,5.700468],[101.096934,5.700954],[101.096788,5.701048],[101.096592,5.701462],[101.096244,5.701611],[101.095747,5.702811],[101.095206,5.703204],[101.094875,5.703141],[101.093784,5.703344],[101.093064,5.703788],[101.092581,5.703741],[101.091969,5.703981],[101.09114,5.703921],[101.089961,5.703348],[101.089599,5.703294],[101.089376,5.703437],[101.08944,5.703746],[101.089153,5.704734],[101.088771,5.705352],[101.087891,5.706181],[101.086668,5.706781],[101.085865,5.707381],[101.085423,5.708225],[101.085108,5.708343],[101.085838,5.709728],[101.086007,5.710399],[101.086222,5.710858],[101.086311,5.711313],[101.08615,5.711762],[101.086017,5.711863],[101.08468,5.711987],[101.084322,5.711825],[101.083845,5.711769],[101.083741,5.711652],[101.083656,5.71121],[101.0833,5.711028],[101.08325,5.710643],[101.082477,5.709385],[101.082018,5.709386],[101.081672,5.709584],[101.08084,5.709848],[101.080151,5.710923],[101.080236,5.711252],[101.080961,5.711784],[101.080808,5.712472],[101.080418,5.712872],[101.080181,5.713309],[101.080189,5.713684],[101.081066,5.714572],[101.08121,5.714834],[101.081175,5.715267],[101.08135,5.715596],[101.081095,5.71596],[101.080339,5.715726],[101.080059,5.715815],[101.080062,5.716122],[101.08049,5.716814],[101.080914,5.717111],[101.081445,5.7178],[101.082252,5.718342],[101.082534,5.718666],[101.083118,5.720005],[101.083118,5.720202],[101.082949,5.72043],[101.082637,5.720684],[101.082394,5.721086],[101.081727,5.721039],[101.08058,5.721153],[101.079912,5.721377],[101.078718,5.721941],[101.078401,5.722558],[101.077832,5.723354],[101.077554,5.723604],[101.077062,5.723771],[101.076724,5.724016],[101.076175,5.724938],[101.075572,5.72508],[101.075184,5.725406],[101.074723,5.725527],[101.074445,5.725877],[101.07371,5.725538],[101.073224,5.725534],[101.072792,5.725952],[101.072709,5.726226],[101.07231,5.726518],[101.071479,5.726437],[101.071121,5.726808],[101.07051,5.726863],[101.070397,5.727065],[101.070018,5.72724],[101.069785,5.727259],[101.069055,5.727624],[101.068261,5.728416],[101.067698,5.728262],[101.067087,5.727312],[101.066814,5.726419],[101.066166,5.725769],[101.065858,5.725807],[101.065628,5.725929],[101.065081,5.726806],[101.064565,5.72692],[101.064527,5.726669],[101.064002,5.725878],[101.063594,5.726201],[101.062709,5.726417],[101.062249,5.72667],[101.062451,5.72768],[101.062692,5.728089],[101.062534,5.728212],[101.062254,5.728811],[101.061909,5.729176],[101.061887,5.72991],[101.062543,5.730477],[101.063301,5.730857],[101.063365,5.73125],[101.062696,5.731567],[101.06228,5.731902],[101.061548,5.731633],[101.06117,5.73176],[101.061012,5.732056],[101.060903,5.732594],[101.060547,5.732615],[101.060379,5.732764],[101.060294,5.733036],[101.059763,5.732904],[101.059159,5.734061],[101.059457,5.734736],[101.060273,5.735301],[101.06027,5.736121],[101.060474,5.736687],[101.060601,5.736821],[101.060869,5.736841],[101.060851,5.737197],[101.060551,5.737863],[101.060875,5.738654],[101.060513,5.73917],[101.060309,5.73976],[101.060288,5.740201],[101.060551,5.740784],[101.061598,5.741641],[101.061981,5.742221],[101.06163,5.743092],[101.061625,5.743273],[101.061438,5.743214],[101.061235,5.743343],[101.060881,5.743331],[101.06066,5.743515],[101.060225,5.744155],[101.060196,5.744327],[101.059265,5.743789],[101.058325,5.744026],[101.057504,5.74397],[101.057077,5.744299],[101.056846,5.744109],[101.056532,5.744028],[101.056078,5.743601],[101.055586,5.742741],[101.054979,5.74235],[101.054752,5.742361],[101.054608,5.742479],[101.054507,5.742839],[101.054481,5.743855],[101.054333,5.744026],[101.05387,5.743862],[101.053019,5.742774],[101.052715,5.742576],[101.052142,5.741516],[101.051577,5.740666],[101.049869,5.739877],[101.040224,5.739846],[101.039502,5.738771],[101.037984,5.737421],[101.037455,5.736533],[101.037385,5.736659],[101.036881,5.736867],[101.036494,5.736862],[101.036074,5.73705],[101.035822,5.737391],[101.035556,5.737558],[101.034783,5.737831],[101.03446,5.737767],[101.033922,5.73795],[101.03375,5.73856],[101.032806,5.739757],[101.032098,5.74019],[101.032409,5.740731],[101.032849,5.741202],[101.032819,5.741556],[101.030723,5.742596],[101.030447,5.742859],[101.03007,5.74375],[101.030136,5.744684],[101.029968,5.744807],[101.029489,5.744568],[101.029216,5.744655],[101.028975,5.744914],[101.029026,5.745334],[101.028954,5.745981],[101.029186,5.746415],[101.029201,5.746767],[101.029016,5.747415],[101.027862,5.748288],[101.027339,5.749237],[101.027397,5.749643],[101.027282,5.749996],[101.02667,5.750808],[101.025695,5.751779],[101.025447,5.751849],[101.02495,5.751832],[101.024606,5.751937],[101.024434,5.752061],[101.024051,5.752785],[101.023841,5.753014],[101.023019,5.753579],[101.022293,5.753755],[101.021968,5.75409],[101.021815,5.754549],[101.021777,5.755784],[101.021643,5.756066],[101.020248,5.757302],[101.019445,5.758696],[101.019197,5.759384],[101.019101,5.761113],[101.019464,5.763284],[101.019158,5.764166],[101.018795,5.764713],[101.018623,5.765595],[101.018432,5.766125],[101.017706,5.767307],[101.017018,5.767589],[101.016693,5.767607],[101.015775,5.767236],[101.01545,5.767272],[101.014858,5.767607],[101.014323,5.768189],[101.013979,5.768401],[101.013138,5.768595],[101.012583,5.768825],[101.011895,5.769283],[101.011494,5.769442],[101.009793,5.769672],[101.009124,5.769707],[101.008321,5.769636],[101.007537,5.769848],[101.007136,5.770078],[101.00683,5.770519],[101.006601,5.771084],[101.006505,5.77179],[101.006811,5.773184],[101.007289,5.77419],[101.007385,5.774472],[101.007365,5.774666],[101.007193,5.774825],[101.006983,5.774842],[101.005817,5.774613],[101.005473,5.774789],[101.005091,5.775195],[101.004231,5.77636],[101.00339,5.778089],[101.003256,5.778742],[101.00318,5.779871],[101.003122,5.779995],[101.002931,5.780101],[101.002014,5.78026],[101.001498,5.78026],[101.001211,5.780172],[100.999739,5.77906],[100.999376,5.779042],[100.998975,5.779201],[100.998402,5.779607],[100.998,5.779978],[100.997465,5.780878],[100.996414,5.78326],[100.99584,5.785201],[100.995554,5.785395],[100.995095,5.785466],[100.994579,5.785413],[100.993986,5.785219],[100.99368,5.784972],[100.993432,5.784566],[100.992935,5.78326],[100.992514,5.782907],[100.990622,5.78356],[100.989724,5.783754],[100.989456,5.78393],[100.989227,5.784795],[100.98894,5.785289],[100.989246,5.785978],[100.98938,5.78663],[100.989322,5.788201],[100.989437,5.788501],[100.989418,5.788907],[100.989131,5.790054],[100.988653,5.792948],[100.988214,5.793724],[100.988692,5.794554],[100.988806,5.795083],[100.988806,5.796442],[100.988367,5.797412],[100.987507,5.798418],[100.98722,5.798824],[100.987105,5.799142],[100.987124,5.799848],[100.987316,5.800606],[100.987316,5.800818],[100.987143,5.801171],[100.986991,5.801365],[100.98657,5.80163],[100.98527,5.802195],[100.984869,5.802548],[100.984582,5.802953],[100.984525,5.803465],[100.98462,5.803659],[100.985098,5.8041],[100.985213,5.804506],[100.985041,5.805071],[100.984238,5.806306],[100.98399,5.807188],[100.984181,5.808971],[100.98441,5.809571],[100.984754,5.809782],[100.9855,5.809782],[100.98592,5.809977],[100.986647,5.810771],[100.987354,5.810877],[100.990259,5.81093],[100.991998,5.811759],[100.99305,5.813029],[100.994005,5.814035],[100.995401,5.815764],[100.995726,5.8161],[100.996165,5.816382],[100.996299,5.816841],[100.99649,5.817053],[100.997656,5.817706],[100.999051,5.818041],[100.999281,5.818217],[100.999663,5.819011],[100.999682,5.819364],[100.999529,5.822912],[100.99972,5.823212],[101.000141,5.823582],[101.001479,5.824076],[101.00232,5.824659],[101.002434,5.825347],[101.001976,5.826106],[101.001804,5.827129],[101.001498,5.827923],[101.00146,5.828258],[101.001632,5.828823],[101.002014,5.828999],[101.00339,5.829141],[101.004021,5.829299],[101.004594,5.829917],[101.005167,5.830975],[101.006601,5.83147],[101.006811,5.831681],[101.007576,5.833358],[101.007939,5.833905],[101.008092,5.834399],[101.008302,5.83477],[101.008761,5.835264],[101.008914,5.836305],[101.009143,5.836728],[101.009296,5.836834],[101.009716,5.836817],[101.010137,5.836464],[101.010366,5.836375],[101.010577,5.836393],[101.010806,5.836464],[101.011379,5.837099],[101.011915,5.837487],[101.01201,5.838034],[101.010729,5.839464],[101.009869,5.840646],[101.009449,5.841581],[101.009391,5.84234],[101.008914,5.843064],[101.008875,5.843222],[101.008952,5.843487],[101.00943,5.844775],[101.009468,5.845287],[101.009372,5.845569],[101.008455,5.847175],[101.007977,5.847775],[101.007136,5.848534],[101.006524,5.850122],[101.006066,5.851658],[101.006219,5.851905],[101.007346,5.852822],[101.007595,5.853422],[101.007557,5.853952],[101.008015,5.854887],[101.009219,5.856652],[101.009774,5.856987],[101.009927,5.857216],[101.009908,5.857516],[101.009487,5.858257],[101.009449,5.859104],[101.009583,5.859775],[101.009181,5.860639],[101.009124,5.860939],[101.009143,5.861133],[101.009736,5.861875],[101.009927,5.862404],[101.009965,5.86281],[101.009869,5.863993],[101.01006,5.864822],[101.009946,5.865263],[101.009774,5.865422],[101.009525,5.865969],[101.009391,5.866675],[101.009774,5.867398],[101.010194,5.867945],[101.010194,5.868545],[101.009487,5.869886],[101.00943,5.870663],[101.009583,5.87188],[101.009334,5.87278],[101.009028,5.873433],[101.00899,5.873733],[101.009124,5.87391],[101.009698,5.87421],[101.010003,5.874157],[101.010386,5.873892],[101.010634,5.873822],[101.010883,5.873874],[101.011991,5.873769],[101.013042,5.874563],[101.013406,5.875322],[101.014132,5.876416],[101.014304,5.876857],[101.014399,5.878357],[101.014591,5.878921],[101.014304,5.880316],[101.013941,5.881374],[101.013922,5.881551],[101.014151,5.88201],[101.014208,5.882415],[101.014591,5.882945],[101.01526,5.883633],[101.015374,5.883915],[101.016158,5.884427],[101.0174,5.885009],[101.017725,5.885292],[101.018623,5.88575],[101.019101,5.886474],[101.019082,5.886756],[101.018891,5.887339],[101.018451,5.887956],[101.018394,5.888203],[101.01849,5.88845],[101.018834,5.888891],[101.019292,5.890038],[101.019771,5.890568],[101.020268,5.890674],[101.020994,5.890586],[101.0213,5.89078],[101.021567,5.891115],[101.02237,5.891415],[101.022943,5.89228],[101.023478,5.893586],[101.023555,5.893868],[101.023478,5.89498],[101.023612,5.895738],[101.024128,5.896674],[101.024319,5.897291],[101.024912,5.89798],[101.025256,5.898774],[101.025504,5.898985],[101.027091,5.899233],[101.027779,5.899727],[101.028295,5.899991],[101.028773,5.90045],[101.028926,5.901403],[101.029289,5.901615],[101.029442,5.901827],[101.02948,5.902338],[101.029308,5.902656],[101.029232,5.903044],[101.029193,5.904138],[101.028811,5.905479],[101.028429,5.905832],[101.028066,5.906027],[101.027798,5.906115],[101.027569,5.905938],[101.027378,5.905956],[101.027053,5.906344],[101.02669,5.906485],[101.026479,5.90675],[101.026498,5.906979],[101.026766,5.907509],[101.026957,5.908673],[101.026746,5.909361],[101.02711,5.909891],[101.026957,5.910261],[101.026804,5.910385],[101.026307,5.910491],[101.026039,5.911108],[101.025638,5.911232],[101.025542,5.911373],[101.025542,5.91155],[101.025829,5.912167],[101.025714,5.912785],[101.025848,5.912997],[101.026976,5.913791],[101.027224,5.914108],[101.027893,5.914673],[101.028142,5.914761],[101.029403,5.914902],[101.031028,5.914514],[101.03141,5.914514],[101.032653,5.914867],[101.033474,5.915926],[101.03401,5.916032],[101.034965,5.916614],[101.035328,5.916985],[101.035558,5.917426],[101.036036,5.917567],[101.036494,5.918044],[101.037068,5.918044],[101.038597,5.917426],[101.039667,5.917267],[101.041502,5.916402],[101.042859,5.91605],[101.043395,5.915838],[101.043815,5.915838],[101.044083,5.916155],[101.044465,5.916138],[101.04521,5.915608],[101.04565,5.915079],[101.045994,5.914514],[101.046204,5.913808],[101.046835,5.912802],[101.047179,5.912626],[101.04802,5.91245],[101.048842,5.912061],[101.049434,5.911444],[101.050084,5.911232],[101.050543,5.910932],[101.050792,5.910667],[101.050964,5.910226],[101.051097,5.910155],[101.051346,5.910103],[101.052454,5.910332],[101.053066,5.910279],[101.053276,5.910403],[101.053716,5.911108],[101.054156,5.911267],[101.05492,5.911232],[101.055188,5.91132],[101.055341,5.911514],[101.055417,5.911708],[101.055417,5.913367],[101.055494,5.913879],[101.055799,5.914532],[101.056029,5.914708],[101.056277,5.915079],[101.056277,5.915255],[101.055991,5.915591],[101.055933,5.915802],[101.056124,5.916173],[101.056832,5.916385],[101.057214,5.916367],[101.057997,5.91605],[101.058475,5.915961],[101.059431,5.915891],[101.060158,5.916032],[101.06033,5.91612],[101.060349,5.916332],[101.060215,5.916862],[101.060253,5.917162],[101.060635,5.918203],[101.061171,5.918873],[101.0614,5.919032],[101.061572,5.919456],[101.061763,5.919597],[101.063426,5.919738],[101.063827,5.919703],[101.064267,5.919526],[101.06528,5.918662],[101.065529,5.918556],[101.066561,5.918609],[101.067383,5.918873],[101.068529,5.91882],[101.069715,5.917762],[101.070039,5.917567],[101.070708,5.917391],[101.070976,5.917426],[101.071626,5.917744],[101.072696,5.917479],[101.072868,5.917514],[101.073499,5.918097],[101.073805,5.918273],[101.074168,5.918326],[101.075047,5.918273],[101.076079,5.917691],[101.077264,5.917179],[101.078277,5.916508],[101.079041,5.915785],[101.0795,5.915608],[101.079787,5.915396],[101.080073,5.915096],[101.08057,5.913844],[101.081679,5.912608],[101.082272,5.911638],[101.083686,5.910614],[101.083992,5.910297],[101.084049,5.910067],[101.084699,5.909273],[101.085024,5.90915],[101.085215,5.90982],[101.08577,5.910403],[101.085923,5.910526],[101.086477,5.910632],[101.086802,5.910897],[101.08663,5.911532],[101.08663,5.911815],[101.086725,5.912309],[101.087127,5.913085],[101.087031,5.913562],[101.087069,5.913809],[101.087433,5.914938],[101.087337,5.915326],[101.087184,5.915503],[101.086974,5.916015],[101.086993,5.916862],[101.087241,5.917232],[101.087968,5.917603],[101.088293,5.91792],[101.088981,5.918819],[101.088885,5.919649],[101.089401,5.920319],[101.089344,5.920725],[101.089095,5.921378],[101.087509,5.923143],[101.087452,5.923337],[101.087738,5.924484],[101.0877,5.925878],[101.087777,5.925984],[101.088426,5.925931],[101.088694,5.925984],[101.089076,5.926196],[101.089592,5.926231],[101.090376,5.926055],[101.09137,5.925667],[101.091504,5.925755],[101.091867,5.92639],[101.092039,5.926955],[101.091542,5.928984],[101.092058,5.930678],[101.092211,5.931543],[101.092249,5.931914],[101.092115,5.932637],[101.092211,5.933043],[101.092574,5.933467],[101.093816,5.934173],[101.094027,5.934367],[101.094294,5.935831],[101.094428,5.936114],[101.094581,5.936202],[101.09504,5.936202],[101.095517,5.936449],[101.096148,5.936484],[101.096569,5.936855],[101.096798,5.937296],[101.097085,5.938266],[101.098059,5.939837],[101.098518,5.940825],[101.098614,5.941248],[101.099569,5.94199],[101.099684,5.942272],[101.09978,5.94289],[101.099703,5.943137],[101.098709,5.944072],[101.098537,5.94499],[101.098193,5.945607],[101.097983,5.946348],[101.096874,5.947143],[101.096721,5.947372],[101.096454,5.948307],[101.096014,5.949401],[101.095173,5.950337],[101.095135,5.950495],[101.095345,5.950707],[101.095785,5.950831],[101.09632,5.951448],[101.09676,5.951272],[101.097849,5.950601],[101.098212,5.950548],[101.098499,5.950584],[101.099588,5.951325],[101.099856,5.951431],[101.100085,5.951484],[101.1015,5.951448],[101.101806,5.952278],[101.102398,5.952878],[101.102532,5.953566],[101.10278,5.953901],[101.103832,5.953989],[101.104099,5.954113],[101.104501,5.954466],[101.105266,5.954554],[101.105514,5.95466],[101.105762,5.955224],[101.105992,5.955542],[101.106164,5.95616],[101.106336,5.956336],[101.107253,5.956795],[101.107464,5.957042],[101.107655,5.957801],[101.107846,5.958083],[101.108572,5.958419],[101.109088,5.959195],[101.109279,5.959336],[101.109432,5.959354],[101.110082,5.959071],[101.110369,5.958789],[101.110866,5.957836],[101.111401,5.957466],[101.11163,5.957554],[101.111898,5.958066],[101.113044,5.959107],[101.11335,5.959548],[101.113465,5.960077],[101.113388,5.960925],[101.113981,5.962089],[101.113904,5.962813],[101.113962,5.963007],[101.114382,5.963342],[101.114516,5.963677],[101.114554,5.964048],[101.11444,5.964525],[101.114459,5.964789],[101.114669,5.965672],[101.114765,5.966748],[101.11509,5.967648],[101.115529,5.968001],[101.116141,5.968195],[101.117861,5.969624],[101.118606,5.969959],[101.118721,5.9701],[101.119352,5.971653],[101.11939,5.972447],[101.119218,5.973506],[101.119275,5.973824],[101.119486,5.974141],[101.119734,5.974353],[101.119925,5.974388],[101.120824,5.974194],[101.121187,5.974318],[101.121531,5.974759],[101.121856,5.975518],[101.122047,5.975713],[101.122162,5.975801],[101.123423,5.976118],[101.123901,5.976365],[101.124436,5.977001],[101.124398,5.977195],[101.123672,5.978253],[101.123347,5.9791],[101.123213,5.9797],[101.123328,5.980512],[101.123691,5.981094],[101.123729,5.981306],[101.123557,5.981641],[101.122869,5.982118],[101.122315,5.982365],[101.12197,5.982647],[101.120957,5.982894],[101.11962,5.983424],[101.119295,5.983459],[101.118339,5.983318],[101.117785,5.983406],[101.116963,5.984236],[101.116122,5.984342],[101.115893,5.984518],[101.115453,5.985595],[101.114822,5.986036],[101.114192,5.986265],[101.113962,5.986512],[101.113943,5.986847],[101.114784,5.9875],[101.114822,5.988524],[101.113656,5.988877],[101.113217,5.988771],[101.11228,5.989],[101.111707,5.98893],[101.110732,5.988612],[101.110254,5.988594],[101.108859,5.989194],[101.108152,5.989371],[101.107693,5.989653],[101.106967,5.990359],[101.10689,5.990853],[101.10712,5.991153],[101.107368,5.991859],[101.107521,5.992459],[101.107521,5.993041],[101.106489,5.995229],[101.106623,5.995953],[101.106852,5.996341],[101.107311,5.997682],[101.107234,5.997841],[101.10689,5.998141],[101.106187,6.000026],[101.106222,6.000311],[101.106324,6.0005],[101.106633,6.000753],[101.107558,6.001164],[101.10814,6.001923],[101.108756,6.002493],[101.109031,6.00341],[101.108722,6.005497],[101.109202,6.006003],[101.110675,6.006445],[101.111325,6.006793],[101.112113,6.007869],[101.113004,6.008691],[101.113038,6.008944],[101.112387,6.009292],[101.111051,6.010272],[101.110846,6.011126],[101.110127,6.012074],[101.110058,6.012486],[101.110229,6.013023],[101.110298,6.013719],[101.110161,6.014162],[101.109955,6.014446],[101.109099,6.014826],[101.108756,6.015079],[101.108619,6.015363],[101.108585,6.016154],[101.108414,6.016597],[101.108106,6.01685],[101.108722,6.017545],[101.108996,6.018115],[101.109681,6.018621],[101.110606,6.018937],[101.110846,6.019221],[101.110983,6.019538],[101.111257,6.019822],[101.110846,6.02055],[101.110777,6.020866],[101.111086,6.022415],[101.110983,6.02289],[101.109647,6.02504],[101.109544,6.025514],[101.108996,6.025831],[101.108551,6.026273],[101.108277,6.026716],[101.108174,6.027348],[101.10814,6.029024],[101.10838,6.029657],[101.108756,6.030163],[101.109613,6.030384],[101.110914,6.030574],[101.11136,6.030764],[101.112524,6.031618],[101.112559,6.032661],[101.112833,6.034527],[101.113381,6.035254],[101.113415,6.03576],[101.113723,6.036772],[101.113723,6.037436],[101.113929,6.0381],[101.114408,6.039081],[101.11434,6.039239],[101.112901,6.040504],[101.111942,6.041168],[101.111394,6.041389],[101.109921,6.042496],[101.108859,6.04316],[101.108243,6.043951],[101.107626,6.044583],[101.106393,6.045089],[101.106187,6.045342],[101.106153,6.045595],[101.106427,6.046386],[101.106393,6.047492],[101.105502,6.048378],[101.105057,6.048662],[101.104578,6.048789],[101.103892,6.048694],[101.103344,6.04822],[101.102865,6.048188],[101.101392,6.04901],[101.100433,6.049674],[101.10033,6.050244],[101.100467,6.051287],[101.101666,6.052774],[101.102488,6.053944],[101.102865,6.055178],[101.102899,6.056379],[101.10307,6.056885],[101.10331,6.057296],[101.10355,6.057486],[101.104406,6.057897],[101.10468,6.058846],[101.104612,6.059194],[101.104646,6.05951],[101.104989,6.059921],[101.1054,6.060617],[101.1054,6.060933],[101.105194,6.061154],[101.104715,6.062736],[101.104989,6.063052],[101.105639,6.063495],[101.107421,6.06438],[101.109339,6.064696],[101.109613,6.064886],[101.110092,6.065613],[101.110914,6.066214],[101.111051,6.066436],[101.111086,6.067068],[101.110435,6.068048],[101.110401,6.068396],[101.110435,6.069313],[101.110367,6.069756],[101.110675,6.072191],[101.110641,6.07257],[101.110367,6.073551],[101.110504,6.07393],[101.111531,6.074689],[101.112011,6.075543],[101.112011,6.075922],[101.111497,6.077187],[101.112901,6.078421],[101.113518,6.078294],[101.1141,6.079021],[101.11547,6.079844],[101.115813,6.080603],[101.116121,6.081678],[101.116258,6.083417],[101.116121,6.084524],[101.116155,6.084808],[101.116292,6.08503],[101.116704,6.085314],[101.116943,6.085599],[101.11708,6.085915],[101.11708,6.086579],[101.116806,6.086832],[101.116155,6.088287],[101.116018,6.0899],[101.115231,6.091639],[101.115094,6.092651],[101.115402,6.092841],[101.115744,6.092936],[101.116772,6.093568],[101.119136,6.093821],[101.119478,6.09439],[101.120095,6.094706],[101.120608,6.095086],[101.120985,6.095181],[101.122253,6.095118],[101.123383,6.094643],[101.12376,6.09458],[101.12465,6.094643],[101.125678,6.094928],[101.126466,6.094928],[101.126808,6.095086],[101.12698,6.095339],[101.127254,6.096382],[101.127699,6.097141],[101.127939,6.097837],[101.12787,6.098407],[101.127391,6.099323],[101.126911,6.100019],[101.126843,6.10043],[101.126808,6.10081],[101.127459,6.103023],[101.127459,6.103845],[101.127048,6.104952],[101.126945,6.105869],[101.126637,6.106913],[101.126329,6.107134],[101.124924,6.107545],[101.124513,6.107735],[101.123965,6.108178],[101.123897,6.108399],[101.124411,6.109664],[101.124308,6.110012],[101.123623,6.110613],[101.122527,6.111056],[101.121568,6.11172],[101.121019,6.112226],[101.120848,6.112605],[101.120129,6.113522],[101.119067,6.114503],[101.117971,6.114629],[101.117765,6.114534],[101.117457,6.114123],[101.11708,6.113965],[101.116053,6.113838],[101.115573,6.11368],[101.115265,6.113301],[101.114991,6.113143],[101.114374,6.113016],[101.113484,6.113016],[101.112422,6.113301],[101.112011,6.113554],[101.111634,6.113617],[101.110778,6.113585],[101.110264,6.113712],[101.108928,6.113585],[101.107455,6.112953],[101.106393,6.113143],[101.105879,6.113427],[101.105742,6.11368],[101.105777,6.114123],[101.106325,6.114755],[101.10653,6.115451],[101.106838,6.115767],[101.107318,6.116084],[101.107832,6.116812],[101.108106,6.117571],[101.107935,6.118235],[101.107318,6.118741],[101.106907,6.118899],[101.106667,6.119184],[101.106256,6.120733],[101.105571,6.121998],[101.105503,6.122409],[101.10564,6.1232],[101.105605,6.123548],[101.105057,6.123832],[101.104715,6.124149],[101.103893,6.123516],[101.102865,6.123073],[101.102317,6.123168],[101.101803,6.123453],[101.101426,6.123737],[101.10105,6.124338],[101.100536,6.125919],[101.099851,6.126615],[101.098481,6.127248],[101.097076,6.127216],[101.095809,6.128165],[101.094644,6.128734],[101.094199,6.129082],[101.093445,6.130125],[101.091801,6.131548],[101.09115,6.132466],[101.090636,6.133383],[101.089438,6.134489],[101.089232,6.134489],[101.08889,6.134299],[101.087348,6.133761],[101.086663,6.133698],[101.086252,6.13373],[101.085841,6.133888],[101.085327,6.134267],[101.085019,6.134331],[101.083683,6.134078],[101.081936,6.134236],[101.080532,6.134552],[101.07875,6.135374],[101.07738,6.135754],[101.075805,6.135659],[101.075359,6.135438],[101.07488,6.135406],[101.074434,6.135912],[101.074092,6.136987],[101.073715,6.137651],[101.07303,6.138189],[101.072516,6.138473],[101.072037,6.139169],[101.071797,6.139865],[101.071523,6.140086],[101.069536,6.139991],[101.068371,6.140308],[101.066933,6.140023],[101.066042,6.140402],[101.065631,6.140466],[101.065357,6.140402],[101.065151,6.140118],[101.064843,6.13996],[101.064501,6.140244],[101.064569,6.140466],[101.064432,6.14094],[101.063815,6.141225],[101.06337,6.141256],[101.062993,6.14113],[101.061966,6.140276],[101.061657,6.140213],[101.061452,6.140371],[101.060733,6.140624],[101.059671,6.141225],[101.05902,6.141414],[101.058746,6.141699],[101.058677,6.142269],[101.05878,6.142648],[101.059534,6.143249],[101.059671,6.143534],[101.059397,6.144388],[101.059465,6.144736],[101.059431,6.145147],[101.059808,6.146095],[101.059979,6.146348],[101.05991,6.14676],[101.059979,6.146949],[101.060835,6.147866],[101.060938,6.148151],[101.060904,6.148847],[101.061349,6.149321],[101.061349,6.149606],[101.060801,6.150206],[101.060801,6.150396],[101.061041,6.150744],[101.061349,6.150997],[101.061966,6.151155],[101.062582,6.150997],[101.062959,6.151029],[101.063884,6.151124],[101.064398,6.151377],[101.065083,6.152009],[101.065391,6.152452],[101.065494,6.152894],[101.065665,6.153147],[101.066453,6.15359],[101.067139,6.155772],[101.067584,6.156151],[101.068543,6.156626],[101.068783,6.156847],[101.069228,6.157511],[101.069879,6.15808],[101.070358,6.15865],[101.071009,6.159156],[101.072379,6.159915],[101.072688,6.159788],[101.073099,6.159472],[101.073373,6.159472],[101.074195,6.15982],[101.075291,6.159883],[101.076387,6.160484],[101.07625,6.161116],[101.075942,6.161907],[101.07601,6.162792],[101.075839,6.164532],[101.075291,6.166745],[101.075085,6.167188],[101.074914,6.168105],[101.074948,6.168516],[101.075291,6.169243],[101.075325,6.169496],[101.075188,6.169655],[101.075085,6.169971],[101.075428,6.170793],[101.076284,6.171425],[101.077312,6.171678],[101.078202,6.171678],[101.078682,6.171868],[101.079538,6.172658],[101.080737,6.172975],[101.081114,6.173259],[101.081559,6.173765],[101.081867,6.173955],[101.082998,6.174208],[101.08334,6.174208],[101.084299,6.173987],[101.085327,6.174271],[101.085601,6.174556],[101.085704,6.174935],[101.085704,6.175157],[101.08519,6.175821],[101.085601,6.177149],[101.085772,6.177339],[101.085841,6.177813],[101.085807,6.178224],[101.085601,6.178477],[101.085772,6.178667],[101.086423,6.178604],[101.086971,6.17873],[101.087348,6.17873],[101.088478,6.178224],[101.089095,6.177845],[101.089883,6.177592],[101.09026,6.177275],[101.091424,6.176833],[101.091904,6.176327],[101.09276,6.175884],[101.093205,6.175884],[101.093377,6.175916],[101.094027,6.176675],[101.094267,6.177212],[101.095021,6.177718],[101.095877,6.178509],[101.096117,6.178825],[101.096357,6.179426],[101.096528,6.179616],[101.096699,6.179616],[101.09783,6.179046],[101.098583,6.178793],[101.100673,6.178256],[101.101186,6.178256],[101.102111,6.178446],[101.10355,6.178256],[101.103892,6.178319],[101.104783,6.178762],[101.106393,6.178983],[101.107112,6.179331],[101.107729,6.179268],[101.10814,6.179395],[101.109167,6.180059],[101.110503,6.181229],[101.111291,6.182272],[101.111531,6.182431],[101.111908,6.182589],[101.114614,6.182937],[101.116224,6.183948],[101.117286,6.184423],[101.117628,6.184707],[101.1178,6.184992],[101.117868,6.185435],[101.118074,6.185783],[101.118896,6.186289],[101.120095,6.18651],[101.120334,6.186636],[101.120711,6.187237],[101.121465,6.187648],[101.121876,6.188819],[101.122184,6.189071],[101.122561,6.189135],[101.122938,6.189577],[101.12328,6.190052],[101.123417,6.190937],[101.123863,6.191412],[101.124411,6.191854],[101.126123,6.192297],[101.126432,6.192423],[101.126671,6.192645],[101.126877,6.193245],[101.12698,6.193878],[101.126911,6.194289],[101.12626,6.194953],[101.12561,6.195301],[101.125267,6.195775],[101.125164,6.19625],[101.124959,6.196629],[101.123863,6.197641],[101.123486,6.19821],[101.123314,6.198938],[101.123349,6.199222],[101.123589,6.199475],[101.123691,6.199791],[101.123657,6.200108],[101.123177,6.20055],[101.122664,6.200803],[101.122321,6.201278],[101.122013,6.201468],[101.121705,6.201594],[101.121088,6.201436],[101.120711,6.201436],[101.120403,6.201531],[101.118313,6.203175],[101.117731,6.20327],[101.117251,6.203049],[101.116361,6.203049],[101.116053,6.203175],[101.11571,6.203523],[101.115436,6.204061],[101.115333,6.204345],[101.115676,6.204915],[101.115984,6.205673],[101.115984,6.206464],[101.116087,6.206812],[101.116292,6.207065],[101.116429,6.207476],[101.116669,6.207856],[101.117115,6.207951],[101.117697,6.208362],[101.117971,6.209184],[101.118142,6.210165],[101.118725,6.210892],[101.118725,6.211082],[101.118553,6.211461],[101.118793,6.211967],[101.119067,6.212284],[101.118999,6.212442],[101.118142,6.213169],[101.1178,6.213612],[101.117492,6.214181],[101.117355,6.214782],[101.11708,6.215161],[101.116909,6.215288],[101.11643,6.215319],[101.11619,6.215857],[101.115573,6.216584],[101.115402,6.216932],[101.115334,6.217248],[101.115368,6.217754],[101.115813,6.218703],[101.116224,6.220126],[101.116156,6.220505],[101.115334,6.22177],[101.114923,6.22196],[101.114477,6.222023],[101.113655,6.22196],[101.113244,6.222276],[101.113141,6.222529],[101.113381,6.223889],[101.113587,6.226039],[101.113484,6.226514],[101.113381,6.226672],[101.112593,6.227178],[101.111668,6.227526],[101.110983,6.227684],[101.110641,6.227968],[101.110607,6.228348],[101.110709,6.228981],[101.110504,6.230435],[101.110435,6.232017],[101.11023,6.232301],[101.109168,6.233155],[101.108346,6.233977],[101.108106,6.23461],[101.107935,6.234831],[101.107901,6.235432],[101.107627,6.235938],[101.10701,6.236286],[101.106256,6.236887],[101.105743,6.237045],[101.105366,6.237456],[101.105195,6.237962],[101.105092,6.238594],[101.10516,6.239227],[101.105366,6.239954],[101.105743,6.24046],[101.107558,6.242167],[101.107866,6.242578],[101.107866,6.243179],[101.108038,6.244128],[101.108483,6.244539],[101.109134,6.245646],[101.109442,6.246436],[101.109682,6.246753],[101.110024,6.247006],[101.111189,6.247512],[101.111429,6.247701],[101.111463,6.248713],[101.111634,6.249346],[101.111888,6.249942],[101.112503,6.250997],[101.112533,6.251349],[101.112415,6.251647],[101.112122,6.251863],[101.111038,6.252025],[101.108956,6.251538],[101.108165,6.251565],[101.107168,6.252052],[101.106758,6.252404],[101.105996,6.25281],[101.105674,6.253162],[101.105205,6.253378],[101.102801,6.253838],[101.102274,6.254109],[101.101922,6.254488],[101.100984,6.256436],[101.100544,6.257059],[101.099841,6.257248],[101.099284,6.257275],[101.098609,6.257492],[101.098287,6.257816],[101.097759,6.258655],[101.096909,6.259467],[101.095356,6.260333],[101.094945,6.260441],[101.0943,6.260441],[101.090314,6.259846],[101.089405,6.260144],[101.088995,6.260198],[101.088702,6.260144],[101.088409,6.259954],[101.087998,6.259413],[101.08709,6.259115],[101.085566,6.259088],[101.082986,6.259575],[101.082429,6.259629],[101.082077,6.259548],[101.081579,6.259413],[101.080407,6.258547],[101.077827,6.256896],[101.07601,6.256111],[101.075658,6.255706],[101.074925,6.255435],[101.074515,6.255489],[101.07431,6.255597],[101.074105,6.255841],[101.073665,6.256571],[101.07343,6.25741],[101.073255,6.257735],[101.072698,6.257925],[101.072228,6.257952],[101.070821,6.2576],[101.070147,6.257302],[101.06959,6.256951],[101.069092,6.256491],[101.068711,6.256301],[101.067216,6.255814],[101.066923,6.255814],[101.066454,6.256166],[101.066307,6.256409],[101.066278,6.256951],[101.066366,6.257356],[101.065867,6.258439],[101.065516,6.258682],[101.064021,6.259359],[101.063581,6.259305],[101.063288,6.25917],[101.063053,6.25871],[101.06279,6.258493],[101.062086,6.258277],[101.0615,6.257979],[101.060972,6.257356],[101.060503,6.256247],[101.059976,6.253622],[101.059683,6.253487],[101.059214,6.253541],[101.058745,6.25373],[101.057719,6.25438],[101.05681,6.254623],[101.055813,6.25484],[101.053937,6.255029],[101.050889,6.254596],[101.049453,6.254163],[101.048573,6.253757],[101.047518,6.252702],[101.047254,6.252269],[101.047137,6.25189],[101.046522,6.251187],[101.046082,6.25097],[101.045203,6.250781],[101.04488,6.250591],[101.044675,6.250321],[101.04447,6.24978],[101.04362,6.249698],[101.043327,6.249563],[101.04277,6.248886],[101.042096,6.248616],[101.041773,6.248751],[101.041568,6.249238],[101.041275,6.249536],[101.040982,6.249671],[101.040308,6.249536],[101.040044,6.249401],[101.03934,6.248724],[101.03852,6.248589],[101.037464,6.247993],[101.037201,6.247615],[101.036849,6.247344],[101.035969,6.246938],[101.035764,6.246478],[101.0355,6.246262],[101.03509,6.246126],[101.034152,6.246235],[101.033595,6.246126],[101.033302,6.24591],[101.033038,6.245396],[101.032247,6.244746],[101.031983,6.244421],[101.031631,6.244259],[101.031045,6.244394],[101.030283,6.244448],[101.028612,6.244421],[101.028055,6.244584],[101.027908,6.244773],[101.027733,6.245477],[101.026853,6.247263],[101.026619,6.247425],[101.025739,6.24756],[101.025182,6.247939],[101.024801,6.248345],[101.023599,6.24913],[101.022134,6.249563],[101.021401,6.249671],[101.021108,6.249671],[101.020756,6.248941],[101.020111,6.248372],[101.019994,6.248075],[101.020053,6.247479],[101.019994,6.247019],[101.019672,6.246559],[101.019115,6.246424],[101.018499,6.246397],[101.017883,6.246749],[101.016828,6.246965],[101.016564,6.246938],[101.016388,6.246749],[101.015949,6.246532],[101.015275,6.246667],[101.014806,6.246803],[101.014454,6.247209],[101.01249,6.248778],[101.012343,6.249482],[101.012431,6.250456],[101.012373,6.251241],[101.011845,6.251783],[101.010907,6.252134],[101.010673,6.252405],[101.010174,6.253433],[101.010086,6.254327],[101.010174,6.25522],[101.010292,6.255626],[101.010174,6.255842],[101.009764,6.255923],[101.008679,6.255815],[101.007829,6.255869],[101.007653,6.256032],[101.006921,6.257168],[101.00566,6.257683],[101.004634,6.25844],[101.004195,6.259009],[101.003579,6.260308],[101.003345,6.260497],[101.002583,6.260389],[101.001498,6.259848],[101.001117,6.259902],[101.000795,6.260064],[100.999915,6.260849],[100.999182,6.261228],[100.997775,6.26166],[100.997453,6.261904],[100.997277,6.262635],[100.996984,6.262743],[100.996632,6.262581],[100.99631,6.262608],[100.995635,6.263176],[100.995225,6.263365],[100.994668,6.263365],[100.993935,6.263149],[100.993701,6.263257],[100.993027,6.26507],[100.992763,6.265638],[100.992528,6.265909],[100.992147,6.265936],[100.991737,6.265828],[100.991121,6.265882],[100.990212,6.266126],[100.989685,6.266369],[100.989568,6.266559],[100.989362,6.267343],[100.988776,6.267722],[100.988424,6.26829],[100.988278,6.269589],[100.988337,6.270076],[100.988044,6.27078],[100.98778,6.27105],[100.987223,6.271375],[100.98693,6.272052],[100.986783,6.272755],[100.986197,6.273621],[100.985992,6.274406],[100.985728,6.274676],[100.985024,6.275137],[100.984526,6.276084],[100.984409,6.276787],[100.984409,6.277599],[100.984643,6.278411],[100.984409,6.278736],[100.984145,6.278844],[100.983295,6.278546],[100.982797,6.278465],[100.98224,6.278492],[100.981888,6.278627],[100.981331,6.279223],[100.980364,6.279926],[100.979602,6.279926],[100.978517,6.280143],[100.97711,6.279493],[100.976172,6.27971],[100.975615,6.280143],[100.97412,6.280413],[100.973358,6.280901],[100.973036,6.281198],[100.972567,6.282308],[100.971834,6.282876],[100.971189,6.283038],[100.970222,6.283011],[100.968991,6.283147],[100.968229,6.283065],[100.967525,6.282876],[100.967086,6.282632],[100.96691,6.282172],[100.966968,6.281036],[100.967115,6.280738],[100.967848,6.280089],[100.968141,6.279575],[100.968375,6.278871],[100.967789,6.278276],[100.96773,6.278086],[100.967906,6.277572],[100.967965,6.276679],[100.967818,6.274974],[100.966323,6.273621],[100.965825,6.272566],[100.96562,6.272322],[100.963802,6.272024],[100.963333,6.271808],[100.96222,6.271564],[100.961809,6.271321],[100.960109,6.271077],[100.95964,6.270807],[100.959406,6.270347],[100.959288,6.26986],[100.95923,6.268831],[100.959113,6.268642],[100.958057,6.268804],[100.957149,6.268804],[100.956709,6.268912],[100.956328,6.269129],[100.956123,6.269102],[100.955771,6.267776],[100.955859,6.266937],[100.9558,6.266423],[100.955624,6.266044],[100.95495,6.265584],[100.954276,6.265449],[100.953602,6.265016],[100.95325,6.26488],[100.95196,6.264826],[100.95111,6.264934],[100.9507,6.26488],[100.950084,6.264583],[100.949322,6.264339],[100.948736,6.264204],[100.947798,6.264205],[100.947299,6.264123],[100.947036,6.263988],[100.946948,6.263663],[100.946948,6.262013],[100.947124,6.260741],[100.947065,6.260227],[100.946596,6.258684],[100.946303,6.258116],[100.94601,6.256979],[100.946186,6.255843],[100.947387,6.253164],[100.947593,6.252298],[100.947036,6.250647],[100.946332,6.249727],[100.945511,6.249348],[100.94513,6.249267],[100.944837,6.24905],[100.944837,6.248753],[100.945511,6.246425],[100.945541,6.245749],[100.945511,6.245343],[100.944867,6.24353],[100.944661,6.243286],[100.943929,6.243043],[100.942522,6.242745],[100.941906,6.242637],[100.941261,6.242664],[100.940587,6.242907],[100.94003,6.243259],[100.939561,6.243719],[100.939033,6.244017],[100.938711,6.244098],[100.938095,6.243963],[100.936893,6.243259],[100.935926,6.243043],[100.935369,6.24307],[100.934578,6.243313],[100.934109,6.24353],[100.93361,6.243882],[100.933112,6.244017],[100.931441,6.243313],[100.930943,6.243232],[100.930298,6.243313],[100.9298,6.243421],[100.929272,6.243909],[100.927983,6.24472],[100.925667,6.244558],[100.922736,6.244937],[100.922267,6.245072],[100.919863,6.246912],[100.917811,6.248103],[100.917401,6.248157],[100.916785,6.247887],[100.916404,6.247616],[100.915437,6.245911],[100.915144,6.245776],[100.913503,6.245505],[100.912682,6.24491],[100.912447,6.24445],[100.912154,6.242474],[100.911891,6.242068],[100.911451,6.241689],[100.91107,6.241446],[100.910777,6.241392],[100.909047,6.241662],[100.908666,6.241554],[100.908256,6.240986],[100.907288,6.240255],[100.906995,6.239876],[100.907142,6.239092],[100.907523,6.238144],[100.907435,6.23736],[100.90723,6.236981],[100.906732,6.236602],[100.90635,6.236142],[100.903742,6.233598],[100.903361,6.233544],[100.902628,6.233679],[100.900928,6.234464],[100.900312,6.234545],[100.899609,6.234518],[100.898934,6.234653],[100.898231,6.235032],[100.897557,6.235574],[100.897264,6.236007],[100.896883,6.237116],[100.896531,6.237603],[100.895974,6.238171],[100.8953,6.238604],[100.893746,6.239281],[100.893189,6.239443],[100.892808,6.239687],[100.89272,6.240174],[100.892779,6.243801],[100.892662,6.244558],[100.892515,6.244829],[100.892456,6.245235],[100.892544,6.246128],[100.892749,6.24648],[100.892779,6.247319],[100.892662,6.248131],[100.892427,6.248401],[100.892134,6.249294],[100.891899,6.249511],[100.891401,6.2497],[100.890786,6.249808],[100.889554,6.249889],[100.887649,6.249538],[100.887033,6.249592],[100.886066,6.249944],[100.88592,6.250187],[100.885304,6.252163],[100.885246,6.253272],[100.885099,6.253516],[100.884864,6.254544],[100.88463,6.254761],[100.884044,6.255058],[100.883692,6.255085],[100.882988,6.254869],[100.882138,6.25449],[100.881669,6.254463],[100.880614,6.254652],[100.880262,6.254869],[100.880028,6.255383],[100.87953,6.256032],[100.879002,6.256276],[100.878005,6.256465],[100.877624,6.256682],[100.876716,6.25771],[100.875953,6.258197],[100.875865,6.258549],[100.875895,6.259036],[100.875514,6.259794],[100.875426,6.26047],[100.87569,6.261093],[100.87569,6.261336],[100.875162,6.262392],[100.875045,6.263393],[100.874869,6.263447],[100.874195,6.263393],[100.873843,6.263528],[100.872758,6.26407],[100.872348,6.264557],[100.870941,6.263988],[100.870765,6.263826],[100.870853,6.263231],[100.870384,6.261634],[100.870706,6.260713],[100.87056,6.260388],[100.869798,6.26028],[100.869563,6.260145],[100.869446,6.259874],[100.869329,6.259279],[100.869329,6.258629],[100.869593,6.257818],[100.869387,6.257033],[100.869387,6.25595],[100.869505,6.255382],[100.869534,6.254381],[100.869651,6.25365],[100.869915,6.252974],[100.869827,6.25273],[100.869387,6.252297],[100.868684,6.251404],[100.868537,6.251079],[100.868449,6.249997],[100.868127,6.249375],[100.867599,6.248752],[100.867453,6.247968],[100.867218,6.247508],[100.866104,6.246155],[100.865899,6.245614],[100.865929,6.24464],[100.866134,6.244207],[100.866573,6.243638],[100.867013,6.243232],[100.870091,6.241203],[100.870443,6.240635],[100.870355,6.240418],[100.869856,6.239769],[100.866925,6.238416],[100.866398,6.23801],[100.862821,6.236819],[100.860183,6.235466],[100.859919,6.235222],[100.859832,6.234979],[100.85904,6.233788],[100.858659,6.233328],[100.857574,6.232543],[100.855669,6.232056],[100.854995,6.231786],[100.854614,6.231732],[100.853676,6.231894],[100.853324,6.232137],[100.852357,6.233166],[100.851038,6.234302],[100.850774,6.235601],[100.850188,6.236575],[100.849367,6.237523],[100.848546,6.240337],[100.848341,6.240743],[100.847637,6.241365],[100.847696,6.242421],[100.847608,6.243341],[100.846963,6.245641],[100.846758,6.245857],[100.846582,6.246777],[100.846465,6.24694],[100.846113,6.247075],[100.84585,6.247697],[100.845762,6.248319],[100.845557,6.24859],[100.844648,6.249212],[100.844091,6.249835],[100.844091,6.250105],[100.84456,6.250701],[100.844912,6.25089],[100.84497,6.251079],[100.844355,6.251621],[100.844179,6.251891],[100.844091,6.252216],[100.844179,6.252649],[100.84456,6.253055],[100.844648,6.253677],[100.844267,6.254624],[100.844267,6.254841],[100.844443,6.255274],[100.845322,6.256383],[100.845586,6.256546],[100.846114,6.256681],[100.846436,6.257168],[100.846407,6.257412],[100.846201,6.257628],[100.845703,6.258575],[100.84585,6.259144],[100.845527,6.259712],[100.844267,6.260767],[100.844238,6.26093],[100.844472,6.261308],[100.845117,6.261796],[100.845088,6.262201],[100.845205,6.262635],[100.845146,6.262933],[100.844062,6.26388],[100.84371,6.26461],[100.843681,6.26507],[100.843593,6.265179],[100.843124,6.265368],[100.843006,6.265557],[100.843065,6.266045],[100.842977,6.266559],[100.84242,6.267533],[100.842567,6.268507],[100.842801,6.269211],[100.842625,6.269914],[100.842127,6.270834],[100.841775,6.271159],[100.841306,6.271376],[100.840955,6.271917],[100.840749,6.273865],[100.840251,6.274596],[100.840134,6.274894],[100.839489,6.275624],[100.839108,6.276653],[100.839225,6.27787],[100.838991,6.278412],[100.838961,6.278818],[100.838844,6.279142],[100.838258,6.279494],[100.838111,6.279738],[100.838551,6.280928],[100.83861,6.282173],[100.838522,6.28239],[100.837965,6.282796],[100.837115,6.283256],[100.836646,6.283364],[100.836499,6.284122],[100.83606,6.285069],[100.835356,6.285475],[100.835239,6.285718],[100.835268,6.286232],[100.835766,6.287504],[100.835327,6.288127],[100.834946,6.288316],[100.83477,6.288533],[100.834711,6.28883],[100.834741,6.289101],[100.834916,6.28929],[100.836177,6.290183],[100.836529,6.290616],[100.836646,6.290968],[100.83647,6.291753],[100.836499,6.292456],[100.835942,6.292673],[100.835825,6.292862],[100.83562,6.293349],[100.835473,6.293485],[100.835503,6.294242],[100.835239,6.294513],[100.835004,6.294946],[100.834916,6.295433],[100.834975,6.296083],[100.835151,6.296543],[100.835679,6.297084],[100.836118,6.2973],[100.836323,6.29749],[100.836822,6.299222],[100.837027,6.299546],[100.837642,6.300115],[100.838991,6.300548],[100.83943,6.300548],[100.840398,6.300142],[100.840749,6.300088],[100.841122,6.300242],[100.841306,6.300412],[100.841541,6.300764],[100.8415,6.301415],[100.84201,6.302361],[100.842039,6.302631],[100.841951,6.303687],[100.841775,6.304147],[100.841834,6.306339],[100.841922,6.306636],[100.842391,6.307096],[100.842772,6.307935],[100.845117,6.309234],[100.846641,6.309369],[100.847521,6.309559],[100.848019,6.309424],[100.849309,6.308666],[100.849719,6.308558],[100.849924,6.30872],[100.849983,6.308991],[100.849865,6.309315],[100.849484,6.309802],[100.849309,6.310208],[100.848986,6.3124],[100.849162,6.312752],[100.848898,6.31332],[100.848869,6.313699],[100.848927,6.313997],[100.849133,6.314295],[100.849133,6.314646],[100.848869,6.31535],[100.848341,6.315458],[100.848077,6.315404],[100.847579,6.315594],[100.846758,6.316162],[100.846407,6.316893],[100.845674,6.317515],[100.845527,6.317894],[100.844267,6.319626],[100.843827,6.319842],[100.8433,6.320411],[100.842625,6.320952],[100.842215,6.321574],[100.841951,6.321791],[100.84072,6.322197],[100.840398,6.322602],[100.840134,6.323225],[100.840456,6.32355],[100.840603,6.323928],[100.840163,6.325282],[100.840691,6.32723],[100.84028,6.327934],[100.839372,6.328583],[100.839284,6.328962],[100.839255,6.329962],[100.838991,6.330368],[100.838551,6.330774],[100.838434,6.331072],[100.838434,6.332019],[100.838141,6.332641],[100.837936,6.333832],[100.837467,6.334752],[100.836734,6.335429],[100.836235,6.336213],[100.836235,6.336484],[100.836001,6.337323],[100.835972,6.33781],[100.835766,6.338622],[100.835591,6.338947],[100.835034,6.339569],[100.83433,6.341003],[100.833685,6.342032],[100.833011,6.342437],[100.832484,6.343168],[100.831868,6.344386],[100.831428,6.345549],[100.830783,6.346388],[100.830519,6.346605],[100.830256,6.346659],[100.83005,6.346605],[100.829992,6.346442],[100.829669,6.346469],[100.828731,6.347444],[100.828233,6.3495],[100.828526,6.35042],[100.828497,6.350637],[100.828262,6.350962],[100.827911,6.352098],[100.827764,6.352288],[100.827178,6.352423],[100.826093,6.354128],[100.825126,6.354804],[100.824979,6.354967],[100.824862,6.355372],[100.824657,6.355481],[100.824012,6.355291],[100.823397,6.355372],[100.822547,6.35521],[100.821814,6.356482],[100.821755,6.356834],[100.821784,6.358864],[100.822546,6.360623],[100.822517,6.361326],[100.822429,6.361624],[100.822664,6.362571],[100.822605,6.362869],[100.822341,6.363247],[100.822195,6.363897],[100.822136,6.364249],[100.822253,6.365304],[100.82196,6.366468],[100.821491,6.366928],[100.820729,6.368362],[100.820758,6.369445],[100.820905,6.369743],[100.821345,6.369878],[100.821784,6.370149],[100.822077,6.370446],[100.822165,6.370717],[100.822136,6.370988],[100.821257,6.372584],[100.821139,6.37391],[100.821169,6.374343],[100.821755,6.375155],[100.822077,6.376319],[100.822224,6.376508],[100.822605,6.376752],[100.82284,6.377185],[100.823015,6.378727],[100.823572,6.379809],[100.824071,6.380378],[100.824246,6.382136],[100.824276,6.384409],[100.824217,6.38468],[100.823103,6.38533],[100.82281,6.385546],[100.822605,6.385817],[100.822546,6.386141],[100.822693,6.387359],[100.822634,6.38993],[100.822283,6.390904],[100.821814,6.391418],[100.821784,6.391635],[100.821814,6.392176],[100.822019,6.39269],[100.822195,6.393719],[100.822253,6.395017],[100.822019,6.395288],[100.82155,6.397426],[100.821374,6.397696],[100.821374,6.397967],[100.821491,6.398211],[100.821462,6.398562],[100.821257,6.399158],[100.821491,6.399753],[100.82155,6.400836],[100.821403,6.401404],[100.82152,6.401918],[100.821696,6.402162],[100.822605,6.402892],[100.823865,6.403758],[100.823983,6.404056],[100.8241,6.405003],[100.823895,6.406113],[100.823865,6.406654],[100.823924,6.40687],[100.82366,6.407655],[100.823221,6.408602],[100.822019,6.409982],[100.821784,6.412526],[100.821872,6.414096],[100.821814,6.414718],[100.821374,6.415422],[100.821198,6.416288],[100.820876,6.416829],[100.820612,6.417587],[100.819938,6.418453],[100.819703,6.4194],[100.819176,6.419968],[100.818765,6.421213],[100.817592,6.422079],[100.816479,6.422701],[100.81601,6.423323],[100.81601,6.423621],[100.816449,6.424676],[100.816537,6.425732],[100.816742,6.426544],[100.816742,6.427058],[100.816215,6.427166],[100.815892,6.427355],[100.814837,6.428411],[100.81472,6.428817],[100.814691,6.430007],[100.814603,6.430197],[100.81428,6.43044],[100.814104,6.430684],[100.814397,6.431848],[100.814984,6.432308],[100.815423,6.432957],[100.815042,6.434391],[100.814749,6.435041],[100.814456,6.435311],[100.813372,6.435799],[100.813078,6.436096],[100.812991,6.436313],[100.812961,6.436556],[100.813254,6.437152],[100.813401,6.438451],[100.813342,6.438748],[100.812404,6.439993],[100.812316,6.440237],[100.812375,6.440697],[100.812785,6.441102],[100.81258,6.442185],[100.811642,6.443646],[100.810528,6.444512],[100.809942,6.444485],[100.808535,6.443998],[100.807714,6.443809],[100.807451,6.443917],[100.807245,6.444215],[100.806923,6.444485],[100.806219,6.444891],[100.80578,6.445053],[100.80493,6.445162],[100.803523,6.446001],[100.80323,6.446082],[100.802966,6.446055],[100.802643,6.445973],[100.802262,6.445757],[100.802087,6.445757],[100.801911,6.445838],[100.801588,6.446271],[100.801383,6.446352],[100.800621,6.446352],[100.799067,6.446623],[100.798774,6.446948],[100.798452,6.447029],[100.797309,6.447083],[100.796693,6.447434],[100.795873,6.447624],[100.794935,6.447407],[100.7947,6.447488],[100.794436,6.44784],[100.794114,6.447975],[100.79385,6.448003],[100.793147,6.447813],[100.792854,6.447813],[100.792648,6.447894],[100.792502,6.448057],[100.791534,6.448327],[100.791476,6.448679],[100.791036,6.449166],[100.790303,6.449383],[100.789805,6.44968],[100.789248,6.450303],[100.789277,6.451629],[100.789131,6.452008],[100.789043,6.452711],[100.788955,6.452846],[100.788603,6.452955],[100.787812,6.453577],[100.787694,6.453821],[100.787694,6.454064],[100.787284,6.454497],[100.78705,6.454632],[100.786082,6.454497],[100.785672,6.454281],[100.785174,6.453875],[100.784206,6.453848],[100.782184,6.454335],[100.781773,6.454524],[100.781715,6.455147],[100.782389,6.456418],[100.78148,6.457041],[100.780777,6.457014],[100.78022,6.458421],[100.778989,6.45972],[100.778315,6.461317],[100.777259,6.461993],[100.776702,6.462751],[100.776614,6.462994],[100.776497,6.463048],[100.776292,6.46267],[100.776263,6.462318],[100.774914,6.460207],[100.774181,6.45972],[100.772599,6.45769],[100.772276,6.457528],[100.772042,6.457176],[100.771631,6.456824],[100.770986,6.456581],[100.770195,6.456473],[100.769697,6.455715],[100.768964,6.455309],[100.76785,6.455255],[100.767293,6.455038],[100.765974,6.455174],[100.765534,6.455525],[100.765358,6.45585],[100.764215,6.455769],[100.763893,6.455796],[100.763072,6.456121],[100.762134,6.456013],[100.761782,6.456094],[100.760229,6.45677],[100.759818,6.457122],[100.759437,6.45723],[100.759027,6.457203],[100.758734,6.456689],[100.758206,6.456229],[100.758001,6.455877],[100.757854,6.455742],[100.757737,6.455742],[100.75759,6.455823],[100.757356,6.456175],[100.756154,6.457474],[100.755832,6.457474],[100.755275,6.457149],[100.754366,6.457122],[100.753545,6.457474],[100.753164,6.457799],[100.752373,6.459043],[100.751699,6.459801],[100.750995,6.460369],[100.750526,6.460992],[100.75035,6.461587],[100.750174,6.461804],[100.749959,6.462048],[100.749566,6.462187],[100.748685,6.462931],[100.747317,6.464574],[100.747261,6.466097],[100.746773,6.46646],[100.746586,6.46736],[100.746192,6.468069],[100.746043,6.468225],[100.745612,6.468363],[100.745049,6.468831],[100.744693,6.469505],[100.743925,6.47037],[100.7437,6.470871],[100.7437,6.471114],[100.743925,6.471667],[100.743944,6.471961],[100.743681,6.472463],[100.743306,6.472913],[100.743213,6.47338],[100.743587,6.47428],[100.743625,6.47492],[100.744037,6.476183],[100.743962,6.476443],[100.743306,6.477187],[100.743213,6.477637],[100.743213,6.478191],[100.743306,6.478588],[100.743681,6.479246],[100.743737,6.479592],[100.743194,6.481045],[100.743081,6.48172],[100.742725,6.482152],[100.742669,6.48236],[100.742763,6.483277],[100.742688,6.484004],[100.742201,6.484402],[100.741151,6.485007],[100.741001,6.485423],[100.739989,6.486478],[100.73997,6.486911],[100.740102,6.487862],[100.740045,6.488173],[100.739821,6.488433],[100.73924,6.488866],[100.739183,6.489108],[100.739258,6.489713],[100.739127,6.490492],[100.739127,6.490751],[100.739221,6.490942],[100.739071,6.49134],[100.73909,6.491599],[100.739371,6.492066],[100.740083,6.492637],[100.740364,6.492949],[100.740945,6.493866],[100.742201,6.495163],[100.742201,6.495648],[100.741845,6.496236],[100.741976,6.496928],[100.742051,6.497188],[100.743363,6.497914],[100.743513,6.498105],[100.743587,6.498329],[100.74355,6.499125],[100.743625,6.500371],[100.743569,6.500613],[100.7434,6.500786],[100.742051,6.501132],[100.741882,6.501271],[100.741582,6.501998],[100.741395,6.502863],[100.740907,6.503451],[100.740907,6.503797],[100.741245,6.505492],[100.741076,6.506409],[100.741114,6.506911],[100.741039,6.507049],[100.740495,6.507465],[100.739877,6.507534],[100.738808,6.508728],[100.738827,6.509523],[100.73864,6.510354],[100.73849,6.510423],[100.738302,6.510388],[100.736972,6.509991],[100.736297,6.509904],[100.735941,6.509904],[100.734966,6.510423],[100.73461,6.510406],[100.734385,6.510302],[100.734086,6.508606],[100.733992,6.508312],[100.733748,6.508105],[100.733673,6.507914],[100.733655,6.507361],[100.733392,6.506703],[100.73328,6.505769],[100.733167,6.505579],[100.732811,6.50544],[100.731762,6.505613],[100.731181,6.505458],[100.730562,6.505458],[100.730356,6.505354],[100.730431,6.504783],[100.7309,6.503485],[100.731537,6.502811],[100.731593,6.502344],[100.731387,6.501946],[100.731387,6.50179],[100.731087,6.501479],[100.730431,6.501219],[100.729625,6.501029],[100.729325,6.500769],[100.729569,6.500492],[100.729888,6.500319],[100.730263,6.499818],[100.730656,6.49897],[100.730694,6.498641],[100.7306,6.497862],[100.730844,6.497378],[100.73075,6.497118],[100.730038,6.496703],[100.729963,6.496496],[100.72942,6.495769],[100.729326,6.495146],[100.729195,6.495025],[100.727714,6.494766],[100.726533,6.495181],[100.725952,6.495112],[100.72554,6.494973],[100.725109,6.494973],[100.72391,6.495337],[100.723704,6.495354],[100.723441,6.495216],[100.722841,6.494437],[100.721923,6.492984],[100.721548,6.492118],[100.720461,6.491271],[100.720236,6.490838],[100.720068,6.487689],[100.719955,6.487481],[100.719599,6.48743],[100.719674,6.486616],[100.718887,6.485544],[100.717875,6.485232],[100.716189,6.483865],[100.715776,6.483848],[100.715158,6.483554],[100.714615,6.483069],[100.714408,6.482447],[100.714221,6.482291],[100.712703,6.482066],[100.712216,6.481772],[100.711766,6.480249],[100.71126,6.479696],[100.711129,6.479419],[100.711054,6.47826],[100.71096,6.477948],[100.710679,6.477447],[100.710465,6.476796],[100.710283,6.476612],[100.710281,6.476433],[100.710046,6.475968],[100.710084,6.474921],[100.709592,6.47428],[100.709554,6.473744],[100.709835,6.473104],[100.709873,6.472844],[100.709704,6.471495],[100.709385,6.470872],[100.708397,6.470433],[100.707699,6.470353],[100.706612,6.470526],[100.705919,6.470785],[100.70559,6.470997],[100.704371,6.470391],[100.703524,6.469774],[100.703417,6.469767],[100.703269,6.469843],[100.702895,6.469835],[100.701734,6.470239],[100.701224,6.470528],[100.700243,6.470503],[100.699458,6.47068],[100.698915,6.471234],[100.698752,6.471325],[100.698661,6.471266],[100.698679,6.47138],[100.698583,6.471414],[100.697836,6.47092],[100.697421,6.470542],[100.697146,6.46973],[100.697499,6.468841],[100.697328,6.468376],[100.697328,6.468049],[100.697465,6.467346],[100.697666,6.46697],[100.697589,6.466687],[100.697634,6.466101],[100.697555,6.466054],[100.696732,6.46585],[100.695897,6.465826],[100.695594,6.465709],[100.695443,6.465612],[100.695503,6.465317],[100.695312,6.465093],[100.695116,6.464963],[100.694118,6.464672],[100.693751,6.4643],[100.693663,6.464453],[100.6926,6.465383],[100.690661,6.465155],[100.690483,6.465047],[100.68984,6.465151],[100.688996,6.464868],[100.687459,6.465283],[100.686672,6.465145],[100.686466,6.464903],[100.685716,6.463761],[100.685735,6.463536],[100.685923,6.463259],[100.686279,6.463086],[100.686691,6.462533],[100.686578,6.461892],[100.686503,6.461668],[100.685848,6.461373],[100.685342,6.460664],[100.684854,6.460266],[100.684686,6.459107],[100.684461,6.458276],[100.684517,6.457861],[100.684461,6.457446],[100.683917,6.456702],[100.683898,6.456511],[100.684648,6.455266],[100.684967,6.454384],[100.684892,6.453847],[100.684742,6.453657],[100.684404,6.453501],[100.68343,6.453259],[100.682268,6.453224],[100.6806,6.45338],[100.680132,6.453536],[100.679326,6.454038],[100.679101,6.454072],[100.678576,6.453968],[100.678164,6.453657],[100.677958,6.45338],[100.677601,6.453259],[100.677152,6.45319],[100.676008,6.453224],[100.675652,6.453069],[100.674903,6.452982],[100.674434,6.452792],[100.673703,6.452688],[100.67316,6.452221],[100.672466,6.451892],[100.670667,6.451633],[100.669787,6.451875],[100.669449,6.451857],[100.668756,6.45146],[100.666901,6.451131],[100.666451,6.451183],[100.666189,6.451425],[100.665851,6.451477],[100.665102,6.451079],[100.664446,6.450491],[100.664165,6.450508],[100.662366,6.451027],[100.662141,6.450992],[100.661803,6.45075],[100.660998,6.449764],[100.65976,6.448899],[100.659161,6.448293],[100.658448,6.447895],[100.658167,6.447618],[100.65723,6.446477],[100.656462,6.445179],[100.654326,6.443847],[100.653688,6.443276],[100.652939,6.442757],[100.652583,6.442584],[100.652058,6.442584],[100.651796,6.442635],[100.651533,6.442843],[100.651365,6.44312],[100.651271,6.443431],[100.65129,6.44421],[100.651102,6.444763],[100.65039,6.44575],[100.649341,6.446424],[100.649022,6.446528],[100.647561,6.446321],[100.646567,6.446321],[100.646249,6.446494],[100.645968,6.446788],[100.645893,6.446995],[100.646061,6.448051],[100.645649,6.448639],[100.645105,6.448899],[100.644524,6.449002],[100.643363,6.448916],[100.642557,6.450006],[100.642688,6.450438],[100.644056,6.450958],[100.644431,6.451304],[100.645986,6.453311],[100.646099,6.453709],[100.646024,6.455006],[100.64653,6.455612],[100.646792,6.456252],[100.646586,6.456979],[100.646511,6.458172],[100.646324,6.458397],[100.645705,6.458657],[100.643587,6.458536],[100.642838,6.45857],[100.642482,6.458536],[100.641001,6.457965],[100.640326,6.457878],[100.639108,6.457965],[100.638752,6.458207],[100.637178,6.458172],[100.635754,6.457965],[100.635154,6.457965],[100.632118,6.458363],[100.631668,6.458484],[100.630338,6.457792],[100.629494,6.457999],[100.628201,6.458034],[100.627676,6.458017],[100.626252,6.457774],[100.623385,6.458985],[100.622991,6.459072],[100.621942,6.459003],[100.621698,6.459055],[100.620105,6.459764],[100.619056,6.459816],[100.618363,6.459712],[100.617838,6.459833],[100.617444,6.460318],[100.615514,6.461131],[100.614727,6.461563],[100.614014,6.462134],[100.613846,6.462394],[100.613808,6.462774],[100.613902,6.464972],[100.613827,6.465837],[100.61364,6.466079],[100.612646,6.466546],[100.612084,6.466685],[100.611709,6.466944],[100.610098,6.468796],[100.609199,6.469211],[100.608974,6.46973],[100.608842,6.470716],[100.608261,6.471893],[100.608093,6.472083],[100.607381,6.472014],[100.606294,6.471668],[100.6059,6.47165],[100.605132,6.471806],[100.604551,6.471772],[100.604157,6.471426],[100.603989,6.471045],[100.603989,6.470889],[100.604251,6.470664],[100.604382,6.47037],[100.604063,6.469834],[100.60397,6.469211],[100.60337,6.468709],[100.602264,6.468363],[100.602114,6.468415],[100.602077,6.468519],[100.602039,6.469194],[100.601384,6.469695],[100.601309,6.47063],[100.600521,6.471443],[100.600109,6.472083],[100.599322,6.473034],[100.599078,6.473432],[100.598497,6.474782],[100.598347,6.474938],[100.597617,6.475284],[100.596567,6.475509],[100.596155,6.476097],[100.595855,6.476944],[100.595199,6.477377],[100.59295,6.477965],[100.592144,6.478311],[100.591432,6.47838],[100.590589,6.478329],[100.59042,6.478433],[100.590101,6.4789],[100.589483,6.479159],[100.589164,6.479177],[100.588865,6.479107],[100.588134,6.478485],[100.58729,6.478381],[100.585285,6.477706],[100.584948,6.477706],[100.584536,6.477862],[100.583692,6.478485],[100.583336,6.47864],[100.582755,6.47871],[100.582306,6.47928],[100.581912,6.479557],[100.579569,6.48018],[100.576721,6.48172],[100.575672,6.481824],[100.574978,6.48198],[100.574791,6.482135],[100.574547,6.482758],[100.573479,6.482533],[100.57316,6.482603],[100.57301,6.482706],[100.572561,6.48371],[100.571905,6.484471],[100.571736,6.485059],[100.571118,6.485457],[100.571061,6.486461],[100.570406,6.487309],[100.569768,6.487707],[100.568962,6.487949],[100.568625,6.488139],[100.567782,6.489039],[100.567501,6.489541],[100.567013,6.490163],[100.565739,6.490752],[100.565552,6.491288],[100.565064,6.49198],[100.564184,6.49371],[100.563809,6.495094],[100.563471,6.495475],[100.562965,6.495803],[100.562516,6.495959],[100.561616,6.495925],[100.561185,6.495821],[100.560791,6.495613],[100.560435,6.495025],[100.560285,6.493901],[100.559161,6.493503],[100.557999,6.492689],[100.556987,6.492776],[100.555825,6.492568],[100.555263,6.492257],[100.55322,6.491651],[100.552808,6.491444],[100.552639,6.491271],[100.552583,6.490544],[100.552414,6.489973],[100.551796,6.489281],[100.550353,6.487966],[100.55024,6.487776],[100.550221,6.487291],[100.550484,6.486357],[100.550334,6.486045],[100.549359,6.485267],[100.548891,6.484748],[100.548347,6.484471],[100.547785,6.484557],[100.54741,6.484748],[100.547054,6.485076],[100.546642,6.485734],[100.545649,6.486841],[100.545311,6.487533],[100.545068,6.487845],[100.543381,6.489782],[100.542875,6.490526],[100.542594,6.490838],[100.542107,6.491184],[100.541732,6.49108],[100.541545,6.490942],[100.541263,6.490163],[100.541001,6.489938],[100.540139,6.488727],[100.539895,6.488502],[100.539671,6.488398],[100.538752,6.488468],[100.538115,6.48826],[100.537928,6.48807],[100.537534,6.487291],[100.537272,6.487014],[100.536897,6.486841],[100.536241,6.486945],[100.535743,6.48719],[100.534096,6.488662],[100.533854,6.489392],[100.53299,6.48924],[100.532816,6.489305],[100.532445,6.489644],[100.531996,6.489833],[100.531574,6.489669],[100.53133,6.489449],[100.530313,6.488931],[100.529836,6.488916],[100.529579,6.488798],[100.528989,6.488375],[100.52823,6.488676],[100.527927,6.488666],[100.52707,6.488411],[100.526428,6.488161],[100.525504,6.487328],[100.525155,6.487717],[100.524719,6.487957],[100.524606,6.488125],[100.524637,6.488589],[100.52495,6.489191],[100.524704,6.489461],[100.524565,6.489824],[100.524262,6.490201],[100.52398,6.4904],[100.523672,6.4904],[100.522722,6.49016],[100.522456,6.489997],[100.522364,6.48982],[100.521388,6.489478],[100.521123,6.488987],[100.5208,6.488847],[100.520575,6.488818],[100.520248,6.488998],[100.519983,6.489005],[100.519366,6.488857],[100.519046,6.488537],[100.518825,6.488562],[100.518619,6.489036],[100.517944,6.489755],[100.51682,6.490745],[100.516252,6.491854],[100.515781,6.492316],[100.515793,6.492705],[100.515185,6.493243],[100.513067,6.492851],[100.512251,6.492585],[100.511607,6.492267],[100.511839,6.49299],[100.511493,6.49421],[100.511124,6.494663],[100.510216,6.494676],[100.509892,6.495534],[100.509375,6.496279],[100.509436,6.497134],[100.509655,6.4976],[100.509274,6.498114],[100.509318,6.498981],[100.509133,6.499338],[100.508085,6.500275],[100.507954,6.500549],[100.507151,6.499813],[100.506888,6.499325],[100.506419,6.498894],[100.505573,6.498658],[100.504915,6.498702],[100.504213,6.499181],[100.504007,6.499133],[100.503586,6.498815],[100.502424,6.499573],[100.501898,6.499538],[100.501319,6.500166],[100.501065,6.500872],[100.50053,6.501612],[100.50067,6.502109],[100.500354,6.502885],[100.499975,6.504505],[100.500099,6.505395],[100.499946,6.506262],[100.499669,6.506772],[100.499191,6.506693],[100.498595,6.505975],[100.498174,6.505909],[100.497345,6.505286],[100.496407,6.505866],[100.495547,6.506737],[100.495219,6.507332],[100.494588,6.507824],[100.493816,6.508638],[100.493443,6.509205],[100.493588,6.509854],[100.492785,6.511623],[100.492842,6.512669],[100.492711,6.513034],[100.492724,6.515483],[100.492834,6.515997],[100.492733,6.516637],[100.492917,6.516951],[100.493255,6.516916],[100.495362,6.517985],[100.495766,6.518109],[100.495859,6.520228],[100.4962,6.521282],[100.495884,6.521904],[100.494891,6.522144],[100.493763,6.523783],[100.493459,6.523549],[100.49179,6.524079],[100.491704,6.524399],[100.490606,6.524744],[100.490364,6.524966],[100.490209,6.525473],[100.489823,6.525525],[100.489429,6.52529],[100.489192,6.525299],[100.488674,6.524218],[100.488736,6.523913],[100.488446,6.523451],[100.487955,6.523312],[100.487368,6.52265],[100.486718,6.522406],[100.485547,6.522627],[100.484561,6.522947],[100.483978,6.52275],[100.483531,6.52296],[100.483017,6.522892],[100.482539,6.523896],[100.482068,6.524087],[100.481479,6.523853],[100.480921,6.523015],[100.480251,6.522855],[100.479296,6.52328],[100.478961,6.523631],[100.477807,6.523748],[100.477014,6.523958],[100.476704,6.523662],[100.475662,6.523477],[100.475438,6.523218],[100.474629,6.523175],[100.474273,6.52279],[100.473144,6.522652],[100.472381,6.521681],[100.471961,6.520723],[100.471578,6.520537],[100.470471,6.520418],[100.469729,6.520705],[100.468924,6.520774],[100.468254,6.520966],[100.467822,6.521447],[100.467438,6.521515],[100.467341,6.521633],[100.467539,6.522563],[100.467841,6.523288],[100.46787,6.52373],[100.467561,6.524109],[100.467359,6.52461],[100.466955,6.524845],[100.465543,6.524788],[100.463995,6.525032],[100.463531,6.525332],[100.462544,6.525084],[100.46236,6.525202],[100.462057,6.52562],[100.461729,6.526821],[100.461459,6.527371],[100.460874,6.528269],[100.460689,6.528321],[100.460803,6.528608],[100.460713,6.529065],[100.460448,6.529617],[100.460145,6.530681],[100.460244,6.531149],[100.459327,6.531375],[100.458713,6.531303],[100.458182,6.531608],[100.457684,6.531361],[100.457161,6.53169],[100.456755,6.531837],[100.456457,6.531697],[100.456277,6.531378],[100.456237,6.530935],[100.455957,6.530263],[100.455638,6.529044],[100.454156,6.528869],[100.45389,6.528631],[100.453894,6.528356],[100.4542,6.527783],[100.454253,6.527525],[100.453683,6.526773],[100.453221,6.526853],[100.452613,6.526702],[100.452036,6.526813],[100.451411,6.526772],[100.450894,6.526244],[100.449684,6.526207],[100.449434,6.526486],[100.44896,6.526656],[100.448585,6.526619],[100.447972,6.526113],[100.447303,6.526372],[100.446704,6.526091],[100.446419,6.526061],[100.445907,6.526132],[100.445594,6.526276],[100.44529,6.526988],[100.445061,6.527302],[100.444841,6.527425],[100.444648,6.527404],[100.444224,6.527108],[100.443988,6.527077],[100.443566,6.527373],[100.4433,6.527451],[100.442953,6.527223],[100.442745,6.526348],[100.44178,6.52609],[100.441046,6.526428],[100.440798,6.526878],[100.440801,6.527109],[100.439514,6.527061],[100.438899,6.525935],[100.438471,6.525656],[100.438145,6.525661],[100.437918,6.525067],[100.437728,6.524899],[100.437337,6.524781],[100.437092,6.524481],[100.435702,6.524325],[100.435024,6.523919],[100.434359,6.52318],[100.434067,6.523066],[100.433232,6.523066],[100.432918,6.522883],[100.432631,6.522515],[100.432082,6.522431],[100.431193,6.522607],[100.430884,6.522909],[100.430746,6.523901],[100.430134,6.523753],[100.429815,6.523455],[100.428152,6.522806],[100.427859,6.522496],[100.42776,6.521898],[100.427408,6.521071],[100.427025,6.520608],[100.426643,6.520356],[100.426367,6.520271],[100.425938,6.520336],[100.425625,6.520228],[100.425368,6.520029],[100.425248,6.51973],[100.425269,6.519001],[100.424695,6.518463],[100.423932,6.518109],[100.42361,6.517599],[100.423295,6.517555],[100.422672,6.517936],[100.422235,6.517809],[100.421389,6.518076],[100.420726,6.517985],[100.420495,6.518162],[100.419927,6.518164],[100.419873,6.518699],[100.419553,6.519118],[100.418232,6.518713],[100.417552,6.51907],[100.417313,6.519569],[100.417221,6.520235],[100.416186,6.52138],[100.41635,6.522472],[100.416342,6.523162],[100.416085,6.523325],[100.414798,6.523541],[100.413446,6.52314],[100.413009,6.522868],[100.412142,6.522781],[100.411757,6.522539],[100.411216,6.522687],[100.410748,6.523138],[100.410614,6.523369],[100.410563,6.524335],[100.410367,6.524627],[100.409224,6.525557],[100.408625,6.5263],[100.408364,6.52722],[100.408404,6.528242],[100.408147,6.528766],[100.407812,6.528615],[100.40731,6.528775],[100.406925,6.528701],[100.406494,6.529074],[100.405676,6.529493],[100.405015,6.529487],[100.404547,6.529286],[100.403632,6.5294],[100.403009,6.529872],[100.402835,6.530457],[100.402352,6.530688],[100.402283,6.531267],[100.401821,6.531967],[100.401967,6.532496],[100.403186,6.534111],[100.402826,6.534637],[100.402779,6.535173],[100.402556,6.535793],[100.402119,6.53635],[100.401973,6.536064],[100.401657,6.536014],[100.401167,6.535334],[100.40006,6.534758],[100.399375,6.534668],[100.398941,6.53448],[100.398522,6.534132],[100.397989,6.53436],[100.397384,6.533898],[100.396652,6.533987],[100.395883,6.533769],[100.395235,6.534052],[100.394556,6.533966],[100.393558,6.534665],[100.393164,6.534551],[100.391583,6.534594],[100.391242,6.534955],[100.389527,6.535044],[100.389173,6.534856],[100.3882,6.534955],[100.387868,6.535374],[100.387623,6.536748],[100.387471,6.538214],[100.387316,6.53875],[100.387065,6.538953],[100.386485,6.538772],[100.386048,6.539021],[100.385375,6.538824],[100.385149,6.538581],[100.384229,6.538467],[100.383967,6.538702],[100.383251,6.539808],[100.383523,6.540478],[100.383181,6.540625],[100.382151,6.541616],[100.381619,6.541856],[100.381158,6.541804],[100.380641,6.542034],[100.380179,6.54197],[100.379491,6.542148],[100.3789,6.54213],[100.378567,6.542364],[100.378045,6.542456],[100.377459,6.542849],[100.376748,6.542826],[100.376161,6.543326],[100.374743,6.543583],[100.37442,6.5444],[100.374221,6.544648],[100.373561,6.544877],[100.373297,6.545111],[100.372835,6.545043],[100.372706,6.544818],[100.372854,6.544519],[100.372447,6.544298],[100.371916,6.543514],[100.37121,6.543307],[100.370853,6.542262],[100.370242,6.54187],[100.370297,6.541549],[100.369752,6.541055],[100.369677,6.540575],[100.369167,6.539806],[100.369131,6.539485],[100.368945,6.539102],[100.368151,6.539056],[100.366483,6.539669],[100.365947,6.540054],[100.365582,6.540766],[100.365748,6.541509],[100.365628,6.542028],[100.365333,6.542776],[100.364741,6.543046],[100.364778,6.543684],[100.36361,6.545052],[100.36318,6.545052],[100.36267,6.544821],[100.362219,6.545083],[100.361633,6.545189],[100.36137,6.545427],[100.361176,6.54579],[100.36118,6.546175],[100.360945,6.546579],[100.360104,6.547621],[100.359642,6.548057],[100.359702,6.549062],[100.359028,6.551301],[100.359194,6.552503],[100.359032,6.552682],[100.358999,6.553117],[100.358204,6.553815],[100.358523,6.554866],[100.3588,6.555077],[100.358846,6.55576],[100.35904,6.556119],[100.359534,6.556252],[100.360163,6.556957],[100.359761,6.557182],[100.359451,6.557008],[100.358989,6.557296],[100.358527,6.557375],[100.357986,6.557607],[100.357819,6.557974],[100.357048,6.558361],[100.356467,6.558837],[100.356249,6.559178],[100.356552,6.560214],[100.355527,6.561632],[100.354859,6.561604],[100.35443,6.561841],[100.353893,6.561638],[100.353511,6.561387],[100.353539,6.562896],[100.353944,6.563666],[100.353886,6.563903],[100.354283,6.565316],[100.35378,6.568674],[100.353273,6.569587],[100.353149,6.570427],[100.352591,6.571563],[100.351512,6.572944],[100.349569,6.572831],[100.348334,6.573003],[100.347492,6.572308],[100.346436,6.572054],[100.34553,6.571123],[100.345192,6.571191],[100.344378,6.572522],[100.343239,6.573907],[100.341534,6.575148],[100.34115,6.576156],[100.341964,6.576679],[100.342142,6.57781],[100.342123,6.57895],[100.341579,6.580222],[100.340829,6.580663],[100.339805,6.581494],[100.338104,6.581372],[100.335877,6.582353],[100.336357,6.582925],[100.33662,6.583614],[100.334808,6.584992],[100.3335,6.58452],[100.328759,6.584331],[100.328439,6.584242],[100.32785,6.584772],[100.326058,6.585523],[100.325725,6.58549],[100.325234,6.585796],[100.324917,6.586314],[100.325541,6.587358],[100.325541,6.587623],[100.325224,6.588438],[100.325157,6.58882],[100.324674,6.589014],[100.324359,6.589289],[100.324083,6.589309],[100.323739,6.589083],[100.323291,6.589254],[100.323107,6.589774],[100.323039,6.590516],[100.322685,6.59081],[100.322079,6.591055],[100.321244,6.590886],[100.320838,6.590935],[100.320206,6.59171],[100.31957,6.593172],[100.319681,6.59393],[100.319588,6.59436],[100.318317,6.595832],[100.317741,6.597549],[100.317512,6.598603],[100.317713,6.599947],[100.317357,6.601392],[100.316707,6.603264],[100.31582,6.604163],[100.313494,6.603602],[100.312347,6.603169],[100.311984,6.60337],[100.311665,6.60344],[100.311391,6.603673],[100.310707,6.603859],[100.310361,6.60377],[100.309994,6.604],[100.309443,6.603995],[100.309157,6.604109],[100.309168,6.604489],[100.308875,6.60457],[100.308704,6.604763],[100.308134,6.60512],[100.307319,6.605454],[100.307141,6.60579],[100.306874,6.605833],[100.306683,6.605593],[100.30636,6.605649],[100.305584,6.604999],[100.305175,6.605229],[100.305179,6.605461],[100.305056,6.605622],[100.305411,6.606073],[100.305864,6.607383],[100.30582,6.60793],[100.305669,6.60813],[100.305586,6.608587],[100.305391,6.608936],[100.305543,6.609592],[100.305376,6.610101],[100.305856,6.611105],[100.306999,6.610914],[100.307325,6.610652],[100.307727,6.610807],[100.308498,6.610685],[100.309121,6.610934],[100.30962,6.610811],[100.309925,6.61085],[100.310467,6.611186],[100.310462,6.611472],[100.310748,6.612153],[100.311508,6.612782],[100.311948,6.612745],[100.312288,6.613026],[100.312976,6.613034],[100.313808,6.61334],[100.315244,6.613149],[100.316107,6.613319],[100.316582,6.613653],[100.316569,6.614324],[100.317221,6.61479],[100.317542,6.61481],[100.317876,6.615009],[100.317869,6.61534],[100.318344,6.615326],[100.318797,6.61596],[100.319236,6.615815],[100.319927,6.616501],[100.320861,6.61711],[100.323274,6.619312],[100.323794,6.619491],[100.323995,6.620095],[100.324363,6.620526],[100.324665,6.620675],[100.325072,6.621073],[100.325373,6.621122],[100.325739,6.621368],[100.326029,6.621392],[100.326093,6.622322],[100.325422,6.623564],[100.3238,6.624543],[100.323512,6.625123],[100.323238,6.62595],[100.323606,6.626499],[100.323618,6.626766],[100.323997,6.627032],[100.324126,6.627549],[100.323951,6.627922],[100.32276,6.629671],[100.322149,6.630072],[100.322388,6.630447],[100.321836,6.631029],[100.32161,6.631774],[100.321675,6.634245],[100.321301,6.634565],[100.321266,6.635679],[100.32082,6.63601],[100.320216,6.63602],[100.32001,6.635637],[100.319664,6.635571],[100.319085,6.634962],[100.318279,6.634956],[100.317728,6.635171],[100.316549,6.634817],[100.316906,6.635886],[100.316173,6.636599],[100.316709,6.637138],[100.317117,6.638043],[100.316848,6.638573],[100.317307,6.639267],[100.317174,6.639846],[100.31824,6.64047],[100.319891,6.641092],[100.320953,6.642074],[100.321241,6.642185],[100.321845,6.642054],[100.322181,6.645335],[100.321892,6.64574],[100.322212,6.64593],[100.322328,6.646786],[100.32172,6.647055],[100.321993,6.648417],[100.322304,6.64907],[100.322172,6.649678],[100.321828,6.649874],[100.321545,6.650319],[100.321008,6.65073],[100.320724,6.651103],[100.3205,6.65163],[100.320455,6.652223],[100.320332,6.652381],[100.31998,6.652554],[100.319831,6.6528],[100.319848,6.653144],[100.319689,6.6533],[100.319598,6.65377],[100.319474,6.653988],[100.320042,6.654893],[100.320996,6.655037],[100.322441,6.655597],[100.323729,6.656832],[100.324182,6.65744],[100.324486,6.658545],[100.325012,6.659082],[100.32586,6.65951],[100.326048,6.659702],[100.326677,6.66145],[100.326452,6.662568],[100.326671,6.66299],[100.327505,6.663667],[100.327612,6.663856],[100.327457,6.664217],[100.326774,6.664899],[100.325908,6.665338],[100.325095,6.665468],[100.324562,6.665318],[100.322812,6.665221],[100.322236,6.665275],[100.321663,6.665643],[100.321469,6.66535],[100.321042,6.665403],[100.320211,6.664585],[100.31981,6.66465],[100.319327,6.664302],[100.318856,6.664366],[100.318553,6.664701],[100.318418,6.665174],[100.317916,6.665499],[100.317051,6.666234],[100.316954,6.666593],[100.316463,6.667491],[100.316046,6.667717],[100.31575,6.667774],[100.314949,6.667219],[100.314452,6.667171],[100.313841,6.666712],[100.312886,6.666223],[100.312447,6.666318],[100.312061,6.666552],[100.311676,6.666642],[100.311173,6.666961],[100.310395,6.66663],[100.308923,6.666634],[100.308569,6.666847],[100.308217,6.667193],[100.307575,6.66756],[100.307143,6.667688],[100.305881,6.668452],[100.305919,6.669186],[100.306393,6.669956],[100.305642,6.670803],[100.304644,6.671574],[100.304693,6.672136],[100.304603,6.67255],[100.30442,6.672757],[100.30443,6.673393],[100.30426,6.674015],[100.303418,6.675538],[100.303385,6.676067],[100.303105,6.676642],[100.302819,6.678625],[100.302586,6.679114],[100.30224,6.679518],[100.301847,6.679868],[100.300493,6.680333],[100.30029,6.680005],[100.299062,6.679143],[100.29856,6.678207],[100.297914,6.677992],[100.297285,6.677913],[100.295854,6.678769],[100.295455,6.67909],[100.294772,6.679209],[100.294256,6.679751],[100.293464,6.682068],[100.293411,6.68265],[100.293081,6.683136],[100.292502,6.683728],[100.292279,6.684104],[100.292313,6.684637],[100.291833,6.685847],[100.291467,6.686104],[100.290925,6.687245],[100.290892,6.687635],[100.290622,6.688048],[100.290505,6.688412],[100.290176,6.688755],[100.290173,6.688891],[100.290479,6.689188],[100.290589,6.689549],[100.290402,6.690385],[100.289986,6.690613],[100.289969,6.690821],[100.290103,6.691727],[100.290871,6.692663],[100.290985,6.693248],[100.291048,6.693634],[100.290788,6.695175],[100.291251,6.695641],[100.29179,6.695975],[100.291803,6.69654],[100.29154,6.697135],[100.29164,6.698431],[100.291401,6.699095],[100.291664,6.699733],[100.292542,6.700348],[100.292792,6.701158],[100.293191,6.701495],[100.293431,6.701905],[100.294156,6.702354],[100.294483,6.702715],[100.294596,6.703115],[100.295115,6.703809],[100.295102,6.704361],[100.294213,6.706083],[100.29408,6.706539],[100.293454,6.707392],[100.293035,6.707848],[100.292339,6.708081],[100.292013,6.708623],[100.291357,6.709344],[100.290742,6.709724],[100.290266,6.709869],[100.289833,6.709839],[100.28939,6.709261],[100.288811,6.709056],[100.288232,6.708682],[100.28728,6.707681],[100.286961,6.707585],[100.286575,6.707512],[100.286222,6.707545],[100.284714,6.708507],[100.284255,6.708676],[100.283842,6.708332],[100.28297,6.708134],[100.282421,6.707492],[100.281839,6.707179],[100.281296,6.707307],[100.280667,6.706911],[100.279675,6.706779],[100.279306,6.706841],[100.278873,6.706481],[100.27876,6.705608],[100.277971,6.704369],[100.277608,6.704147],[100.275621,6.70458],[100.275345,6.704528],[100.274796,6.70382],[100.274104,6.703817],[100.273205,6.703972],[100.27221,6.703929],[100.266751,6.699032],[100.265655,6.698899],[100.264995,6.698922],[100.264685,6.699074],[100.264239,6.699064],[100.263857,6.699216],[100.263843,6.700674],[100.263291,6.701245],[100.262991,6.702478],[100.263078,6.702693],[100.262935,6.703394],[100.262675,6.704045],[100.262608,6.704531],[100.262292,6.705113],[100.261793,6.705291],[100.261397,6.705222],[100.26142,6.705384],[100.261783,6.705939],[100.261597,6.706577],[100.261527,6.707252],[100.260342,6.708134],[100.259829,6.708359],[100.25968,6.708544],[100.259636,6.70898],[100.259314,6.709446],[100.258858,6.709926],[100.258324,6.710337],[100.25792,6.71094],[100.257495,6.711368],[100.257245,6.709702],[100.256896,6.709224],[100.256909,6.708869],[100.256635,6.70821],[100.256158,6.708162],[100.255848,6.708263],[100.255592,6.708623],[100.255287,6.708899],[100.254969,6.709048],[100.254766,6.709329],[100.254165,6.709136],[100.253895,6.708965],[100.253789,6.708803],[100.25281,6.708577],[100.252466,6.707646],[100.252992,6.707044],[100.253378,6.706422],[100.253373,6.706181],[100.253216,6.706043],[100.253316,6.705093],[100.253197,6.704342],[100.253291,6.703771],[100.252066,6.70392],[100.251735,6.703759],[100.250816,6.702741],[100.25051,6.702176],[100.250372,6.700959],[100.24986,6.699432],[100.24961,6.698371],[100.249634,6.698191],[100.249572,6.698073],[100.249309,6.697992],[100.249116,6.697464],[100.248885,6.697334],[100.248109,6.69716],[100.247616,6.696887],[100.246983,6.696237],[100.246801,6.695591],[100.245745,6.695597],[100.245039,6.696069],[100.24452,6.69597],[100.243936,6.695988],[100.243795,6.695889],[100.243464,6.694443],[100.243745,6.693443],[100.24252,6.692711],[100.241639,6.692754],[100.241203,6.692254],[100.240841,6.692228],[100.24062,6.692109],[100.240222,6.692232],[100.24009,6.692513],[100.238478,6.692339],[100.237946,6.692143],[100.237318,6.692376],[100.237046,6.692908],[100.236752,6.693278],[100.235629,6.693796],[100.235308,6.693821],[100.23464,6.693623],[100.233838,6.693105],[100.23325,6.693574],[100.233063,6.69424],[100.232823,6.694487],[100.2317,6.694906],[100.2313,6.694832],[100.231059,6.694635],[100.230765,6.694215],[100.229242,6.693525],[100.228761,6.693401],[100.227478,6.694808],[100.227211,6.695301],[100.22697,6.696115],[100.225634,6.69693],[100.225073,6.697053],[100.224458,6.697028],[100.224057,6.697102],[100.223897,6.697275],[100.223897,6.697843],[100.223461,6.698595],[100.222534,6.69883],[100.222133,6.69915],[100.221545,6.699471],[100.220931,6.699965],[100.220022,6.700952],[100.219675,6.701568],[100.218579,6.702358],[100.218365,6.702851],[100.218285,6.703567],[100.218552,6.704751],[100.218392,6.705615],[100.218526,6.706084],[100.218846,6.706528],[100.2189,6.708378],[100.218819,6.708872],[100.218632,6.70934],[100.218258,6.709809],[100.217456,6.711166],[100.216788,6.711635],[100.216419,6.71206],[100.2162,6.712449],[100.215773,6.712721],[100.215666,6.712943],[100.215933,6.71388],[100.215853,6.714695],[100.214757,6.716323],[100.214383,6.716644],[100.214223,6.717261],[100.214704,6.718494],[100.21473,6.71884],[100.213367,6.719605],[100.212298,6.720394],[100.211871,6.720493],[100.211363,6.720394],[100.210775,6.720197],[100.210027,6.719753],[100.209091,6.719802],[100.208103,6.719555],[100.207221,6.719925],[100.206446,6.720518],[100.206072,6.720641],[100.205591,6.720962],[100.205083,6.721998],[100.205056,6.722294],[100.205136,6.722541],[100.205029,6.722837],[100.204896,6.723108],[100.204335,6.723553],[100.204388,6.723873],[100.204735,6.724712],[100.205056,6.726082],[100.204869,6.725934],[100.203934,6.725687],[100.203533,6.72549],[100.203266,6.725416],[100.202972,6.72549],[100.202304,6.725317],[100.20201,6.725095],[100.201449,6.72433],[100.200994,6.72391],[100.200219,6.723738],[100.199444,6.723096],[100.19915,6.722036],[100.198936,6.72169],[100.198615,6.721542],[100.198401,6.72159],[100.198027,6.721937],[100.197333,6.722332],[100.196825,6.72243],[100.196531,6.722381],[100.19605,6.721024],[100.195836,6.720679],[100.194687,6.720308],[100.194366,6.720012],[100.193965,6.71984],[100.193137,6.719618],[100.192602,6.719321],[100.192255,6.718976],[100.191934,6.718902],[100.191587,6.719075],[100.191266,6.71905],[100.190785,6.718803],[100.190144,6.718186],[100.189182,6.71826],[100.188781,6.718186],[100.187338,6.717323],[100.185841,6.71678],[100.185654,6.716582],[100.185788,6.71599],[100.185707,6.71562],[100.185734,6.715176],[100.186215,6.713276],[100.186001,6.712733],[100.185601,6.71224],[100.185039,6.711771],[100.184638,6.711253],[100.184451,6.710809],[100.184264,6.709896],[100.183944,6.709477],[100.183329,6.708292],[100.183249,6.707034],[100.181672,6.70469],[100.181111,6.702963],[100.180763,6.702839],[100.180389,6.702568],[100.180175,6.702222],[100.180042,6.701606],[100.179801,6.701063],[100.178732,6.699854],[100.178652,6.699657],[100.178973,6.69825],[100.178887,6.69708],[100.178627,6.696509],[100.177049,6.695092],[100.176648,6.694845],[100.175766,6.695018],[100.175231,6.694944],[100.17451,6.694722],[100.173548,6.694204],[100.171944,6.693932],[100.17157,6.693759],[100.171463,6.693389],[100.17149,6.692896],[100.171784,6.69218],[100.172078,6.69075],[100.172612,6.689491],[100.173414,6.687912],[100.173414,6.687344],[100.173708,6.685987],[100.174109,6.685494],[100.175205,6.682878],[100.175552,6.682656],[100.17598,6.682632],[100.176888,6.682804],[100.178011,6.682656],[100.178358,6.682681],[100.178812,6.682558],[100.179133,6.682336],[100.179347,6.681941],[100.179828,6.680411],[100.179561,6.679597],[100.179721,6.677969],[100.179881,6.677204],[100.179908,6.676167],[100.180095,6.675575],[100.179881,6.674193],[100.179855,6.67328],[100.179721,6.673009],[100.179454,6.672861],[100.179347,6.672565],[100.17916,6.670393],[100.17908,6.670147],[100.178812,6.670122],[100.178385,6.670221],[100.178037,6.670097],[100.17785,6.668963],[100.178225,6.668124],[100.178412,6.667458],[100.179026,6.666273],[100.179374,6.664447],[100.179454,6.662449],[100.179587,6.661906],[100.180122,6.66124],[100.180496,6.660524],[100.180576,6.660179],[100.180523,6.659537],[100.180282,6.658772],[100.180309,6.658451],[100.18071,6.657118],[100.180763,6.655391],[100.180656,6.65475],[100.180683,6.654281],[100.180469,6.654133],[100.179828,6.65401],[100.178732,6.653492],[100.178091,6.653097],[100.177583,6.652455],[100.177075,6.652184],[100.176648,6.651814],[100.175926,6.65169],[100.175686,6.651345],[100.175659,6.650827],[100.175525,6.650333],[100.175178,6.650013],[100.174884,6.649865],[100.17312,6.650358],[100.172612,6.650259],[100.171597,6.650309],[100.171437,6.650136],[100.171089,6.649322],[100.170234,6.649149],[100.169887,6.648853],[100.169619,6.648236],[100.169325,6.64794],[100.16855,6.647742],[100.168283,6.64757],[100.16839,6.647175],[100.168764,6.646509],[100.169005,6.645719],[100.169085,6.64456],[100.169005,6.64303],[100.169138,6.641821],[100.168791,6.639427],[100.168176,6.638663],[100.16823,6.63812],[100.168818,6.635751],[100.168871,6.635233],[100.168684,6.634049],[100.169005,6.632642],[100.168684,6.632544],[100.168444,6.632149],[100.168096,6.631902],[100.167481,6.631927],[100.166974,6.632124],[100.166653,6.632371],[100.166332,6.632371],[100.166092,6.632124],[100.166092,6.631606],[100.166573,6.630496],[100.167161,6.628694],[100.168283,6.627559],[100.168444,6.627189],[100.168096,6.626178],[100.167268,6.625536],[100.167161,6.625191],[100.167294,6.624846],[100.167294,6.624426],[100.167161,6.623982],[100.167134,6.623538],[100.167268,6.623291],[100.167802,6.623143],[100.168069,6.622946],[100.168283,6.622255],[100.168604,6.622033],[100.168711,6.621638],[100.168737,6.621219],[100.168497,6.620799],[100.168524,6.620404],[100.168737,6.619911],[100.168764,6.619368],[100.168524,6.617221],[100.168604,6.616333],[100.169325,6.614039],[100.169566,6.612978],[100.169593,6.612509],[100.169379,6.611374],[100.169272,6.61019],[100.169432,6.609449],[100.169753,6.608512],[100.170368,6.607525],[100.171784,6.606341],[100.173895,6.60523],[100.175659,6.604145],[100.176434,6.603848],[100.176835,6.603848],[100.177102,6.603947],[100.177449,6.604613],[100.17777,6.604761],[100.178358,6.604613],[100.178946,6.604243],[100.179106,6.603972],[100.179374,6.602565],[100.179668,6.602269],[100.180576,6.601924],[100.180977,6.601677],[100.180844,6.601381],[100.180443,6.598988],[100.180523,6.598445],[100.18087,6.598297],[100.180977,6.597359],[100.180603,6.596816],[100.179026,6.596298],[100.178706,6.595977],[100.178545,6.595311],[100.178599,6.594201],[100.178278,6.592301],[100.178385,6.591486],[100.179081,6.590082],[100.181057,6.587662],[100.181244,6.587144],[100.181056,6.585875],[100.181191,6.585244],[100.180844,6.584652],[100.180763,6.584109],[100.18087,6.583344],[100.181378,6.58248],[100.182394,6.581197],[100.183463,6.580334],[100.184291,6.579544],[100.18438,6.579181],[100.184131,6.577373],[100.183917,6.576978],[100.182474,6.575868],[100.182447,6.575596],[100.182768,6.5753],[100.183134,6.574573],[100.183062,6.574313],[100.182848,6.574116],[100.182848,6.573919],[100.183409,6.573178],[100.18357,6.572808],[100.183196,6.572784],[100.182608,6.572413],[100.181138,6.572093],[100.180817,6.572117],[100.180176,6.5734],[100.179748,6.573474],[100.179214,6.5734],[100.177771,6.572561],[100.177423,6.572438],[100.177183,6.572167],[100.177076,6.571846],[100.176782,6.569921],[100.176381,6.569601],[100.176007,6.568688],[100.176194,6.567577],[100.17614,6.566664],[100.175927,6.56659],[100.175686,6.56664],[100.175392,6.566985],[100.175098,6.567553],[100.174804,6.567873],[100.174323,6.568219],[100.174163,6.568441],[100.174136,6.568984],[100.173922,6.569378],[100.173495,6.569872],[100.173415,6.570662],[100.173735,6.571007],[100.173682,6.571303],[100.173308,6.571723],[100.173147,6.572759],[100.172559,6.572907],[100.172265,6.573104],[100.172239,6.573499],[100.172105,6.573746],[100.171784,6.573968],[100.170582,6.574239],[100.170047,6.574585],[100.16986,6.574609],[100.169352,6.574067],[100.169379,6.572932],[100.169165,6.572438],[100.167642,6.570884],[100.167295,6.570563],[100.166894,6.570415],[100.166413,6.569847],[100.166092,6.569724],[100.165691,6.569847],[100.165478,6.57002],[100.165451,6.570736],[100.165157,6.57076],[100.164809,6.570637],[100.164515,6.570415],[100.163179,6.571599],[100.163179,6.572019],[100.163286,6.572413],[100.163259,6.573548],[100.163366,6.573968],[100.163286,6.574239],[100.162965,6.574486],[100.162725,6.575054],[100.162511,6.575917],[100.162297,6.576238],[100.16179,6.576608],[100.160801,6.576929],[100.159972,6.577373],[100.159438,6.577866],[100.15909,6.578039],[100.15869,6.578113],[100.158476,6.578261],[100.158209,6.578952],[100.157888,6.579396],[100.15754,6.579668],[100.157247,6.579717],[100.156979,6.579544],[100.156846,6.579322],[100.156872,6.578656],[100.156792,6.578335],[100.156578,6.577965],[100.156552,6.577669],[100.156819,6.576954],[100.156899,6.57609],[100.156044,6.57493],[100.156151,6.574683],[100.157006,6.574856],[100.157514,6.574856],[100.158048,6.574708],[100.158262,6.574535],[100.158369,6.573598],[100.158182,6.573326],[100.158128,6.572981],[100.158422,6.572167],[100.158877,6.571352],[100.159678,6.570464],[100.159197,6.569082],[100.158716,6.568688],[100.158583,6.568283],[100.158689,6.567715],[100.158983,6.566851],[100.159277,6.565149],[100.159625,6.564112],[100.159652,6.562557],[100.159464,6.562311],[100.158101,6.561299],[100.157647,6.560386],[100.157433,6.560164],[100.156311,6.560065],[100.155776,6.559917],[100.155349,6.559547],[100.154948,6.559325],[100.15436,6.558732],[100.153772,6.557375],[100.153772,6.555623],[100.153424,6.554364],[100.153665,6.553106],[100.153531,6.551699],[100.153932,6.550515],[100.153772,6.548713],[100.153932,6.548319],[100.154283,6.547968],[100.154681,6.547109],[100.154841,6.546492],[100.154841,6.545924],[100.154761,6.545604],[100.154814,6.545406],[100.155108,6.545209],[100.155696,6.544542],[100.155856,6.544098],[100.156257,6.542149],[100.156284,6.541754],[100.15615,6.540841],[100.156337,6.539706],[100.156043,6.539582],[100.15583,6.539311],[100.15575,6.538867],[100.155776,6.538398],[100.156177,6.537485],[100.156177,6.537238],[100.155883,6.537041],[100.155723,6.536769],[100.156038,6.53618],[100.15607,6.535387],[100.156525,6.534672],[100.157166,6.532919],[100.157193,6.5325],[100.157112,6.532056],[100.156925,6.53171],[100.156605,6.531562],[100.156346,6.531235],[100.156071,6.531167],[100.156017,6.53097],[100.156525,6.530255],[100.156759,6.529589],[100.156712,6.529243],[100.156816,6.528922],[100.156765,6.528256],[100.157123,6.527444],[100.15714,6.526898],[100.157113,6.526479],[100.156899,6.526183],[100.156792,6.525689],[100.156952,6.524924],[100.15746,6.524184],[100.15754,6.522925],[100.157434,6.52253],[100.156578,6.52174],[100.156258,6.521642],[100.155643,6.522086],[100.155189,6.522259],[100.154895,6.522259],[100.154681,6.522037],[100.154574,6.52179],[100.154841,6.521074],[100.154975,6.520235],[100.155536,6.518853],[100.155777,6.517841],[100.157033,6.516286],[100.157246,6.515719],[100.15722,6.515324],[100.157033,6.514806],[100.15714,6.514238],[100.157487,6.513597],[100.157803,6.513235],[100.157888,6.512708],[100.158075,6.512239],[100.158075,6.511055],[100.158208,6.510833],[100.158048,6.510561],[100.157995,6.509969],[100.158262,6.509698],[100.158476,6.508834],[100.158476,6.508415],[100.158208,6.508069],[100.158102,6.507748],[100.158396,6.506268],[100.15885,6.505749],[100.159518,6.505231],[100.159716,6.504814],[100.159946,6.503997],[100.160587,6.503282],[100.160614,6.502986],[100.160293,6.502072],[100.160213,6.500592],[100.159865,6.499753],[100.159945,6.499037],[100.160052,6.49879],[100.160026,6.497433],[100.160186,6.497013],[100.160266,6.49647],[100.160106,6.496248],[100.159785,6.496125],[100.159464,6.495829],[100.159438,6.495434],[100.159464,6.494397],[100.159545,6.494027],[100.160507,6.493287],[100.16072,6.493065],[100.16072,6.492941],[100.160507,6.492744],[100.16048,6.491066],[100.160213,6.49035],[100.1604,6.489487],[100.160373,6.488993],[100.160239,6.488623],[100.159838,6.488055],[100.159705,6.487414],[100.159438,6.487216],[100.158743,6.487093],[100.158208,6.487315],[100.157968,6.48729],[100.157326,6.486871],[100.157086,6.486624],[100.156658,6.486427],[100.15599,6.486451],[100.155322,6.48692],[100.154788,6.486895],[100.154627,6.486747],[100.154654,6.485883],[100.154387,6.485143],[100.15444,6.484748],[100.154895,6.483243],[100.155189,6.483169],[100.155696,6.482848],[100.156364,6.483193],[100.156685,6.483095],[100.157246,6.48228],[100.157433,6.482132],[100.15762,6.482009],[100.158021,6.481935],[100.158529,6.481639],[100.158957,6.480997],[100.159063,6.480652],[100.158235,6.478949],[100.157487,6.478134],[100.156792,6.477789],[100.155616,6.477419],[100.155269,6.477468],[100.15452,6.478011],[100.15444,6.478579],[100.154333,6.478727],[100.154146,6.478801],[100.153959,6.478702],[100.153852,6.478455],[100.154066,6.477789],[100.154039,6.477592],[100.153264,6.477468],[100.153211,6.47695],[100.153024,6.476876],[100.152757,6.476506],[100.151821,6.476234],[100.151474,6.476062],[100.15126,6.475839],[100.151153,6.475519],[100.15118,6.475124],[100.15166,6.473569],[100.151741,6.472434],[100.151473,6.471891],[100.150778,6.471003],[100.150404,6.470361],[100.150084,6.470164],[100.148801,6.469695],[100.148213,6.469102],[100.147224,6.468387],[100.14701,6.468411],[100.146262,6.468757],[100.145915,6.468831],[100.145647,6.468732],[100.145701,6.468189],[100.146182,6.467375],[100.146235,6.466955],[100.145647,6.46661],[100.145487,6.466388],[100.145434,6.466018],[100.145514,6.464883],[100.145434,6.464562],[100.145113,6.46392],[100.144579,6.463229],[100.144498,6.463007],[100.144579,6.46281],[100.144926,6.462686],[100.145247,6.46244],[100.14538,6.462217],[100.14538,6.461699],[100.145033,6.460885],[100.145113,6.460465],[100.145033,6.460218],[100.145033,6.459552],[100.145113,6.459281],[100.145915,6.458294],[100.146129,6.45743],[100.146369,6.456986],[100.146396,6.456295],[100.146556,6.45585],[100.146583,6.455332],[100.147117,6.454839],[100.147385,6.454345],[100.148026,6.452642],[100.148026,6.452371],[100.147919,6.452173],[100.147572,6.451951],[100.146797,6.451211],[100.146529,6.451087],[100.146316,6.451038],[100.145968,6.451112],[100.145647,6.45131],[100.145434,6.45131],[100.144953,6.451087],[100.144204,6.450939],[100.143991,6.450717],[100.143937,6.450322],[100.144178,6.449385],[100.144151,6.449015],[100.143349,6.449113],[100.143002,6.44899],[100.142841,6.448669],[100.142735,6.448126],[100.142735,6.447534],[100.142321,6.44754],[100.140597,6.448398],[100.140035,6.448398],[100.139741,6.448225],[100.139127,6.447262],[100.138111,6.445955],[100.13616,6.444869],[100.13584,6.444499],[100.135706,6.444178],[100.135706,6.443882],[100.136107,6.442919],[100.136294,6.440846],[100.136481,6.440501],[100.135893,6.440599],[100.135546,6.440501],[100.135172,6.440254],[100.134317,6.439415],[100.134183,6.439069],[100.134237,6.437934],[100.134584,6.436898],[100.134424,6.436453],[100.134424,6.436207],[100.135172,6.435491],[100.135225,6.435318],[100.134985,6.434726],[100.134905,6.432678],[100.134531,6.432012],[100.134263,6.431197],[100.133889,6.430679],[100.133729,6.429568],[100.133569,6.429247],[100.133355,6.429075],[100.129881,6.427816],[100.128705,6.426039],[100.128224,6.425817],[100.127796,6.425348],[100.126968,6.424978],[100.126593,6.42562],[100.126219,6.425817],[100.124883,6.425225],[100.124776,6.424806],[100.124963,6.424411],[100.124963,6.424213],[100.124268,6.423152],[100.123592,6.422811],[100.121121,6.422825],[100.12042,6.422647],[100.084532,6.425652],[99.997449,6.42601],[99.880447,6.535885],[99.651021,6.47792],[99.554019,6.505969],[99.508909,6.484403],[99.456187,6.307008],[99.319607,6.272691],[99.225011,6.284708],[99.111667,6.3],[99.06817,6.32565],[99.009394,6.3817],[98.969082,6.448938],[98.958634,6.4867],[98.960271,6.548234],[98.978385,6.610614],[99.00401,6.663007],[99.038862,6.705049],[99.071274,6.733656],[99.112569,6.759985],[99.176159,6.775251],[99.268635,6.780488],[99.308855,6.767563],[99.302333,6.876021],[99.238547,6.952869],[99.209316,6.992236],[99.188012,7.038632],[99.149257,7.013329],[99.130139,7.006741],[99.108894,7.000423],[99.084219,6.995129],[99.051702,6.995134],[99.036941,6.996087],[99.016805,6.999147],[98.978437,7.011177],[98.965104,7.016206],[98.950408,7.025924],[98.917035,7.052257],[98.895306,7.076085],[98.884555,7.089817],[98.871365,7.126768],[98.864318,7.170856],[98.861337,7.215577],[98.848869,7.216571],[98.821134,7.223708],[98.780795,7.242997],[98.757757,7.258807],[98.73228,7.279586],[98.725142,7.290247],[98.693702,7.351591],[98.688824,7.365233],[98.685752,7.381856],[98.68711,7.46614],[98.655374,7.487085],[98.629535,7.508788],[98.598457,7.545889],[98.571353,7.548419],[98.566655,7.531073],[98.558585,7.512763],[98.548466,7.494694],[98.533408,7.472409],[98.512569,7.450245],[98.506064,7.415191],[98.492499,7.366027],[98.484676,7.356028],[98.464258,7.332629],[98.439323,7.308688],[98.399662,7.281855],[98.380147,7.274357],[98.359458,7.267942],[98.335607,7.26216],[98.316729,7.261183],[98.291339,7.261437],[98.271192,7.265955],[98.251948,7.271556],[98.203704,7.294323],[98.184732,7.309591],[98.166663,7.326982],[98.142812,7.354808],[98.130435,7.377214],[98.123298,7.401878],[98.122394,7.412991],[98.122033,7.42862],[98.123298,7.49674],[98.139108,7.550947],[98.160953,7.586879],[98.134049,7.615362],[98.11616,7.636142],[98.106132,7.655656],[98.09773,7.679507],[98.090593,7.796865],[98.080564,7.812946],[98.073518,7.837249],[98.069181,7.863268],[98.068097,7.886939],[98.069,7.932382],[98.075605,7.968787],[98.066471,8.004748],[98.06489,8.037904],[98.069226,8.074223],[98.076363,8.102953],[98.09525,8.132521],[98.090373,8.144452],[98.078861,8.168381],[98.071326,8.187698],[98.067471,8.208537],[98.064701,8.231304],[98.065303,8.261539],[98.069609,8.292136],[98.054702,8.381999],[98.008687,8.498122],[98.008446,8.54474],[98.011578,8.579191],[98.01736,8.618582],[98.03832,8.662549],[98.029285,8.697001],[98.029165,8.719647],[98.031454,8.7441],[98.036393,8.773252],[98.052142,8.817416],[98.042897,8.838661],[98.035549,8.863114],[98.030731,8.885279],[98.031092,8.917562],[98.036633,8.951532],[98.048679,8.989356],[98.067592,9.019953],[98.061505,9.027681],[98.02161,9.027364],[98.008325,8.98791],[97.975731,8.949939],[97.996038,8.92238],[98.015071,8.889134],[98.020853,8.853237],[98.01748,8.794453],[98.010976,8.764097],[98.000857,8.737475],[97.985077,8.713624],[97.961708,8.686882],[97.926172,8.658454],[97.897683,8.642674],[97.85736,8.627797],[97.876663,8.583618],[97.891841,8.540253],[97.898587,8.498574],[97.888107,8.443283],[97.875218,8.417504],[97.852933,8.386426],[97.795232,8.32728],[97.765961,8.30355],[97.746206,8.292949],[97.713922,8.279337],[97.662004,8.273796],[97.638153,8.273796],[97.601534,8.278133],[97.576117,8.284878],[97.561059,8.291986],[97.540461,8.306923],[97.501311,8.341735],[97.487458,8.358118],[97.468064,8.40582],[97.446864,8.472073],[97.434818,8.56061],[97.439275,8.608252],[97.446984,8.632103],[97.451561,8.67065],[97.448068,8.693297],[97.460837,8.750515],[97.470353,8.769186],[97.503359,8.810865],[97.529137,8.834234],[97.558951,8.852845],[97.588825,8.865493],[97.589186,8.874528],[97.594246,8.891392],[97.6346,8.959211],[97.628336,8.980051],[97.618217,9.021248],[97.61111,9.074009],[97.612706,9.108438],[97.618338,9.126168],[97.648934,9.182061],[97.687421,9.232473],[97.717157,9.249272],[97.67377,9.299477],[97.648643,9.343485],[97.637696,9.366542],[97.633977,9.403359],[97.633605,9.444392],[97.645983,9.491848],[97.686481,9.559618],[97.715855,9.596438],[97.716299,9.605911],[97.85984,9.578769],[97.95145,9.536745],[97.979961,9.526084],[98.007729,9.526084],[98.030291,9.528563],[98.064753,9.533522],[98.083843,9.540464],[98.119545,9.554348],[98.151404,9.576289],[98.182147,9.595752],[98.210535,9.620173],[98.230183,9.643106],[98.24134,9.663436],[98.248778,9.682527],[98.265637,9.732856],[98.287331,9.784921],[98.337164,9.883969],[98.344974,9.893142],[98.385138,9.931075],[98.405964,9.95562],[98.419353,9.964422],[98.424807,9.965289],[98.454063,9.965785],[98.481335,9.955372],[98.49449,9.95359],[98.496768,9.952722],[98.49996,9.949158],[98.503184,9.938498],[98.504671,9.93701],[98.510621,9.935646],[98.519518,9.92595],[98.522955,9.924879],[98.526766,9.92459],[98.529973,9.925329],[98.532093,9.926646],[98.536535,9.930664],[98.537399,9.931091],[98.539132,9.931599],[98.540709,9.931593],[98.542471,9.930898],[98.545041,9.929178],[98.546759,9.928751],[98.550531,9.928707],[98.551835,9.929383],[98.557279,9.93373],[98.562331,9.93789],[98.564698,9.940237],[98.56721,9.943513],[98.567823,9.945323],[98.567961,9.946704],[98.569101,9.951337],[98.569832,9.955287],[98.569579,9.961136],[98.573687,9.969463],[98.57947,9.986287],[98.581487,9.990271],[98.584832,9.997293],[98.587222,9.99993],[98.590786,10.007511],[98.597808,10.02182],[98.601579,10.029797],[98.6048,10.03529],[98.608986,10.040988],[98.615261,10.049242],[98.616378,10.050506],[98.619901,10.056938],[98.622574,10.065509],[98.624004,10.069471],[98.627513,10.076615],[98.63419,10.091247],[98.63723,10.096068],[98.639671,10.103629],[98.640748,10.106409],[98.643,10.109424],[98.643987,10.110999],[98.645342,10.113688],[98.64563,10.115818],[98.645467,10.118476],[98.643339,10.122322],[98.642278,10.123518],[98.641305,10.125338],[98.640825,10.127987],[98.640801,10.129676],[98.640965,10.130888],[98.641831,10.133047],[98.642728,10.134676],[98.643828,10.137091],[98.64544,10.140336],[98.647444,10.146287],[98.649039,10.150316],[98.65232,10.161036],[98.653483,10.162878],[98.655746,10.165379],[98.65712,10.166616],[98.661589,10.168598],[98.667267,10.169291],[98.668825,10.169684],[98.670331,10.170306],[98.671403,10.171317],[98.675532,10.177017],[98.681588,10.187028],[98.68604,10.192709],[98.693349,10.201558],[98.697418,10.207528],[98.700197,10.213171],[98.705873,10.227277],[98.707495,10.230756],[98.711248,10.241171],[98.713791,10.250594],[98.717356,10.260713],[98.721028,10.270035],[98.724051,10.280259],[98.725873,10.284573],[98.727404,10.289883],[98.728378,10.292693],[98.730129,10.301464],[98.733315,10.31118],[98.738256,10.317188],[98.74161,10.319765],[98.742577,10.321457],[98.743073,10.324556],[98.743962,10.340744],[98.745602,10.352988],[98.747094,10.35855],[98.751441,10.376288],[98.753328,10.386617],[98.753771,10.388654],[98.754374,10.390586],[98.75547,10.393246],[98.756057,10.394357],[98.756971,10.395788],[98.758232,10.397242],[98.763635,10.401395],[98.765011,10.40257],[98.766043,10.403762],[98.767077,10.405241],[98.767961,10.406741],[98.768474,10.40797],[98.768823,10.409145],[98.77001,10.415276],[98.770453,10.418774],[98.77062,10.419544],[98.771324,10.42101],[98.773474,10.424579],[98.773881,10.425439],[98.774223,10.426268],[98.775593,10.43053],[98.776277,10.432207],[98.778351,10.434975],[98.778703,10.43556],[98.779066,10.436397],[98.779815,10.438678],[98.780594,10.440293],[98.781172,10.441207],[98.781772,10.442044],[98.78296,10.443134],[98.783706,10.443604],[98.784616,10.44401],[98.785616,10.444296],[98.788517,10.444713],[98.792785,10.444793],[98.795993,10.444991],[98.797457,10.445329],[98.79994,10.446716],[98.800212,10.447076],[98.800362,10.44756],[98.800351,10.448028],[98.800232,10.448543],[98.800021,10.448976],[98.799368,10.449599],[98.797397,10.450708],[98.796859,10.451113],[98.796294,10.451856],[98.796037,10.452537],[98.795913,10.453311],[98.79597,10.45415],[98.796166,10.454887],[98.796712,10.455983],[98.797205,10.456617],[98.798257,10.457526],[98.801167,10.460319],[98.807545,10.466962],[98.80832,10.468057],[98.808882,10.469337],[98.80926,10.47107],[98.80931,10.471726],[98.809021,10.472807],[98.808772,10.473226],[98.808416,10.473729],[98.807292,10.474647],[98.803728,10.476636],[98.80329,10.476934],[98.802616,10.477602],[98.799861,10.481266],[98.799581,10.482363],[98.799621,10.482826],[98.799855,10.48336],[98.800268,10.483792],[98.800748,10.483954],[98.801216,10.483962],[98.801654,10.483777],[98.803207,10.48235],[98.803879,10.481893],[98.80443,10.481682],[98.805372,10.481567],[98.805707,10.481603],[98.806205,10.481837],[98.806457,10.482017],[98.806739,10.482501],[98.806808,10.483186],[98.806658,10.48371],[98.806318,10.484094],[98.805801,10.484498],[98.804293,10.485271],[98.80395,10.485564],[98.803617,10.486011],[98.803405,10.486506],[98.803374,10.486924],[98.803518,10.487366],[98.803807,10.487783],[98.804224,10.488149],[98.804788,10.488424],[98.805478,10.48858],[98.806127,10.488579],[98.808909,10.488173],[98.809482,10.488224],[98.810013,10.488385],[98.810857,10.488991],[98.814181,10.492448],[98.814637,10.493392],[98.814873,10.494651],[98.814858,10.495281],[98.815232,10.496369],[98.816364,10.497673],[98.816933,10.498515],[98.817283,10.499531],[98.817456,10.501355],[98.818698,10.508585],[98.818673,10.509356],[98.818349,10.510199],[98.81666,10.512424],[98.816538,10.513481],[98.816632,10.514486],[98.817308,10.516408],[98.818079,10.517743],[98.818454,10.518796],[98.818673,10.519918],[98.818652,10.521075],[98.818523,10.522182],[98.81796,10.526037],[98.818044,10.526598],[98.818425,10.52694],[98.81897,10.527093],[98.819841,10.527129],[98.820576,10.52729],[98.820994,10.527511],[98.821317,10.527791],[98.821618,10.528233],[98.821788,10.528806],[98.821713,10.529327],[98.821414,10.529754],[98.821011,10.530134],[98.820577,10.530432],[98.819711,10.530724],[98.819302,10.530753],[98.818628,10.53066],[98.816323,10.530041],[98.814576,10.529739],[98.813468,10.52978],[98.81318,10.529968],[98.812967,10.530262],[98.812857,10.530583],[98.812815,10.530964],[98.812892,10.531421],[98.814473,10.534654],[98.814732,10.535381],[98.815041,10.536821],[98.815192,10.538301],[98.815177,10.539144],[98.814946,10.53947],[98.814556,10.539622],[98.813931,10.539589],[98.813199,10.539409],[98.812004,10.538941],[98.811159,10.538801],[98.810477,10.538895],[98.809711,10.539245],[98.809426,10.539621],[98.809469,10.540143],[98.809733,10.540487],[98.812278,10.541877],[98.816175,10.544424],[98.817114,10.545406],[98.81768,10.54662],[98.817642,10.547089],[98.816942,10.54769],[98.81629,10.547978],[98.814536,10.54855],[98.81404,10.5489],[98.81371,10.549286],[98.812811,10.551578],[98.812724,10.55238],[98.812828,10.553684],[98.812732,10.554164],[98.812274,10.554415],[98.811834,10.554396],[98.810239,10.553636],[98.809692,10.553513],[98.808574,10.553704],[98.807739,10.554096],[98.807258,10.554416],[98.805735,10.555804],[98.805527,10.556205],[98.805282,10.557106],[98.804611,10.558558],[98.8044,10.558905],[98.803839,10.559347],[98.803451,10.559416],[98.802347,10.559418],[98.801921,10.559325],[98.800524,10.55808],[98.80003,10.557824],[98.799333,10.557911],[98.79878,10.558172],[98.798589,10.558431],[98.798438,10.558885],[98.798491,10.559681],[98.799065,10.561429],[98.799607,10.562037],[98.801302,10.562769],[98.804018,10.563223],[98.804685,10.564089],[98.804829,10.564573],[98.805116,10.566508],[98.805342,10.567175],[98.805995,10.568435],[98.806992,10.572064],[98.807233,10.573207],[98.807357,10.574285],[98.80726,10.576761],[98.807425,10.577838],[98.807733,10.57839],[98.809186,10.579771],[98.809763,10.581454],[98.809679,10.581921],[98.809458,10.582418],[98.808452,10.583805],[98.808097,10.584472],[98.807583,10.586208],[98.807451,10.587654],[98.807774,10.588733],[98.808568,10.589613],[98.810724,10.590982],[98.810885,10.591327],[98.810878,10.5918],[98.810739,10.592225],[98.80972,10.593304],[98.809064,10.593371],[98.808568,10.593177],[98.807729,10.592546],[98.806555,10.591433],[98.805784,10.590576],[98.805504,10.590022],[98.804871,10.58815],[98.80414,10.587084],[98.803679,10.586553],[98.802714,10.586157],[98.802141,10.586152],[98.801855,10.586267],[98.801646,10.586438],[98.801518,10.586981],[98.802053,10.591032],[98.801992,10.591746],[98.801691,10.592664],[98.80086,10.593603],[98.798911,10.594134],[98.797595,10.594388],[98.797306,10.59462],[98.797079,10.59508],[98.796958,10.595732],[98.79693,10.5962],[98.797073,10.596619],[98.797532,10.597389],[98.798203,10.598284],[98.79859,10.598665],[98.799099,10.598992],[98.80037,10.599364],[98.800721,10.599536],[98.801027,10.59993],[98.80136,10.601202],[98.801474,10.601878],[98.801448,10.602281],[98.801028,10.603248],[98.800567,10.603926],[98.79952,10.604888],[98.799247,10.604992],[98.798756,10.605009],[98.798365,10.604897],[98.796517,10.604052],[98.794643,10.603559],[98.791524,10.603649],[98.791094,10.603741],[98.790339,10.604107],[98.789758,10.604921],[98.789427,10.605218],[98.788271,10.605956],[98.787821,10.606103],[98.787314,10.606156],[98.786591,10.606099],[98.785545,10.606186],[98.78503,10.606009],[98.784651,10.605711],[98.784264,10.60516],[98.783647,10.604104],[98.78311,10.60247],[98.782742,10.60193],[98.78186,10.601233],[98.781484,10.601132],[98.781122,10.601235],[98.780357,10.601953],[98.780077,10.602609],[98.780189,10.603651],[98.780707,10.605747],[98.781004,10.607559],[98.781342,10.608822],[98.781424,10.609734],[98.781123,10.611849],[98.780902,10.612782],[98.780901,10.615533],[98.780805,10.615899],[98.780486,10.616137],[98.779997,10.616239],[98.778363,10.615984],[98.774359,10.616124],[98.773955,10.616348],[98.773668,10.616744],[98.77346,10.617209],[98.773257,10.618163],[98.773124,10.618432],[98.771979,10.619088],[98.770891,10.620131],[98.77079,10.620488],[98.770813,10.621217],[98.771144,10.621948],[98.771694,10.622321],[98.772471,10.622471],[98.772856,10.622672],[98.774744,10.624282],[98.775109,10.624994],[98.775259,10.626319],[98.774738,10.628336],[98.774571,10.629836],[98.774606,10.630186],[98.774882,10.630601],[98.775804,10.630999],[98.776319,10.631439],[98.777007,10.632956],[98.777194,10.63357],[98.777095,10.634091],[98.776416,10.635189],[98.776055,10.636252],[98.775992,10.636675],[98.77611,10.638547],[98.776441,10.639879],[98.778037,10.642517],[98.778723,10.643044],[98.779901,10.643552],[98.780751,10.644175],[98.782507,10.645814],[98.783164,10.646705],[98.78345,10.647543],[98.783673,10.649152],[98.784479,10.651745],[98.784589,10.652313],[98.784632,10.652723],[98.784542,10.653116],[98.783424,10.654773],[98.782976,10.656001],[98.782871,10.65689],[98.782851,10.658092],[98.782999,10.660586],[98.782936,10.661281],[98.782287,10.66294],[98.782052,10.664018],[98.782098,10.665063],[98.782304,10.66636],[98.782228,10.668126],[98.78197,10.669263],[98.781814,10.669753],[98.781399,10.670583],[98.781137,10.671591],[98.78106,10.67256],[98.781152,10.673873],[98.780954,10.675242],[98.780799,10.675696],[98.779818,10.677532],[98.77968,10.678231],[98.780665,10.679927],[98.781391,10.681639],[98.782737,10.684056],[98.78296,10.684252],[98.783415,10.684272],[98.783756,10.6841],[98.783956,10.683883],[98.784031,10.683655],[98.783976,10.683347],[98.783531,10.682576],[98.78349,10.682197],[98.783199,10.681442],[98.783203,10.681176],[98.783441,10.680684],[98.783667,10.680481],[98.784279,10.680265],[98.785491,10.680607],[98.786243,10.680687],[98.787411,10.681495],[98.789503,10.682643],[98.790049,10.683045],[98.790427,10.683119],[98.790957,10.682995],[98.791208,10.683085],[98.791364,10.68327],[98.79147,10.683762],[98.791513,10.685377],[98.79146,10.685572],[98.79001,10.686544],[98.789883,10.686846],[98.789883,10.687102],[98.79001,10.68735],[98.790503,10.687583],[98.791362,10.687646],[98.791797,10.687874],[98.792597,10.688607],[98.793341,10.689605],[98.793524,10.690294],[98.793211,10.6917],[98.793263,10.692072],[98.793494,10.692481],[98.794694,10.693407],[98.796073,10.696304],[98.796313,10.69658],[98.797006,10.697038],[98.797647,10.697929],[98.797808,10.698041],[98.798115,10.698043],[98.798824,10.697718],[98.799382,10.697676],[98.799932,10.697844],[98.80222,10.699532],[98.802757,10.700583],[98.803272,10.701909],[98.803549,10.703243],[98.803424,10.703711],[98.802637,10.704506],[98.801062,10.705549],[98.800935,10.706101],[98.801097,10.706613],[98.801319,10.706749],[98.801604,10.7068],[98.802953,10.706485],[98.80382,10.706413],[98.804276,10.706461],[98.805036,10.706815],[98.805505,10.706932],[98.807427,10.70715],[98.807722,10.707307],[98.808471,10.7082],[98.811349,10.711145],[98.812059,10.712067],[98.812545,10.712495],[98.812615,10.712768],[98.812559,10.712998],[98.812324,10.713143],[98.811064,10.713401],[98.809693,10.714108],[98.8095,10.7144],[98.809445,10.71491],[98.809606,10.715595],[98.809917,10.715921],[98.810397,10.716216],[98.812304,10.716918],[98.813161,10.717553],[98.815352,10.718034],[98.817626,10.718134],[98.818013,10.718313],[98.81893,10.71948],[98.819046,10.719882],[98.818599,10.721978],[98.818808,10.722944],[98.81913,10.723898],[98.819388,10.724353],[98.81968,10.724615],[98.820944,10.725076],[98.821888,10.725342],[98.823309,10.725423],[98.823639,10.725541],[98.823817,10.725735],[98.823984,10.726296],[98.82397,10.728222],[98.823862,10.729483],[98.823219,10.730911],[98.823276,10.73161],[98.823563,10.732154],[98.824378,10.732434],[98.825491,10.732474],[98.828626,10.733288],[98.829392,10.733883],[98.832224,10.737321],[98.832405,10.737971],[98.831829,10.73821],[98.831307,10.738539],[98.830998,10.739187],[98.832094,10.741002],[98.832988,10.741481],[98.835962,10.741344],[98.836159,10.741652],[98.835656,10.742581],[98.8348,10.743422],[98.836606,10.745097],[98.83697,10.746408],[98.83766,10.747485],[98.838152,10.747726],[98.839144,10.747329],[98.83952,10.747504],[98.8395,10.748212],[98.838751,10.749584],[98.83869,10.752255],[98.839725,10.753072],[98.840333,10.753789],[98.840686,10.753911],[98.840974,10.753547],[98.841075,10.75311],[98.841495,10.752658],[98.842279,10.752796],[98.84325,10.753273],[98.844665,10.753492],[98.844863,10.753762],[98.844941,10.754424],[98.845284,10.755317],[98.846188,10.756252],[98.846095,10.756497],[98.845097,10.757216],[98.844972,10.757777],[98.845222,10.757936],[98.845424,10.757921],[98.845612,10.757403],[98.845861,10.757331],[98.84611,10.757432],[98.846625,10.75854],[98.846578,10.759418],[98.846656,10.760065],[98.846812,10.760195],[98.847061,10.760224],[98.848308,10.760252],[98.849134,10.760886],[98.850085,10.76126],[98.849773,10.761663],[98.849695,10.761907],[98.849617,10.762339],[98.849695,10.762497],[98.850101,10.762872],[98.851332,10.763634],[98.852174,10.76444],[98.853935,10.766613],[98.854356,10.766944],[98.855385,10.768167],[98.855213,10.769016],[98.855774,10.770527],[98.85593,10.770642],[98.856959,10.770729],[98.857707,10.771261],[98.857863,10.771434],[98.857988,10.771894],[98.858362,10.772211],[98.858518,10.772484],[98.858658,10.773506],[98.859017,10.774082],[98.859188,10.774226],[98.860045,10.773952],[98.860528,10.773707],[98.860762,10.773707],[98.860934,10.773837],[98.861136,10.774341],[98.861136,10.774556],[98.860934,10.774945],[98.860731,10.775089],[98.8595,10.775549],[98.859282,10.775549],[98.858814,10.775334],[98.858393,10.775377],[98.858315,10.775506],[98.858331,10.775693],[98.858861,10.776183],[98.859172,10.77624],[98.860108,10.776845],[98.860793,10.777449],[98.86153,10.778279],[98.862633,10.778888],[98.862867,10.778874],[98.863022,10.778816],[98.863163,10.777291],[98.863381,10.776715],[98.863786,10.776528],[98.863958,10.776226],[98.86416,10.775362],[98.864534,10.775449],[98.864924,10.776427],[98.865298,10.776701],[98.865579,10.776657],[98.865922,10.77637],[98.866343,10.776629],[98.866607,10.776614],[98.86681,10.77601],[98.866841,10.775305],[98.866997,10.77529],[98.867434,10.775679],[98.867605,10.776053],[98.867714,10.776629],[98.868026,10.777305],[98.868229,10.77814],[98.868244,10.779262],[98.869273,10.780126],[98.869507,10.780485],[98.869663,10.781277],[98.870146,10.782054],[98.870239,10.782903],[98.870426,10.782932],[98.87066,10.782845],[98.871034,10.781968],[98.871252,10.781737],[98.871471,10.781708],[98.871829,10.781809],[98.872219,10.783047],[98.872468,10.78332],[98.872905,10.783608],[98.873232,10.783579],[98.873622,10.782946],[98.874074,10.783335],[98.874308,10.783392],[98.874884,10.783335],[98.875103,10.783435],[98.875414,10.784097],[98.87582,10.785349],[98.87582,10.78568],[98.87543,10.785723],[98.875305,10.785839],[98.875212,10.786299],[98.875804,10.787652],[98.876365,10.787983],[98.876552,10.78804],[98.87677,10.787997],[98.876973,10.787882],[98.877254,10.787004],[98.877394,10.78686],[98.877768,10.786875],[98.878142,10.787162],[98.878021,10.788101],[98.878157,10.788332],[98.878601,10.788448],[98.879639,10.788267],[98.879981,10.787896],[98.880033,10.787288],[98.880635,10.786368],[98.880745,10.785968],[98.880106,10.785047],[98.880122,10.784745],[98.8802,10.784687],[98.880527,10.784587],[98.881088,10.784817],[98.881743,10.784874],[98.882506,10.784587],[98.8826,10.78473],[98.882444,10.785407],[98.882569,10.785608],[98.883473,10.785522],[98.88394,10.785349],[98.883987,10.785148],[98.883738,10.785033],[98.883753,10.784687],[98.885238,10.784228],[98.885493,10.784065],[98.8854,10.783069],[98.885794,10.781747],[98.885864,10.781261],[98.885539,10.780264],[98.885516,10.779337],[98.886096,10.778896],[98.886327,10.778827],[98.886536,10.778479],[98.886536,10.778317],[98.886073,10.777413],[98.886165,10.77732],[98.886304,10.777343],[98.887324,10.778108],[98.888159,10.778433],[98.888646,10.778502],[98.889086,10.778386],[98.889132,10.778224],[98.888993,10.777274],[98.889086,10.776509],[98.888669,10.775744],[98.888669,10.775535],[98.888808,10.77528],[98.88904,10.775234],[98.889109,10.774956],[98.88904,10.774817],[98.888483,10.774747],[98.888367,10.774608],[98.888576,10.774144],[98.889202,10.774144],[98.88948,10.774608],[98.889804,10.774932],[98.890871,10.775628],[98.892447,10.776949],[98.893328,10.776764],[98.893745,10.776926],[98.894742,10.777505],[98.895136,10.778015],[98.8956,10.778317],[98.896782,10.77885],[98.897269,10.779221],[98.897871,10.779939],[98.89808,10.780078],[98.898798,10.779986],[98.899215,10.779731],[98.899656,10.779615],[98.900884,10.779476],[98.901974,10.779151],[98.902322,10.779174],[98.90253,10.779429],[98.902994,10.780612],[98.903411,10.780797],[98.903944,10.781214],[98.904338,10.781376],[98.905799,10.784668],[98.905845,10.785734],[98.905822,10.786198],[98.905636,10.786963],[98.905659,10.788539],[98.905544,10.789095],[98.90559,10.790023],[98.905428,10.790695],[98.90559,10.79095],[98.906564,10.791182],[98.906656,10.791321],[98.90661,10.791622],[98.906494,10.791761],[98.905822,10.791947],[98.905801,10.792339],[98.905996,10.792746],[98.907477,10.794732],[98.908272,10.795984],[98.908459,10.796775],[98.909036,10.798329],[98.909223,10.798617],[98.90941,10.798833],[98.910033,10.798977],[98.91075,10.799466],[98.911202,10.799999],[98.911405,10.800689],[98.911249,10.802416],[98.91128,10.802905],[98.911748,10.803697],[98.913385,10.804963],[98.913977,10.805956],[98.914273,10.806834],[98.914133,10.807884],[98.913728,10.80905],[98.912855,10.809942],[98.912917,10.810719],[98.913665,10.812058],[98.914398,10.813856],[98.914491,10.814274],[98.914663,10.814533],[98.915271,10.814835],[98.916611,10.814821],[98.916907,10.814921],[98.917297,10.815267],[98.917796,10.815972],[98.918232,10.816663],[98.918669,10.817569],[98.919292,10.818317],[98.920321,10.819368],[98.921521,10.820418],[98.921693,10.821929],[98.921942,10.82275],[98.922254,10.823412],[98.922191,10.824736],[98.922254,10.825254],[98.922846,10.825714],[98.923594,10.826203],[98.924098,10.82641],[98.924561,10.826434],[98.924935,10.826362],[98.925839,10.825714],[98.926634,10.824707],[98.926977,10.824505],[98.928816,10.824074],[98.929112,10.8238],[98.930188,10.822448],[98.930671,10.821037],[98.931045,10.820548],[98.93145,10.820203],[98.932105,10.819915],[98.932822,10.819713],[98.934926,10.81931],[98.936329,10.818922],[98.936594,10.818533],[98.93675,10.818015],[98.936875,10.816806],[98.936641,10.816332],[98.936064,10.815555],[98.935861,10.815065],[98.935815,10.814173],[98.93597,10.813238],[98.936126,10.813079],[98.936469,10.812935],[98.937046,10.813094],[98.937623,10.813526],[98.93781,10.813799],[98.938153,10.813957],[98.939041,10.813669],[98.939758,10.813266],[98.9418,10.813252],[98.942268,10.813454],[98.942611,10.813713],[98.943078,10.814346],[98.943374,10.814403],[98.943624,10.814331],[98.944247,10.813756],[98.945183,10.813324],[98.945635,10.812216],[98.945931,10.811986],[98.946367,10.811827],[98.947271,10.811971],[98.947614,10.812158],[98.947926,10.812475],[98.949251,10.812806],[98.950015,10.812792],[98.950326,10.813065],[98.950997,10.813338],[98.95254,10.813324],[98.953537,10.813497],[98.954332,10.813439],[98.955345,10.813209],[98.955704,10.813065],[98.956094,10.812691],[98.95692,10.812245],[98.957933,10.811899],[98.958245,10.811842],[98.958806,10.811986],[98.958993,10.812461],[98.959055,10.813295],[98.959227,10.813698],[98.959912,10.813885],[98.960302,10.814173],[98.960661,10.814921],[98.961159,10.815123],[98.962017,10.815166],[98.962173,10.815281],[98.962406,10.81567],[98.962593,10.816317],[98.963451,10.817713],[98.963685,10.81803],[98.963949,10.818231],[98.964479,10.81849],[98.965976,10.820505],[98.965119,10.821483],[98.9649,10.821973],[98.964869,10.822591],[98.965134,10.823268],[98.967425,10.824865],[98.968563,10.82593],[98.969343,10.826362],[98.970933,10.827815],[98.971618,10.828635],[98.971868,10.829542],[98.971977,10.83052],[98.972102,10.830923],[98.972413,10.831326],[98.973255,10.832003],[98.974268,10.832521],[98.974658,10.832406],[98.97723,10.830751],[98.977791,10.830506],[98.978492,10.83065],[98.978679,10.830866],[98.97896,10.830923],[98.979864,10.830506],[98.980238,10.830434],[98.981454,10.831067],[98.98281,10.831441],[98.983324,10.831758],[98.984119,10.832636],[98.985397,10.833168],[98.985616,10.833442],[98.985725,10.833873],[98.985475,10.835197],[98.985834,10.836147],[98.986177,10.836579],[98.986348,10.836939],[98.986364,10.837342],[98.986878,10.83809],[98.988608,10.839558],[98.989294,10.840608],[98.989793,10.843457],[98.98998,10.843932],[98.990183,10.844148],[98.990682,10.844163],[98.991149,10.843961],[98.99171,10.843472],[98.992162,10.843328],[98.993596,10.843256],[98.993877,10.843357],[98.994407,10.84376],[98.996916,10.846523],[98.997789,10.847127],[98.999239,10.847314],[99.000952,10.847751],[99.001889,10.847789],[99.002294,10.848307],[99.003712,10.849616],[99.004772,10.851012],[99.006534,10.852235],[99.007827,10.853746],[99.009963,10.85579],[99.01149,10.856696],[99.01121,10.857603],[99.011148,10.858121],[99.011101,10.858668],[99.01135,10.859445],[99.011381,10.860222],[99.011194,10.860524],[99.011007,10.861129],[99.011007,10.862007],[99.01135,10.862712],[99.011646,10.864122],[99.011257,10.865288],[99.011225,10.865633],[99.01135,10.866137],[99.011849,10.867058],[99.01202,10.867691],[99.01188,10.869518],[99.012254,10.870857],[99.012254,10.871346],[99.011927,10.872152],[99.011412,10.872929],[99.010836,10.873432],[99.01043,10.873706],[99.009433,10.87408],[99.008841,10.874483],[99.009324,10.875965],[99.009293,10.876656],[99.008965,10.877131],[99.008654,10.877807],[99.008061,10.878412],[99.007781,10.878512],[99.007282,10.878541],[99.006986,10.878671],[99.006736,10.878843],[99.006269,10.879448],[99.005973,10.879649],[99.004523,10.879937],[99.002294,10.880613],[99.001795,10.8807],[99.000766,10.880397],[99.00047,10.880397],[99.00033,10.880628],[99.000392,10.881232],[99.000938,10.88247],[99.001795,10.882916],[99.002949,10.883837],[99.003447,10.884571],[99.003603,10.885031],[99.003728,10.886988],[99.003946,10.887823],[99.00538,10.889305],[99.005521,10.890125],[99.00591,10.891032],[99.005973,10.892169],[99.005863,10.892644],[99.005832,10.893363],[99.005661,10.893593],[99.005333,10.89391],[99.004663,10.894284],[99.003977,10.894788],[99.003822,10.895737],[99.003728,10.897277],[99.003619,10.897594],[99.003058,10.8984],[99.002949,10.898889],[99.002871,10.899378],[99.002902,10.900961],[99.003744,10.902228],[99.004102,10.903465],[99.004227,10.904271],[99.004055,10.904717],[99.003603,10.905451],[99.003198,10.907192],[99.002949,10.907466],[99.002481,10.907696],[99.001826,10.907897],[99.001031,10.908012],[99.00033,10.908444],[99.000127,10.908732],[98.999925,10.909739],[98.999722,10.909984],[98.997743,10.911178],[98.997976,10.911567],[98.998989,10.912603],[99.000112,10.913495],[99.000299,10.913754],[99.000346,10.914186],[99.000221,10.914531],[98.999395,10.915323],[98.999317,10.915553],[98.999317,10.915812],[98.999566,10.916316],[98.999442,10.917193],[98.999473,10.918028],[98.9998,10.919597],[99.000268,10.920115],[99.000314,10.921237],[98.999909,10.921856],[98.999364,10.922475],[98.999254,10.922849],[98.999286,10.923554],[98.999909,10.92472],[99.001452,10.926562],[99.001764,10.927281],[99.001842,10.928116],[99.002013,10.928404],[99.003619,10.929166],[99.003946,10.929598],[99.004009,10.930303],[99.003899,10.930648],[99.003634,10.930979],[99.003572,10.931267],[99.003541,10.933023],[99.003338,10.9338],[99.002949,10.934447],[99.002949,10.935066],[99.003323,10.935311],[99.004414,10.93557],[99.005817,10.936347],[99.00595,10.936572],[99.006006,10.936935],[99.0061,10.938233],[99.006231,10.938389],[99.00655,10.938544],[99.007131,10.938614],[99.007974,10.93896],[99.008668,10.939548],[99.009999,10.941244],[99.010805,10.941763],[99.011892,10.9423],[99.012079,10.942698],[99.012098,10.944602],[99.012192,10.945346],[99.012417,10.946211],[99.012792,10.94718],[99.013035,10.947613],[99.013617,10.948288],[99.014929,10.948651],[99.014966,10.948928],[99.01416,10.950191],[99.013973,10.951143],[99.01401,10.952078],[99.014516,10.953064],[99.014723,10.953289],[99.015341,10.953497],[99.015472,10.953774],[99.015716,10.954829],[99.015622,10.955868],[99.015641,10.956785],[99.015866,10.958619],[99.015979,10.958948],[99.016541,10.959225],[99.017497,10.960021],[99.017797,10.960367],[99.017909,10.960713],[99.017741,10.961873],[99.017928,10.962236],[99.018547,10.962808],[99.018678,10.963967],[99.018678,10.964486],[99.018547,10.964832],[99.020384,10.96684],[99.021096,10.96748],[99.022877,10.969332],[99.023852,10.970734],[99.028557,10.969678],[99.030337,10.969193],[99.030956,10.967705],[99.031012,10.96684],[99.031181,10.966442],[99.031481,10.96613],[99.032699,10.965525],[99.033206,10.964884],[99.033299,10.964434],[99.033524,10.964175],[99.034105,10.963915],[99.035361,10.96395],[99.036655,10.963431],[99.037367,10.963257],[99.038042,10.963275],[99.038529,10.963136],[99.038773,10.963032],[99.039317,10.962479],[99.039541,10.962184],[99.039766,10.961596],[99.039898,10.961527],[99.040497,10.961596],[99.04211,10.962288],[99.044022,10.962236],[99.044565,10.962098],[99.045165,10.962133],[99.046215,10.962271],[99.047621,10.962842],[99.049158,10.962479],[99.049739,10.96215],[99.049926,10.961942],[99.049833,10.960887],[99.049514,10.959087],[99.049645,10.958325],[99.050039,10.957789],[99.05047,10.95637],[99.050395,10.954881],[99.050545,10.95457],[99.052195,10.95386],[99.052551,10.953497],[99.052682,10.952753],[99.052719,10.951766],[99.053357,10.950797],[99.053638,10.950226],[99.053807,10.949741],[99.054013,10.948668],[99.054407,10.948288],[99.056169,10.947457],[99.056712,10.947284],[99.057799,10.947301],[99.058399,10.947717],[99.058755,10.948201],[99.059843,10.95014],[99.060611,10.951039],[99.061005,10.951351],[99.063254,10.952268],[99.066066,10.952649],[99.066591,10.952666],[99.067322,10.952476],[99.06974,10.952614],[99.071296,10.953445],[99.071652,10.953791],[99.072215,10.953981],[99.072927,10.953981],[99.075364,10.953739],[99.075814,10.953912],[99.076901,10.95386],[99.077313,10.953981],[99.078044,10.954553],[99.078682,10.954691],[99.079319,10.954951],[99.080294,10.955574],[99.081081,10.956474],[99.081025,10.957945],[99.081194,10.958187],[99.08215,10.958619],[99.082637,10.959294],[99.082918,10.959467],[99.083237,10.959502],[99.083451,10.95973],[99.083686,10.960468],[99.08359,10.963576],[99.084698,10.964166],[99.085369,10.964678],[99.087095,10.965061],[99.087713,10.965258],[99.088096,10.965504],[99.088533,10.965976],[99.088778,10.966389],[99.089673,10.967137],[99.089982,10.96754],[99.090856,10.9693],[99.09158,10.970559],[99.092646,10.9717],[99.093487,10.972467],[99.093849,10.972949],[99.093839,10.973146],[99.093413,10.973726],[99.092102,10.975074],[99.09272,10.975812],[99.093082,10.976648],[99.093018,10.977297],[99.09256,10.979156],[99.092582,10.979628],[99.093157,10.979854],[99.093391,10.980031],[99.09354,10.980405],[99.093477,10.980828],[99.093551,10.981064],[99.094819,10.98192],[99.095597,10.982736],[99.095703,10.983041],[99.095746,10.983926],[99.095416,10.984546],[99.095149,10.985372],[99.095171,10.986552],[99.095352,10.986916],[99.095458,10.987093],[99.096001,10.9873],[99.096555,10.988077],[99.096769,10.988578],[99.097035,10.988883],[99.097291,10.989099],[99.098335,10.989562],[99.098708,10.989867],[99.098835,10.990585],[99.098665,10.991273],[99.098686,10.991971],[99.099997,10.99263],[99.100178,10.994381],[99.100071,10.995276],[99.100135,10.996073],[99.100274,10.996525],[99.101147,10.998099],[99.101445,10.998709],[99.101509,10.999004],[99.101786,10.999427],[99.101904,10.999958],[99.101218,11.001119],[99.101132,11.001462],[99.101132,11.002041],[99.101474,11.00241],[99.101959,11.003253],[99.102673,11.005018],[99.102701,11.007678],[99.103044,11.009101],[99.103243,11.00947],[99.103386,11.00997],[99.1035,11.011314],[99.103671,11.01163],[99.103729,11.012762],[99.103814,11.013105],[99.104527,11.013948],[99.104984,11.014264],[99.105355,11.014264],[99.10604,11.01408],[99.10681,11.013605],[99.107181,11.013526],[99.108722,11.014396],[99.110462,11.015081],[99.111062,11.015186],[99.111803,11.015528],[99.112945,11.017504],[99.113687,11.01861],[99.113915,11.019137],[99.114971,11.020454],[99.115798,11.020718],[99.117168,11.020929],[99.118709,11.020902],[99.119165,11.021087],[99.120535,11.022641],[99.121162,11.023642],[99.121647,11.024063],[99.122732,11.024327],[99.124158,11.025012],[99.124957,11.025512],[99.125842,11.026223],[99.126612,11.02654],[99.12724,11.026961],[99.127725,11.027488],[99.127868,11.027857],[99.128296,11.028436],[99.128638,11.029385],[99.129066,11.030043],[99.129722,11.030333],[99.131434,11.030886],[99.131891,11.030807],[99.133146,11.03028],[99.134117,11.029622],[99.134887,11.029595],[99.13503,11.029806],[99.135115,11.030833],[99.135657,11.031281],[99.1362,11.031281],[99.136628,11.031176],[99.136941,11.030965],[99.137255,11.030359],[99.137512,11.030069],[99.138083,11.029701],[99.138397,11.029648],[99.139367,11.02978],[99.139823,11.030017],[99.140166,11.03057],[99.140451,11.030728],[99.14125,11.030781],[99.142677,11.030227],[99.144389,11.029753],[99.14513,11.029595],[99.146842,11.029516],[99.147356,11.029938],[99.14787,11.030702],[99.148012,11.03107],[99.148126,11.032914],[99.148526,11.033468],[99.148811,11.033678],[99.149239,11.03381],[99.150694,11.033942],[99.152578,11.033705],[99.153576,11.033784],[99.155032,11.033626],[99.15837,11.033836],[99.158684,11.0341],[99.159483,11.035127],[99.160168,11.036286],[99.160938,11.037235],[99.161337,11.037577],[99.162251,11.038183],[99.16342,11.038288],[99.163791,11.038394],[99.164219,11.038657],[99.164476,11.039],[99.16479,11.039895],[99.164819,11.040317],[99.164619,11.04116],[99.164562,11.041897],[99.164761,11.04245],[99.165475,11.042846],[99.165903,11.042846],[99.166302,11.04274],[99.167387,11.04274],[99.168785,11.043109],[99.16984,11.043162],[99.170953,11.04353],[99.171952,11.044505],[99.172494,11.045611],[99.17258,11.04656],[99.171324,11.048404],[99.170925,11.050274],[99.170696,11.050748],[99.170126,11.051486],[99.170069,11.051881],[99.170183,11.052276],[99.170611,11.052961],[99.170668,11.053303],[99.170925,11.053672],[99.171181,11.054673],[99.171438,11.055253],[99.171923,11.055964],[99.172123,11.056438],[99.172751,11.057229],[99.174463,11.058704],[99.174834,11.058809],[99.175433,11.058809],[99.177173,11.059494],[99.177659,11.059468],[99.178315,11.059257],[99.179,11.059257],[99.17997,11.059836],[99.180227,11.060153],[99.180169,11.060442],[99.178457,11.061233],[99.177887,11.061812],[99.17743,11.062523],[99.177173,11.063287],[99.177173,11.063472],[99.177316,11.063788],[99.17783,11.064473],[99.178029,11.066422],[99.178343,11.067239],[99.178686,11.068846],[99.178486,11.069478],[99.178457,11.070347],[99.179114,11.071401],[99.179456,11.071796],[99.180084,11.072217],[99.180169,11.072586],[99.179998,11.072823],[99.177915,11.073903],[99.177687,11.074615],[99.177716,11.076195],[99.177659,11.076696],[99.177402,11.077196],[99.177402,11.077486],[99.177544,11.07796],[99.178515,11.080568],[99.178857,11.082149],[99.179428,11.082965],[99.179827,11.083229],[99.181796,11.083413],[99.182424,11.084072],[99.182966,11.084309],[99.183793,11.084519],[99.184763,11.08444],[99.186219,11.083861],[99.187874,11.083545],[99.188901,11.08365],[99.190128,11.084151],[99.191098,11.085573],[99.192096,11.086311],[99.192325,11.086706],[99.19301,11.087338],[99.195378,11.087865],[99.198288,11.089761],[99.199743,11.090394],[99.2002,11.090657],[99.200685,11.091079],[99.201027,11.091447],[99.201142,11.09179],[99.20117,11.094688],[99.20137,11.09532],[99.202026,11.096452],[99.203196,11.097559],[99.20408,11.098586],[99.204794,11.099087],[99.207191,11.099614],[99.20759,11.099614],[99.20799,11.099376],[99.20856,11.098718],[99.209045,11.098375],[99.209274,11.098244],[99.209844,11.098112],[99.210358,11.098112],[99.211442,11.098481],[99.212441,11.09856],[99.212726,11.098902],[99.21284,11.100325],[99.213069,11.100773],[99.213896,11.101115],[99.214838,11.101115],[99.215579,11.101194],[99.216007,11.101326],[99.216721,11.101958],[99.216664,11.10238],[99.216749,11.104487],[99.217092,11.10533],[99.217406,11.10583],[99.217777,11.106146],[99.220202,11.10612],[99.221543,11.106357],[99.223398,11.106937],[99.223626,11.107227],[99.226479,11.10915],[99.226479,11.109439],[99.226165,11.109887],[99.226165,11.110256],[99.226451,11.110835],[99.227906,11.111362],[99.228676,11.112521],[99.22879,11.112943],[99.228933,11.116051],[99.229447,11.117421],[99.22996,11.118238],[99.23036,11.119502],[99.230474,11.120319],[99.230331,11.121662],[99.230046,11.122373],[99.230074,11.12319],[99.230388,11.125482],[99.230417,11.128538],[99.230331,11.12967],[99.230131,11.130592],[99.229846,11.130935],[99.228362,11.131488],[99.227763,11.13183],[99.227135,11.132357],[99.226337,11.133753],[99.225538,11.134833],[99.22451,11.135387],[99.224567,11.136124],[99.224853,11.136467],[99.225309,11.137705],[99.225481,11.13947],[99.225481,11.139997],[99.225338,11.140576],[99.225395,11.141129],[99.225623,11.141551],[99.225709,11.142104],[99.225909,11.142473],[99.226308,11.14271],[99.22685,11.142736],[99.22822,11.142367],[99.229133,11.142288],[99.229932,11.143],[99.230645,11.143158],[99.232585,11.143052],[99.232928,11.143184],[99.233613,11.144343],[99.234069,11.146003],[99.234155,11.146582],[99.234497,11.147372],[99.235638,11.148742],[99.236494,11.149006],[99.237579,11.149559],[99.23852,11.15106],[99.239148,11.151851],[99.239405,11.15243],[99.240689,11.154169],[99.24066,11.155249],[99.240746,11.155565],[99.240946,11.155644],[99.241431,11.155644],[99.242201,11.154906],[99.243171,11.154669],[99.243828,11.154748],[99.244484,11.155354],[99.24514,11.156777],[99.245996,11.157962],[99.246338,11.158884],[99.246966,11.159938],[99.247451,11.160438],[99.24805,11.161308],[99.248593,11.162467],[99.249392,11.163441],[99.249991,11.164627],[99.250875,11.165364],[99.25136,11.165654],[99.252587,11.167182],[99.2537,11.168262],[99.25447,11.169421],[99.254784,11.17008],[99.254585,11.170659],[99.253044,11.171976],[99.252844,11.172345],[99.252816,11.173689],[99.253015,11.174637],[99.253386,11.175164],[99.253871,11.175506],[99.255155,11.176744],[99.25604,11.178351],[99.256525,11.180222],[99.257295,11.181512],[99.258208,11.182645],[99.258494,11.183304],[99.258636,11.183857],[99.258636,11.185385],[99.258808,11.185859],[99.26012,11.186833],[99.260234,11.187097],[99.260206,11.187387],[99.259549,11.188098],[99.258922,11.188598],[99.258579,11.189784],[99.258522,11.190917],[99.258294,11.191417],[99.258208,11.191839],[99.259692,11.192813],[99.26052,11.193683],[99.26089,11.193287],[99.261204,11.19334],[99.261746,11.193972],[99.262032,11.194446],[99.262802,11.196369],[99.263145,11.198319],[99.263373,11.19903],[99.264029,11.200242],[99.264429,11.201875],[99.264257,11.202613],[99.264029,11.203139],[99.264486,11.205036],[99.264857,11.205537],[99.265171,11.206459],[99.26537,11.207749],[99.26537,11.208382],[99.265285,11.209067],[99.264999,11.20962],[99.264571,11.210068],[99.264172,11.210884],[99.263887,11.21178],[99.263801,11.212728],[99.263601,11.213097],[99.263487,11.214019],[99.26363,11.214809],[99.265313,11.216627],[99.266569,11.219024],[99.268937,11.221131],[99.269536,11.222238],[99.270421,11.223476],[99.27062,11.223976],[99.270535,11.224582],[99.270592,11.225715],[99.271105,11.226637],[99.27179,11.227137],[99.272789,11.227269],[99.27393,11.227664],[99.274815,11.228797],[99.274986,11.229508],[99.275243,11.230009],[99.275443,11.231326],[99.2755,11.232327],[99.275699,11.232722],[99.276127,11.233223],[99.276812,11.233749],[99.277583,11.234487],[99.278581,11.235962],[99.278924,11.236199],[99.279837,11.236252],[99.280093,11.236463],[99.280407,11.236911],[99.280864,11.238412],[99.281263,11.239334],[99.281463,11.240335],[99.282519,11.243154],[99.282804,11.243654],[99.283147,11.243997],[99.283803,11.244339],[99.284801,11.24455],[99.2856,11.244866],[99.286742,11.24505],[99.287512,11.24563],[99.287797,11.246051],[99.288853,11.246868],[99.291279,11.248211],[99.291621,11.248238],[99.292334,11.247632],[99.293133,11.2475],[99.294218,11.247922],[99.296015,11.248027],[99.296386,11.248132],[99.2967,11.248475],[99.296871,11.248844],[99.297122,11.250009],[99.297599,11.250814],[99.297797,11.251437],[99.298273,11.252413],[99.298483,11.252746],[99.298785,11.252971],[99.299157,11.253025],[99.300994,11.252639],[99.301284,11.252757],[99.301575,11.253068],[99.302121,11.254066],[99.3029,11.25471],[99.304458,11.254925],[99.306144,11.25485],[99.307167,11.255161],[99.307411,11.255451],[99.307899,11.256932],[99.308236,11.257619],[99.308318,11.258209],[99.308178,11.258617],[99.308039,11.259883],[99.308178,11.260087],[99.309271,11.260721],[99.309562,11.26115],[99.309631,11.261847],[99.309794,11.262084],[99.310329,11.262631],[99.310631,11.26276],[99.310922,11.263017],[99.311085,11.264241],[99.311433,11.265164],[99.311398,11.265765],[99.311015,11.266763],[99.311003,11.267053],[99.311491,11.267858],[99.312956,11.269167],[99.313352,11.269886],[99.313538,11.270498],[99.313956,11.271314],[99.314572,11.272033],[99.316037,11.272226],[99.316444,11.272366],[99.316979,11.272806],[99.317211,11.273203],[99.317223,11.273793],[99.317095,11.274212],[99.317072,11.274641],[99.317188,11.275049],[99.317653,11.275424],[99.318897,11.2758],[99.319769,11.276347],[99.32071,11.277496],[99.321141,11.278247],[99.321338,11.278816],[99.321873,11.279567],[99.322977,11.280845],[99.324047,11.281703],[99.324396,11.281864],[99.324582,11.282154],[99.32457,11.283893],[99.324628,11.284139],[99.324768,11.284494],[99.325616,11.285288],[99.325872,11.285728],[99.325884,11.287016],[99.325826,11.287681],[99.325593,11.288486],[99.324779,11.289785],[99.324372,11.290214],[99.32414,11.290772],[99.323977,11.291545],[99.323977,11.291813],[99.324093,11.292028],[99.324663,11.292747],[99.324698,11.293735],[99.323977,11.296042],[99.323954,11.297008],[99.323733,11.297985],[99.323233,11.298736],[99.322071,11.299992],[99.321768,11.300861],[99.321733,11.301419],[99.321466,11.302052],[99.319711,11.305251],[99.318967,11.306099],[99.31792,11.307011],[99.317014,11.307666],[99.316211,11.308696],[99.315526,11.310875],[99.315258,11.311379],[99.315002,11.311766],[99.313421,11.313376],[99.313084,11.313848],[99.312875,11.314664],[99.312387,11.315898],[99.312329,11.31622],[99.312387,11.316381],[99.313561,11.316778],[99.315026,11.318055],[99.316793,11.318849],[99.318164,11.319332],[99.318606,11.319708],[99.318769,11.319955],[99.31906,11.321189],[99.320001,11.322681],[99.320338,11.324076],[99.320269,11.325053],[99.320385,11.325214],[99.321827,11.325235],[99.32271,11.325418],[99.323245,11.325654],[99.323698,11.326008],[99.324105,11.326598],[99.325221,11.327511],[99.325837,11.328208],[99.326093,11.328584],[99.326186,11.329571],[99.325849,11.330902],[99.325837,11.331836],[99.326628,11.33351],[99.326651,11.334948],[99.327232,11.335753],[99.327779,11.336172],[99.331208,11.336913],[99.332406,11.335936],[99.332766,11.335367],[99.332789,11.335109],[99.333231,11.334508],[99.333487,11.334262],[99.334056,11.333961],[99.335928,11.333703],[99.33823,11.333596],[99.338869,11.333339],[99.340753,11.332931],[99.341939,11.332974],[99.342101,11.333049],[99.342555,11.333897],[99.342531,11.334777],[99.342473,11.335185],[99.342322,11.335539],[99.341485,11.336955],[99.341508,11.337406],[99.341985,11.338276],[99.342369,11.338533],[99.342531,11.338791],[99.342578,11.339188],[99.34252,11.340111],[99.342799,11.340894],[99.342962,11.341785],[99.342869,11.342451],[99.342613,11.342987],[99.34259,11.343427],[99.343299,11.344383],[99.343392,11.345939],[99.343659,11.346475],[99.343868,11.346679],[99.344078,11.347302],[99.344171,11.347903],[99.344368,11.348311],[99.344949,11.349041],[99.345182,11.349212],[99.346042,11.349481],[99.346159,11.349631],[99.346228,11.350049],[99.346193,11.350822],[99.346298,11.351133],[99.346507,11.351305],[99.34724,11.351348],[99.348042,11.351241],[99.349925,11.352057],[99.351657,11.353098],[99.35289,11.354267],[99.353773,11.355534],[99.354587,11.35636],[99.355273,11.357004],[99.356738,11.358045],[99.357551,11.358818],[99.359016,11.360739],[99.35933,11.361308],[99.360411,11.362607],[99.360551,11.362907],[99.360597,11.364174],[99.360202,11.365086],[99.360249,11.365344],[99.360388,11.365558],[99.361516,11.36602],[99.361899,11.366288],[99.362097,11.366503],[99.362457,11.367383],[99.362783,11.367877],[99.363318,11.36822],[99.363992,11.368413],[99.36448,11.368843],[99.364782,11.369368],[99.365364,11.371021],[99.365736,11.371569],[99.366061,11.371794],[99.367247,11.372256],[99.368886,11.372277],[99.369258,11.372374],[99.371037,11.373254],[99.371862,11.373479],[99.372769,11.373372],[99.374141,11.373425],[99.374641,11.373705],[99.375257,11.37422],[99.376013,11.374638],[99.379233,11.375679],[99.380442,11.376356],[99.381093,11.37686],[99.381232,11.377053],[99.381605,11.378126],[99.382151,11.378899],[99.383151,11.379994],[99.383499,11.380209],[99.38522,11.381808],[99.385615,11.382065],[99.386057,11.382141],[99.387382,11.381861],[99.389208,11.381658],[99.390754,11.381679],[99.391963,11.382119],[99.394706,11.382559],[99.395416,11.382806],[99.396369,11.383386],[99.397845,11.38477],[99.39874,11.385446],[99.401391,11.388247],[99.402019,11.38872],[99.402298,11.389192],[99.402356,11.390576],[99.401751,11.391897],[99.401728,11.392669],[99.401868,11.393335],[99.401868,11.394054],[99.401577,11.394655],[99.401042,11.395116],[99.400542,11.395857],[99.400426,11.396801],[99.400647,11.397671],[99.4006,11.398068],[99.400124,11.398884],[99.399078,11.400182],[99.398822,11.400858],[99.39881,11.401535],[99.398985,11.403048],[99.399357,11.403928],[99.400159,11.40425],[99.402344,11.404905],[99.403309,11.405291],[99.403995,11.405806],[99.404181,11.406236],[99.404065,11.407384],[99.403925,11.407792],[99.403088,11.408811],[99.402391,11.409423],[99.401786,11.41055],[99.401565,11.411259],[99.401449,11.412568],[99.401461,11.412901],[99.40174,11.413952],[99.402623,11.415369],[99.402705,11.415648],[99.402182,11.419534],[99.402228,11.420263],[99.402751,11.422249],[99.402751,11.423784],[99.402356,11.424846],[99.401019,11.427669],[99.400752,11.428452],[99.400554,11.428839],[99.400205,11.429268],[99.399729,11.430588],[99.399636,11.43135],[99.399171,11.432756],[99.397345,11.435719],[99.396973,11.435944],[99.396718,11.436234],[99.395834,11.43765],[99.394921,11.438317],[99.394902,11.439393],[99.395117,11.440429],[99.395626,11.440703],[99.396564,11.441016],[99.397099,11.441135],[99.397299,11.441096],[99.397787,11.441332],[99.39795,11.441686],[99.398066,11.442319],[99.398299,11.442695],[99.399066,11.442727],[99.399496,11.442877],[99.399694,11.443038],[99.400054,11.443435],[99.400418,11.44526],[99.400202,11.446708],[99.398031,11.449583],[99.395704,11.451656],[99.395293,11.45326],[99.394198,11.456057],[99.394139,11.457778],[99.394257,11.459343],[99.394139,11.460027],[99.393728,11.46122],[99.394265,11.461831],[99.394764,11.461971],[99.395078,11.461907],[99.395741,11.461445],[99.396241,11.461338],[99.396555,11.461424],[99.396834,11.461627],[99.397299,11.462282],[99.397566,11.462991],[99.397682,11.463924],[99.397845,11.464096],[99.398089,11.464246],[99.398403,11.464257],[99.399659,11.463806],[99.400484,11.463753],[99.4011,11.463806],[99.401914,11.464397],[99.402368,11.465191],[99.402623,11.465481],[99.402867,11.465674],[99.403449,11.465921],[99.404948,11.465964],[99.406157,11.465523],[99.406867,11.465105],[99.408262,11.464461],[99.409494,11.464397],[99.409936,11.464611],[99.41011,11.464987],[99.410622,11.465717],[99.411075,11.466092],[99.411761,11.466232],[99.411889,11.466328],[99.411935,11.466693],[99.411796,11.467498],[99.411412,11.468496],[99.411331,11.468904],[99.411412,11.470407],[99.411366,11.471126],[99.411168,11.471974],[99.410842,11.4725],[99.410796,11.472983],[99.41097,11.473197],[99.411401,11.473434],[99.413377,11.474399],[99.413784,11.474464],[99.415574,11.474475],[99.41666,11.474723],[99.419126,11.475604],[99.419821,11.476063],[99.42,11.476375],[99.42004,11.476999],[99.419901,11.478026],[99.419841,11.479311],[99.419881,11.480431],[99.420199,11.480816],[99.420716,11.481128],[99.422127,11.481734],[99.423599,11.481991],[99.425388,11.482046],[99.426799,11.482027],[99.427117,11.481954],[99.427455,11.481789],[99.428489,11.479752],[99.429125,11.479183],[99.43004,11.478705],[99.430318,11.478705],[99.430616,11.478852],[99.430736,11.479146],[99.430736,11.48021],[99.430954,11.480981],[99.431392,11.481403],[99.432704,11.481881],[99.43332,11.481807],[99.435248,11.481],[99.436501,11.480633],[99.437515,11.480706],[99.43825,11.480669],[99.438688,11.480504],[99.439423,11.47999],[99.440576,11.479513],[99.442186,11.479531],[99.443359,11.479733],[99.444274,11.480284],[99.444314,11.481018],[99.444035,11.481697],[99.443618,11.482193],[99.4433,11.482725],[99.442385,11.484487],[99.442127,11.485735],[99.442186,11.487534],[99.442624,11.488506],[99.443459,11.489644],[99.443837,11.49069],[99.444075,11.491039],[99.444274,11.491223],[99.445745,11.491259],[99.446222,11.491406],[99.446441,11.491938],[99.44652,11.492507],[99.446659,11.492764],[99.447771,11.493301],[99.448595,11.496434],[99.448201,11.497868],[99.449439,11.499893],[99.447836,11.501834],[99.447386,11.502115],[99.448567,11.50459],[99.449917,11.505377],[99.450789,11.506587],[99.451295,11.507008],[99.451352,11.507275],[99.451305,11.507959],[99.451513,11.509242],[99.452023,11.510461],[99.452208,11.510675],[99.453575,11.510547],[99.454247,11.510675],[99.454872,11.510868],[99.456795,11.511809],[99.456841,11.513798],[99.457374,11.514268],[99.457976,11.514482],[99.458741,11.514653],[99.459389,11.51461],[99.459945,11.51476],[99.460223,11.514974],[99.460918,11.516364],[99.461682,11.518759],[99.462238,11.519486],[99.462933,11.520064],[99.463096,11.520577],[99.462864,11.521326],[99.462887,11.521689],[99.463235,11.522673],[99.463744,11.522951],[99.465621,11.523058],[99.4662,11.523379],[99.466362,11.523635],[99.46613,11.524598],[99.466732,11.52571],[99.467173,11.527164],[99.467451,11.527549],[99.467821,11.527977],[99.468447,11.528469],[99.469744,11.528982],[99.470624,11.529559],[99.471296,11.530372],[99.472246,11.531163],[99.472802,11.531441],[99.473821,11.532361],[99.474076,11.532853],[99.4744,11.533174],[99.474377,11.533837],[99.474168,11.534542],[99.474145,11.534906],[99.474354,11.536146],[99.474377,11.536767],[99.474215,11.538413],[99.474053,11.538841],[99.473775,11.539354],[99.473149,11.540017],[99.471667,11.541429],[99.471087,11.541835],[99.470508,11.542455],[99.469952,11.543396],[99.469651,11.544166],[99.471273,11.547053],[99.471041,11.547289],[99.470115,11.547267],[99.469698,11.547396],[99.469443,11.547609],[99.469211,11.548315],[99.469188,11.549021],[99.469003,11.54947],[99.468817,11.549662],[99.468192,11.549705],[99.46708,11.549149],[99.465922,11.5487],[99.465736,11.548743],[99.465343,11.549042],[99.465157,11.549406],[99.464462,11.549855],[99.463837,11.549855],[99.463165,11.549641],[99.463026,11.549812],[99.463049,11.551758],[99.463327,11.552464],[99.463837,11.554282],[99.463906,11.55533],[99.463814,11.556592],[99.463837,11.557597],[99.464161,11.558196],[99.464601,11.558602],[99.465482,11.559072],[99.465597,11.55935],[99.465644,11.559842],[99.465621,11.560185],[99.465366,11.561083],[99.465366,11.561425],[99.465783,11.562259],[99.465922,11.562345],[99.466941,11.562494],[99.467474,11.56273],[99.467659,11.563029],[99.468099,11.56412],[99.468285,11.565274],[99.468377,11.567306],[99.468076,11.56814],[99.467752,11.56844],[99.466756,11.56891],[99.466524,11.56921],[99.466779,11.572182],[99.466617,11.572439],[99.465551,11.57323],[99.465088,11.57385],[99.465065,11.574834],[99.465134,11.575347],[99.464879,11.575839],[99.464323,11.576374],[99.46291,11.577443],[99.462285,11.578021],[99.461196,11.578791],[99.460524,11.579411],[99.460501,11.579881],[99.460293,11.580758],[99.459945,11.581186],[99.459204,11.581785],[99.459065,11.58202],[99.45888,11.582683],[99.458416,11.583431],[99.458393,11.583709],[99.45881,11.584266],[99.459366,11.584715],[99.45969,11.5851],[99.460154,11.58542],[99.460385,11.585698],[99.461103,11.586041],[99.461497,11.586447],[99.462354,11.588094],[99.462957,11.588778],[99.463721,11.589227],[99.46386,11.589655],[99.46386,11.591024],[99.463721,11.591815],[99.463443,11.592456],[99.46203,11.593654],[99.46159,11.594146],[99.461567,11.594552],[99.461636,11.59483],[99.462099,11.595301],[99.462447,11.596178],[99.46247,11.596605],[99.462053,11.598659],[99.462215,11.599257],[99.463327,11.600049],[99.464717,11.600455],[99.465528,11.60084],[99.465713,11.601225],[99.465319,11.602401],[99.465366,11.602914],[99.465528,11.603342],[99.466084,11.604005],[99.466292,11.604369],[99.466408,11.605203],[99.46701,11.605973],[99.467705,11.60655],[99.468146,11.607406],[99.468701,11.609566],[99.468285,11.61179],[99.467613,11.614099],[99.467636,11.614762],[99.467844,11.615105],[99.4684,11.615661],[99.468887,11.616623],[99.469535,11.61688],[99.470161,11.617393],[99.470439,11.617821],[99.471203,11.618398],[99.471574,11.618783],[99.471898,11.619168],[99.472362,11.62028],[99.47264,11.620686],[99.473126,11.621007],[99.474192,11.621414],[99.474423,11.621585],[99.474655,11.621948],[99.47484,11.623424],[99.475165,11.62398],[99.475489,11.62413],[99.478269,11.623916],[99.478709,11.624215],[99.479172,11.624793],[99.479937,11.625349],[99.481234,11.625648],[99.481743,11.625883],[99.48216,11.626204],[99.482369,11.626504],[99.483851,11.627124],[99.484477,11.626953],[99.486376,11.626097],[99.487743,11.625627],[99.490963,11.625391],[99.491658,11.625434],[99.493098,11.625338],[99.494696,11.626013],[99.497194,11.628061],[99.496068,11.630311],[99.496203,11.630626],[99.496453,11.630888],[99.496754,11.63108],[99.498654,11.632834],[99.499627,11.633069],[99.501434,11.633283],[99.50192,11.633604],[99.502268,11.633989],[99.502407,11.634224],[99.502453,11.634588],[99.502754,11.635079],[99.503287,11.635422],[99.504538,11.635849],[99.507804,11.636555],[99.510005,11.636341],[99.511719,11.636363],[99.512808,11.636491],[99.513966,11.636448],[99.514962,11.636812],[99.515727,11.63694],[99.516259,11.636897],[99.517302,11.63647],[99.517881,11.635999],[99.518367,11.635379],[99.518483,11.63493],[99.51846,11.632984],[99.518738,11.631936],[99.519248,11.631016],[99.520429,11.629797],[99.521587,11.628364],[99.522074,11.627017],[99.522885,11.625541],[99.523417,11.625049],[99.524552,11.624237],[99.52629,11.623253],[99.526869,11.622782],[99.527935,11.622269],[99.529278,11.622034],[99.529857,11.621799],[99.531247,11.6209],[99.532035,11.621392],[99.533031,11.621799],[99.53595,11.62229],[99.537316,11.622825],[99.538011,11.623296],[99.539193,11.623424],[99.540745,11.623402],[99.541231,11.623595],[99.542042,11.624023],[99.542691,11.624793],[99.542945,11.625263],[99.543756,11.626247],[99.544474,11.627573],[99.546026,11.627936],[99.547324,11.627936],[99.548065,11.628043],[99.55015,11.628557],[99.55052,11.628407],[99.551864,11.627316],[99.553115,11.626439],[99.554621,11.625006],[99.555177,11.624622],[99.556011,11.624279],[99.558466,11.624258],[99.55981,11.62445],[99.560296,11.624664],[99.561779,11.625563],[99.563122,11.62661],[99.563933,11.626846],[99.564628,11.626782],[99.564952,11.626675],[99.565462,11.626675],[99.565694,11.627445],[99.56567,11.628792],[99.565972,11.630054],[99.567524,11.631829],[99.568311,11.633155],[99.570025,11.635486],[99.570489,11.635999],[99.572438,11.636999],[99.571925,11.637453],[99.571253,11.637881],[99.570674,11.638608],[99.57035,11.639506],[99.570373,11.639977],[99.570581,11.64064],[99.569979,11.641902],[99.56991,11.64265],[99.570651,11.643613],[99.57218,11.644746],[99.573153,11.645623],[99.573477,11.646051],[99.573685,11.646521],[99.573709,11.64789],[99.573801,11.648125],[99.574079,11.648424],[99.57584,11.64928],[99.576442,11.649729],[99.57672,11.650135],[99.577114,11.650456],[99.579569,11.651975],[99.580843,11.652937],[99.582118,11.654177],[99.582998,11.654819],[99.583625,11.655981],[99.584537,11.657163],[99.58596,11.659407],[99.586424,11.660367],[99.586504,11.661135],[99.5862,11.662242],[99.585784,11.664324],[99.585736,11.665771],[99.585336,11.668148],[99.585096,11.66871],[99.585,11.669182],[99.58492,11.670954],[99.584936,11.671486],[99.585096,11.672327],[99.585096,11.673036],[99.583929,11.674719],[99.583554,11.675005],[99.583146,11.675193],[99.582802,11.677417],[99.583115,11.678419],[99.583334,11.679546],[99.584023,11.680549],[99.585558,11.682302],[99.588314,11.683336],[99.588502,11.683555],[99.588503,11.683815],[99.588279,11.684332],[99.587639,11.686621],[99.587543,11.687625],[99.588087,11.688511],[99.590534,11.690681],[99.591654,11.691553],[99.593941,11.692527],[99.594341,11.692793],[99.595173,11.693044],[99.595652,11.69331],[99.597588,11.694727],[99.599107,11.696204],[99.599523,11.696839],[99.599651,11.697223],[99.599651,11.697592],[99.599555,11.697828],[99.598931,11.69833],[99.598308,11.699822],[99.597924,11.700368],[99.597924,11.7009],[99.598244,11.700929],[99.598835,11.701446],[99.599171,11.702317],[99.600307,11.703735],[99.600563,11.705004],[99.600787,11.705639],[99.601011,11.706009],[99.602258,11.707205],[99.602706,11.707515],[99.603282,11.707707],[99.603825,11.707707],[99.604209,11.707618],[99.605425,11.707087],[99.606001,11.707116],[99.606784,11.707589],[99.607701,11.708736],[99.608896,11.709552],[99.609987,11.710647],[99.611397,11.709331],[99.611992,11.7093],[99.613198,11.709966],[99.614078,11.710187],[99.615181,11.710616],[99.615773,11.711118],[99.616109,11.711959],[99.616125,11.712328],[99.616493,11.713554],[99.617229,11.714912],[99.618332,11.716566],[99.619516,11.717541],[99.6199,11.717984],[99.619948,11.718574],[99.619164,11.719785],[99.619101,11.720262],[99.619164,11.721295],[99.619038,11.72236],[99.619964,11.722443],[99.620715,11.722222],[99.621515,11.722192],[99.624234,11.723004],[99.626361,11.72327],[99.627593,11.723536],[99.628169,11.723772],[99.628824,11.723816],[99.62908,11.723787],[99.629272,11.723669],[99.629864,11.722724],[99.630024,11.72262],[99.630312,11.722679],[99.630584,11.722827],[99.631095,11.723447],[99.631527,11.724378],[99.631927,11.724894],[99.632791,11.725337],[99.633239,11.725766],[99.633399,11.72609],[99.633671,11.726371],[99.634166,11.727124],[99.634406,11.727286],[99.634966,11.727434],[99.63519,11.727405],[99.635702,11.72708],[99.636086,11.727065],[99.636262,11.727168],[99.636485,11.727803],[99.636613,11.728556],[99.636629,11.729368],[99.637221,11.730328],[99.637781,11.730934],[99.638069,11.731642],[99.638133,11.732041],[99.638213,11.732646],[99.638245,11.734389],[99.638085,11.735984],[99.638085,11.737578],[99.638709,11.738405],[99.638885,11.738833],[99.638885,11.739395],[99.638805,11.73969],[99.638405,11.740133],[99.638341,11.740517],[99.638421,11.740694],[99.638677,11.740915],[99.639173,11.741093],[99.639556,11.741344],[99.639588,11.741506],[99.639588,11.742333],[99.63946,11.74285],[99.638661,11.743957],[99.637301,11.745212],[99.637093,11.745508],[99.637061,11.746069],[99.637157,11.746364],[99.637925,11.746674],[99.638421,11.747339],[99.639908,11.749923],[99.639941,11.750305],[99.639941,11.751018],[99.639678,11.751868],[99.63879,11.753203],[99.638133,11.753992],[99.637295,11.75475],[99.636966,11.755463],[99.636884,11.756055],[99.637755,11.7578],[99.638774,11.759302],[99.638905,11.760091],[99.639086,11.76044],[99.639283,11.760607],[99.640154,11.760819],[99.640302,11.760925],[99.640384,11.761122],[99.640384,11.761638],[99.640302,11.761942],[99.639908,11.762624],[99.639382,11.763322],[99.639316,11.76399],[99.639596,11.764657],[99.63999,11.765037],[99.641502,11.765993],[99.642652,11.766873],[99.643244,11.76754],[99.643441,11.767889],[99.643622,11.768572],[99.643622,11.769042],[99.643605,11.769452],[99.643244,11.770696],[99.643309,11.771667],[99.64349,11.772077],[99.643835,11.772532],[99.644048,11.773091],[99.644246,11.774383],[99.644065,11.774671],[99.642981,11.775384],[99.641896,11.776446],[99.641518,11.777008],[99.64119,11.777858],[99.64114,11.77942],[99.641387,11.780528],[99.641518,11.780938],[99.642422,11.782485],[99.643063,11.783927],[99.643178,11.784215],[99.643194,11.784959],[99.642948,11.785368],[99.642537,11.786491],[99.642324,11.787568],[99.642061,11.787932],[99.641091,11.788918],[99.641124,11.789829],[99.641568,11.790891],[99.641995,11.791179],[99.642192,11.791194],[99.642685,11.791042],[99.643441,11.790678],[99.644115,11.790466],[99.645315,11.790344],[99.645709,11.790527],[99.646317,11.79215],[99.646416,11.792909],[99.646728,11.793455],[99.646958,11.794532],[99.647369,11.795336],[99.647352,11.798492],[99.647451,11.799205],[99.647813,11.800297],[99.647796,11.800934],[99.648092,11.802831],[99.648569,11.804045],[99.648684,11.804622],[99.649029,11.805517],[99.650743,11.806397],[99.651371,11.807758],[99.651371,11.809329],[99.650534,11.811109],[99.651149,11.811798],[99.652809,11.813133],[99.653104,11.8133],[99.653482,11.813331],[99.653745,11.8133],[99.655602,11.812602],[99.657032,11.81198],[99.657377,11.811783],[99.65861,11.81066],[99.65884,11.810524],[99.6593,11.810584],[99.659415,11.810691],[99.659382,11.810888],[99.659004,11.811889],[99.658889,11.81242],[99.658889,11.813755],[99.659349,11.814423],[99.659875,11.814985],[99.66004,11.815318],[99.659925,11.815849],[99.659925,11.81723],[99.660089,11.818535],[99.660105,11.819536],[99.660352,11.820461],[99.660861,11.820886],[99.661453,11.821129],[99.66188,11.821402],[99.662949,11.821781],[99.664904,11.823147],[99.664428,11.823769],[99.663672,11.824406],[99.662538,11.825848],[99.661124,11.827092],[99.660566,11.827714],[99.659087,11.828761],[99.657821,11.829307],[99.657213,11.829413],[99.654255,11.829413],[99.652595,11.829808],[99.65013,11.82955],[99.647697,11.82908],[99.647221,11.828822],[99.64635,11.828169],[99.64589,11.828033],[99.644098,11.827684],[99.641042,11.82732],[99.640812,11.827411],[99.64045,11.827745],[99.639842,11.829413],[99.639727,11.829535],[99.639399,11.829626],[99.63879,11.829641],[99.638445,11.829444],[99.63787,11.828837],[99.636933,11.828336],[99.636029,11.828321],[99.635849,11.828488],[99.635569,11.829186],[99.635536,11.82955],[99.635766,11.830567],[99.635766,11.831386],[99.635635,11.831765],[99.635388,11.831887],[99.634978,11.831917],[99.634156,11.831613],[99.633236,11.831613],[99.632332,11.831871],[99.631247,11.832372],[99.630852,11.83307],[99.630803,11.833388],[99.630557,11.833661],[99.630277,11.833813],[99.629916,11.833737],[99.629768,11.833373],[99.629258,11.832584],[99.628946,11.83222],[99.628634,11.832038],[99.625988,11.83181],[99.625413,11.831659],[99.625051,11.831659],[99.624624,11.831826],[99.622751,11.832827],[99.622011,11.833085],[99.62183,11.833252],[99.621847,11.83398],[99.622422,11.835452],[99.623786,11.836544],[99.624197,11.837136],[99.624213,11.837561],[99.624032,11.838259],[99.623819,11.838684],[99.623704,11.839351],[99.623671,11.840686],[99.623457,11.842248],[99.623457,11.843189],[99.623868,11.844646],[99.624312,11.845556],[99.624657,11.846846],[99.624986,11.847574],[99.625216,11.848515],[99.625249,11.849623],[99.624903,11.849971],[99.624246,11.850442],[99.62326,11.851838],[99.622652,11.852414],[99.621649,11.853658],[99.62119,11.854417],[99.620401,11.855221],[99.619563,11.855585],[99.617968,11.856025],[99.617163,11.856511],[99.616637,11.856708],[99.615963,11.857102],[99.614566,11.858149],[99.61409,11.858362],[99.613367,11.858862],[99.613285,11.859499],[99.613695,11.861305],[99.613695,11.861654],[99.613482,11.862018],[99.612512,11.862534],[99.61146,11.863216],[99.610359,11.864203],[99.609899,11.86484],[99.609833,11.865159],[99.610228,11.867344],[99.610178,11.868254],[99.609965,11.868528],[99.609504,11.86874],[99.60796,11.868801],[99.60653,11.869195],[99.603408,11.870849],[99.60275,11.871652],[99.602569,11.872108],[99.602421,11.872897],[99.602421,11.873549],[99.601978,11.874474],[99.601518,11.875157],[99.601156,11.876128],[99.601024,11.876599],[99.600827,11.878146],[99.600449,11.878647],[99.599891,11.87892],[99.599365,11.878844],[99.598937,11.878571],[99.598181,11.877813],[99.596357,11.876462],[99.595782,11.875764],[99.59547,11.874793],[99.595421,11.873898],[99.595519,11.873306],[99.595355,11.872897],[99.595125,11.872609],[99.59215,11.871683],[99.591016,11.871683],[99.589619,11.871896],[99.588781,11.871926],[99.588157,11.872123],[99.588009,11.872245],[99.587844,11.872791],[99.587943,11.873868],[99.587647,11.874733],[99.587483,11.875552],[99.587581,11.876296],[99.587943,11.876584],[99.588666,11.877403],[99.58883,11.877767],[99.588863,11.87845],[99.588403,11.880241],[99.588305,11.881211],[99.588189,11.88153],[99.588189,11.882167],[99.588321,11.882683],[99.588518,11.883062],[99.589143,11.883821],[99.589241,11.884154],[99.589291,11.884883],[99.589192,11.885383],[99.588502,11.886749],[99.588107,11.887098],[99.585675,11.888509],[99.584837,11.889344],[99.584311,11.890118],[99.58413,11.890558],[99.583884,11.89253],[99.583489,11.893258],[99.582273,11.894791],[99.58178,11.895276],[99.581468,11.896338],[99.580843,11.897658],[99.580827,11.897947],[99.58104,11.899039],[99.581303,11.899798],[99.581369,11.900374],[99.581287,11.900738],[99.580317,11.901831],[99.579627,11.902893],[99.579413,11.903424],[99.57943,11.904789],[99.579791,11.906382],[99.581123,11.907429],[99.581369,11.907733],[99.582043,11.909129],[99.582914,11.909932],[99.583374,11.910721],[99.58344,11.911131],[99.584048,11.91233],[99.584574,11.912739],[99.585543,11.913028],[99.585774,11.913194],[99.585593,11.913498],[99.585149,11.913938],[99.585001,11.914409],[99.585001,11.915107],[99.585215,11.915653],[99.586168,11.917322],[99.586299,11.917929],[99.586283,11.918323],[99.586086,11.918748],[99.58533,11.919825],[99.585034,11.920386],[99.585034,11.921311],[99.5851,11.923284],[99.585363,11.92512],[99.585543,11.925742],[99.585445,11.92691],[99.585889,11.928579],[99.586201,11.929383],[99.585954,11.930294],[99.585642,11.931052],[99.583703,11.933586],[99.582898,11.93483],[99.582783,11.935133],[99.5827,11.935877],[99.58252,11.936347],[99.582339,11.937227],[99.582257,11.939928],[99.581419,11.940899],[99.580761,11.941385],[99.580268,11.94187],[99.579463,11.943661],[99.579512,11.944025],[99.581715,11.946073],[99.584229,11.947301],[99.584771,11.947772],[99.584952,11.948136],[99.585395,11.948712],[99.586168,11.949274],[99.586513,11.949486],[99.587072,11.949607],[99.588797,11.950442],[99.589866,11.950654],[99.59141,11.951185],[99.591723,11.951641],[99.592315,11.953022],[99.59261,11.953462],[99.593169,11.954994],[99.593186,11.955313],[99.592446,11.958029],[99.592134,11.96082],[99.59169,11.962064],[99.59123,11.96299],[99.591049,11.964462],[99.591049,11.965387],[99.591674,11.96739],[99.591854,11.967678],[99.592052,11.969347],[99.5922,11.969832],[99.592594,11.97047],[99.593744,11.971213],[99.593679,11.971972],[99.593301,11.973125],[99.593251,11.97361],[99.593366,11.97449],[99.593284,11.97578],[99.593317,11.976857],[99.593531,11.97757],[99.592807,11.97889],[99.591493,11.979452],[99.590655,11.980165],[99.59026,11.980772],[99.590145,11.981181],[99.590129,11.982896],[99.589882,11.983912],[99.589833,11.984489],[99.589948,11.984914],[99.590326,11.985293],[99.590622,11.985445],[99.591148,11.986082],[99.591181,11.986249],[99.591098,11.986993],[99.59095,11.987266],[99.590326,11.987842],[99.59026,11.988768],[99.590359,11.989041],[99.591115,11.989845],[99.591904,11.990164],[99.591986,11.990346],[99.592035,11.991317],[99.592249,11.992515],[99.591674,11.993001],[99.590983,11.993334],[99.590211,11.994002],[99.589981,11.994427],[99.589866,11.995337],[99.589603,11.995716],[99.589176,11.996642],[99.588568,11.997446],[99.587927,11.997917],[99.585314,11.999161],[99.583457,11.999646],[99.58291,12.000048],[99.581793,12.000529],[99.581421,12.00077],[99.581197,12.001285],[99.580713,12.001801],[99.580267,12.00211],[99.579708,12.00266],[99.579187,12.003004],[99.578331,12.003794],[99.577884,12.005272],[99.577512,12.005616],[99.577214,12.006028],[99.576655,12.006578],[99.574943,12.00761],[99.574124,12.007884],[99.57282,12.00785],[99.571331,12.007369],[99.568316,12.007094],[99.567199,12.0073],[99.566789,12.007575],[99.566491,12.008022],[99.566044,12.008984],[99.565784,12.009878],[99.56556,12.010222],[99.565039,12.010428],[99.562433,12.010943],[99.559268,12.011081],[99.55763,12.010978],[99.555955,12.010978],[99.554689,12.011287],[99.553721,12.011906],[99.553088,12.012181],[99.551897,12.012456],[99.550594,12.012593],[99.549104,12.012593],[99.548658,12.012937],[99.548211,12.013074],[99.545679,12.013384],[99.543929,12.013349],[99.543259,12.013487],[99.54285,12.013728],[99.541733,12.01414],[99.541137,12.014209],[99.53801,12.014243],[99.537637,12.014552],[99.536893,12.015927],[99.53652,12.01689],[99.536483,12.018746],[99.536669,12.019261],[99.537451,12.020017],[99.537786,12.020533],[99.53827,12.022183],[99.538419,12.024417],[99.538345,12.02507],[99.538382,12.02672],[99.538605,12.027029],[99.539871,12.02782],[99.540392,12.028679],[99.540653,12.029401],[99.541323,12.030466],[99.541435,12.031291],[99.541323,12.031875],[99.541211,12.033456],[99.541286,12.034212],[99.540914,12.035965],[99.540951,12.036687],[99.540504,12.039162],[99.540169,12.039849],[99.539275,12.040434],[99.538419,12.040571],[99.537042,12.041018],[99.535552,12.041637],[99.535329,12.042049],[99.535143,12.043149],[99.535031,12.044696],[99.535031,12.046345],[99.535254,12.047755],[99.535292,12.048545],[99.535254,12.049473],[99.535031,12.050023],[99.534398,12.050642],[99.53384,12.051673],[99.532723,12.052498],[99.532499,12.053357],[99.532983,12.056416],[99.532797,12.056897],[99.533542,12.059372],[99.534063,12.062122],[99.534138,12.062981],[99.533989,12.065524],[99.5341,12.066005],[99.53518,12.067449],[99.535962,12.068171],[99.536446,12.068824],[99.537228,12.070096],[99.538233,12.07147],[99.538568,12.072089],[99.539201,12.072708],[99.53961,12.072983],[99.539946,12.073842],[99.540355,12.074495],[99.5411,12.074976],[99.542217,12.075457],[99.54285,12.075595],[99.543594,12.075423],[99.544004,12.075561],[99.54527,12.076901],[99.546312,12.077795],[99.547503,12.079238],[99.54795,12.080544],[99.548062,12.08185],[99.54862,12.082125],[99.54903,12.081988],[99.549514,12.081988],[99.549886,12.082194],[99.550147,12.082469],[99.550296,12.082813],[99.55037,12.083328],[99.550445,12.08979],[99.550556,12.090237],[99.55078,12.090512],[99.551934,12.091509],[99.552902,12.092093],[99.553386,12.09254],[99.553907,12.092746],[99.554577,12.092815],[99.554987,12.092987],[99.555471,12.093365],[99.556215,12.094602],[99.55629,12.099483],[99.555731,12.101785],[99.555136,12.102713],[99.554912,12.103263],[99.554763,12.10426],[99.554763,12.104707],[99.555136,12.105326],[99.555955,12.106391],[99.556029,12.106735],[99.555806,12.107147],[99.555024,12.10811],[99.554912,12.108591],[99.555099,12.109622],[99.555434,12.110172],[99.555843,12.111409],[99.555583,12.112303],[99.55562,12.113884],[99.555806,12.114262],[99.556141,12.114468],[99.556774,12.114606],[99.556997,12.114915],[99.557556,12.116221],[99.5583,12.116599],[99.558859,12.117252],[99.559343,12.117974],[99.560236,12.118971],[99.560423,12.119349],[99.560423,12.120243],[99.560013,12.121308],[99.560013,12.122889],[99.560162,12.124023],[99.560199,12.125501],[99.560758,12.127323],[99.561651,12.128835],[99.561837,12.129316],[99.562024,12.130485],[99.562284,12.131069],[99.562694,12.131482],[99.56314,12.131791],[99.563773,12.13186],[99.564295,12.132066],[99.566007,12.13375],[99.566938,12.135056],[99.567385,12.135538],[99.567869,12.135641],[99.568502,12.135916],[99.569507,12.136672],[99.569656,12.136912],[99.569916,12.137531],[99.569619,12.138528],[99.569768,12.139078],[99.570326,12.139868],[99.570549,12.140453],[99.570549,12.141106],[99.571108,12.142343],[99.571443,12.142721],[99.571294,12.144508],[99.571033,12.144921],[99.570698,12.145127],[99.570214,12.145161],[99.568576,12.145196],[99.568018,12.145058],[99.567161,12.145024],[99.566566,12.144818],[99.564928,12.144886],[99.564034,12.145368],[99.56355,12.146055],[99.562731,12.14688],[99.562024,12.147774],[99.56154,12.147911],[99.560907,12.147877],[99.559119,12.147533],[99.557667,12.147567],[99.556476,12.147705],[99.554279,12.148289],[99.553758,12.148598],[99.553014,12.148873],[99.552418,12.148977],[99.55145,12.149355],[99.551115,12.149664],[99.550668,12.150454],[99.549998,12.150626],[99.549588,12.150558],[99.547243,12.14932],[99.546089,12.148839],[99.54527,12.148323],[99.544897,12.147911],[99.544376,12.147739],[99.543967,12.147499],[99.542068,12.145849],[99.541025,12.145299],[99.539573,12.144233],[99.539201,12.144199],[99.538158,12.14444],[99.537339,12.144886],[99.535813,12.145333],[99.534957,12.145746],[99.533616,12.146742],[99.533058,12.147292],[99.532015,12.147705],[99.52967,12.14798],[99.529111,12.147636],[99.527659,12.145986],[99.526356,12.145024],[99.525947,12.14499],[99.525351,12.14499],[99.524271,12.145505],[99.523676,12.146571],[99.523192,12.146983],[99.52267,12.147189],[99.521256,12.147189],[99.520176,12.14688],[99.519506,12.146914],[99.518985,12.147052],[99.517197,12.147774],[99.515224,12.14767],[99.514815,12.14712],[99.514442,12.146192],[99.5134,12.14523],[99.512804,12.144818],[99.511427,12.144715],[99.510868,12.144405],[99.509044,12.144096],[99.508001,12.143374],[99.50748,12.143168],[99.506177,12.143271],[99.504837,12.143099],[99.504316,12.143133],[99.503683,12.143477],[99.502454,12.143958],[99.501225,12.143993],[99.500741,12.143787],[99.500332,12.143374],[99.500257,12.14303],[99.500369,12.141793],[99.500295,12.141037],[99.499662,12.139559],[99.499029,12.138803],[99.497875,12.137909],[99.497567,12.137119],[99.497549,12.136448],[99.497121,12.13607],[99.496823,12.135263],[99.496841,12.134627],[99.49673,12.134231],[99.495371,12.132736],[99.495352,12.132461],[99.495501,12.132255],[99.495706,12.13119],[99.495557,12.130262],[99.495315,12.130073],[99.494868,12.130004],[99.494142,12.130038],[99.49323,12.129695],[99.491742,12.129284],[99.49009,12.129125],[99.488134,12.129241],[99.487627,12.129162],[99.485933,12.129127],[99.484933,12.129212],[99.484194,12.129748],[99.483875,12.131023],[99.48355,12.13131],[99.48314,12.131465],[99.481744,12.132977],[99.480776,12.133716],[99.479213,12.13406],[99.478859,12.134042],[99.477761,12.133321],[99.476867,12.13308],[99.476551,12.132857],[99.476216,12.132496],[99.476178,12.132066],[99.475787,12.131379],[99.475545,12.131241],[99.475099,12.131241],[99.474633,12.131396],[99.473554,12.13131],[99.473312,12.131602],[99.473256,12.131826],[99.473442,12.132358],[99.473479,12.132943],[99.472883,12.134197],[99.472716,12.134816],[99.472641,12.135177],[99.472641,12.1365],[99.473367,12.138493],[99.473386,12.139387],[99.473274,12.139765],[99.47307,12.140092],[99.473088,12.140779],[99.473479,12.141518],[99.473647,12.14224],[99.473926,12.142773],[99.474484,12.143443],[99.474652,12.14413],[99.47467,12.14535],[99.47428,12.146725],[99.47428,12.147155],[99.474633,12.148392],[99.474726,12.151829],[99.474633,12.153737],[99.474801,12.154424],[99.474801,12.15482],[99.474447,12.155215],[99.47387,12.155679],[99.473609,12.156366],[99.473051,12.156933],[99.472846,12.157363],[99.472809,12.15769],[99.473051,12.158033],[99.473758,12.158274],[99.47454,12.158892],[99.475341,12.159906],[99.47683,12.16025],[99.477109,12.160542],[99.476904,12.162914],[99.477016,12.163189],[99.477388,12.163601],[99.477965,12.163618],[99.47925,12.164014],[99.481074,12.164151],[99.482973,12.164907],[99.483401,12.16501],[99.484444,12.165045],[99.486026,12.165371],[99.486919,12.165664],[99.487999,12.167777],[99.488353,12.168224],[99.488688,12.168843],[99.489079,12.170286],[99.489135,12.170957],[99.48973,12.171902],[99.490159,12.173088],[99.490177,12.174102],[99.490084,12.174531],[99.489879,12.175012],[99.488911,12.176198],[99.488669,12.176611],[99.488725,12.17771],[99.488669,12.179377],[99.488446,12.180374],[99.488092,12.181062],[99.488036,12.181423],[99.488576,12.182436],[99.491089,12.185186],[99.492262,12.1862],[99.492392,12.186509],[99.492392,12.186887],[99.492243,12.187626],[99.492467,12.18785],[99.493118,12.188073],[99.494142,12.188658],[99.494924,12.189362],[99.495241,12.189878],[99.495259,12.190771],[99.495092,12.191356],[99.494328,12.192765],[99.494608,12.193315],[99.494831,12.194483],[99.495948,12.196322],[99.49632,12.197113],[99.496395,12.197542],[99.496246,12.198178],[99.495743,12.198969],[99.495743,12.199398],[99.49552,12.199811],[99.49511,12.199948],[99.494142,12.199948],[99.493267,12.200069],[99.492467,12.200481],[99.492281,12.200756],[99.492225,12.20098],[99.492392,12.201615],[99.49243,12.20244],[99.492411,12.202853],[99.492188,12.203471],[99.491704,12.204124],[99.491052,12.204692],[99.490736,12.204829],[99.490624,12.205052],[99.490568,12.205362],[99.490866,12.206926],[99.491108,12.207493],[99.491238,12.208146],[99.491164,12.208764],[99.490531,12.209985],[99.489656,12.210861],[99.489191,12.211153],[99.488595,12.211738],[99.488241,12.211875],[99.486975,12.211875],[99.486733,12.212202],[99.486529,12.212769],[99.486622,12.214023],[99.486547,12.214436],[99.486138,12.215243],[99.486082,12.21581],[99.486119,12.216068],[99.486324,12.216326],[99.487031,12.216549],[99.487329,12.216721],[99.487497,12.217271],[99.487497,12.217667],[99.487441,12.218045],[99.487255,12.218405],[99.48705,12.21868],[99.486677,12.218973],[99.485765,12.219471],[99.485579,12.219694],[99.485207,12.220708],[99.484909,12.22088],[99.484164,12.221069],[99.482321,12.22119],[99.48167,12.221464],[99.481391,12.221688],[99.481242,12.221843],[99.481242,12.222118],[99.481968,12.223303],[99.482024,12.223578],[99.481949,12.223819],[99.481298,12.224833],[99.480478,12.225159],[99.479752,12.225933],[99.479287,12.226053],[99.478766,12.226431],[99.478617,12.226844],[99.478617,12.227153],[99.478822,12.227909],[99.478822,12.228682],[99.47858,12.228923],[99.478356,12.22937],[99.478021,12.229765],[99.474745,12.23193],[99.474168,12.23248],[99.473256,12.233855],[99.472921,12.234147],[99.471431,12.234388],[99.471003,12.234697],[99.470966,12.235041],[99.471618,12.236175],[99.471636,12.236656],[99.472008,12.238289],[99.472102,12.239183],[99.47199,12.240746],[99.472846,12.241795],[99.473181,12.242087],[99.474373,12.24274],[99.474652,12.242809],[99.475545,12.242585],[99.476364,12.242603],[99.476904,12.242946],[99.476997,12.244046],[99.477184,12.244304],[99.478152,12.244957],[99.478319,12.245198],[99.478394,12.245472],[99.478338,12.24781],[99.478412,12.248153],[99.478691,12.248463],[99.479604,12.24903],[99.480219,12.249993],[99.480351,12.250662],[99.481733,12.251969],[99.482095,12.252212],[99.482293,12.252607],[99.482062,12.253458],[99.482095,12.254278],[99.481766,12.254673],[99.481042,12.254977],[99.480976,12.255159],[99.481009,12.255555],[99.481206,12.255919],[99.481865,12.256284],[99.482161,12.256557],[99.482457,12.257165],[99.482359,12.257651],[99.482359,12.259414],[99.48249,12.260022],[99.481371,12.262088],[99.481601,12.262422],[99.481898,12.263516],[99.481009,12.264428],[99.480779,12.265066],[99.480811,12.265613],[99.480482,12.26613],[99.480416,12.266829],[99.481601,12.268135],[99.482852,12.269776],[99.482984,12.270171],[99.482984,12.271053],[99.483148,12.271752],[99.483938,12.272481],[99.484498,12.273241],[99.484465,12.273757],[99.484169,12.274091],[99.483148,12.274578],[99.482819,12.274912],[99.482457,12.275307],[99.482227,12.275672],[99.482161,12.276036],[99.481766,12.276522],[99.481832,12.276887],[99.482194,12.277161],[99.482556,12.27792],[99.482589,12.278802],[99.481733,12.279652],[99.481075,12.279744],[99.479232,12.279592],[99.478639,12.279683],[99.477915,12.279987],[99.476796,12.279926],[99.476105,12.280108],[99.47571,12.280351],[99.475677,12.281354],[99.475479,12.281932],[99.475051,12.282631],[99.474689,12.283026],[99.473504,12.282995],[99.472648,12.282782],[99.47176,12.282722],[99.470509,12.283238],[99.470048,12.283603],[99.469686,12.283725],[99.469192,12.283603],[99.468271,12.282782],[99.467711,12.2826],[99.466032,12.282539],[99.465604,12.282752],[99.465144,12.283481],[99.464683,12.285092],[99.461753,12.286216],[99.461424,12.286429],[99.461161,12.286915],[99.461161,12.287371],[99.46149,12.2881],[99.46205,12.288587],[99.462642,12.290805],[99.462642,12.291413],[99.462444,12.29196],[99.462082,12.292385],[99.461391,12.29351],[99.46149,12.294087],[99.462313,12.294938],[99.462181,12.297399],[99.461819,12.297885],[99.460634,12.298463],[99.459581,12.298706],[99.458955,12.298949],[99.458462,12.299283],[99.457672,12.299587],[99.457375,12.300073],[99.457145,12.302565],[99.456585,12.303872],[99.455796,12.304996],[99.455302,12.3053],[99.454907,12.305695],[99.454117,12.306121],[99.452734,12.308218],[99.452669,12.308613],[99.453031,12.309372],[99.45336,12.309737],[99.453985,12.31001],[99.454051,12.310223],[99.45336,12.31074],[99.453129,12.311165],[99.453129,12.311803],[99.453294,12.312138],[99.453064,12.312593],[99.450233,12.31311],[99.449772,12.31308],[99.449245,12.312472],[99.448653,12.31232],[99.448192,12.312441],[99.447764,12.312715],[99.447402,12.313171],[99.446612,12.315389],[99.445328,12.316544],[99.444999,12.316939],[99.445328,12.317395],[99.446447,12.318185],[99.446612,12.31858],[99.446645,12.319066],[99.44648,12.319704],[99.445559,12.321133],[99.445559,12.321771],[99.445789,12.322713],[99.445328,12.32329],[99.4449,12.323381],[99.44365,12.323381],[99.443353,12.323685],[99.443353,12.324111],[99.443683,12.324536],[99.443683,12.324901],[99.443452,12.325995],[99.443419,12.327514],[99.44388,12.328031],[99.44411,12.328152],[99.444802,12.328122],[99.445131,12.328],[99.445427,12.328122],[99.445987,12.32873],[99.446184,12.329337],[99.446415,12.330553],[99.446415,12.331191],[99.446316,12.331738],[99.445888,12.332072],[99.445262,12.332315],[99.444867,12.332589],[99.443485,12.333865],[99.443288,12.334291],[99.443189,12.335354],[99.442794,12.335719],[99.441346,12.336752],[99.440786,12.336934],[99.440391,12.336965],[99.439206,12.337512],[99.438317,12.338758],[99.437494,12.339214],[99.437231,12.339457],[99.437132,12.339669],[99.437066,12.340216],[99.436704,12.34049],[99.436408,12.340672],[99.435355,12.340672],[99.434664,12.340915],[99.434532,12.341128],[99.434269,12.34204],[99.433841,12.342799],[99.434137,12.343134],[99.434894,12.343286],[99.435947,12.343863],[99.436639,12.34517],[99.436968,12.346142],[99.436968,12.347935],[99.437034,12.348664],[99.437231,12.349151],[99.437955,12.349728],[99.439733,12.349971],[99.440753,12.34991],[99.442465,12.350275],[99.443551,12.350731],[99.443847,12.351156],[99.443913,12.351521],[99.443551,12.352767],[99.443353,12.353101],[99.443288,12.353709],[99.443353,12.354104],[99.443781,12.355319],[99.44365,12.355654],[99.441708,12.356656],[99.43951,12.358442],[99.439466,12.35971],[99.438242,12.360059],[99.437791,12.360637],[99.437099,12.361093],[99.436573,12.361215],[99.435914,12.361488],[99.435059,12.362157],[99.434598,12.362218],[99.434203,12.362521],[99.433446,12.363372],[99.432491,12.363828],[99.432228,12.364102],[99.432491,12.365591],[99.432491,12.36632],[99.433281,12.367566],[99.433512,12.368204],[99.433808,12.368417],[99.435585,12.368629],[99.436013,12.368812],[99.436408,12.369055],[99.437297,12.37024],[99.437396,12.372063],[99.437692,12.372823],[99.437791,12.373795],[99.437626,12.37416],[99.436902,12.375072],[99.438383,12.37647],[99.4397,12.377412],[99.440193,12.377959],[99.440424,12.378566],[99.440457,12.379782],[99.441115,12.380876],[99.441477,12.381089],[99.442004,12.381605],[99.442267,12.382031],[99.442498,12.382699],[99.44253,12.38434],[99.442399,12.386285],[99.442662,12.38668],[99.442827,12.387166],[99.44286,12.388503],[99.443222,12.389111],[99.443189,12.389537],[99.44286,12.389962],[99.44253,12.390691],[99.442662,12.391117],[99.443288,12.391633],[99.443518,12.391968],[99.443386,12.392971],[99.442563,12.394034],[99.442333,12.394763],[99.442432,12.395675],[99.442794,12.396435],[99.443057,12.396739],[99.442761,12.397863],[99.442333,12.398532],[99.442037,12.399899],[99.441806,12.400537],[99.442004,12.401267],[99.443386,12.403637],[99.445888,12.406433],[99.445954,12.406767],[99.445888,12.407101],[99.445559,12.407618],[99.445032,12.407922],[99.444604,12.408438],[99.44411,12.408742],[99.443748,12.409076],[99.443518,12.409441],[99.443288,12.410444],[99.442728,12.410808],[99.441543,12.411264],[99.440523,12.411902],[99.440029,12.412085],[99.436902,12.412662],[99.435651,12.413361],[99.43519,12.413756],[99.434302,12.414607],[99.434005,12.415002],[99.433709,12.416096],[99.43282,12.417737],[99.432458,12.418193],[99.431965,12.418649],[99.430582,12.42032],[99.429529,12.421323],[99.429331,12.421779],[99.428903,12.422265],[99.428048,12.423025],[99.427488,12.423389],[99.426961,12.423936],[99.426764,12.42427],[99.426797,12.426094],[99.426665,12.427157],[99.426533,12.429983],[99.426303,12.430986],[99.426007,12.431624],[99.425579,12.431624],[99.425184,12.431412],[99.424921,12.431108],[99.424295,12.431077],[99.424098,12.431351],[99.424098,12.432779],[99.424657,12.434177],[99.424723,12.435301],[99.424624,12.436],[99.424065,12.437641],[99.424032,12.439373],[99.424526,12.440255],[99.424558,12.440559],[99.424361,12.442747],[99.424855,12.4446],[99.425316,12.445299],[99.42548,12.445785],[99.42548,12.446332],[99.425283,12.447821],[99.424986,12.448429],[99.422979,12.448946],[99.420148,12.449341],[99.419259,12.449645],[99.418897,12.449645],[99.417877,12.449402],[99.417482,12.449402],[99.417152,12.449706],[99.416626,12.449918],[99.415704,12.45004],[99.41498,12.449918],[99.413663,12.450101],[99.412544,12.451043],[99.411985,12.451742],[99.41103,12.453595],[99.409253,12.454355],[99.408956,12.454628],[99.408627,12.455115],[99.408134,12.456421],[99.40764,12.456695],[99.407179,12.456816],[99.407179,12.456999],[99.406916,12.457303],[99.405829,12.457546],[99.404875,12.458032],[99.404579,12.458275],[99.404381,12.458579],[99.403624,12.459096],[99.402669,12.45946],[99.40188,12.459551],[99.400994,12.459914],[99.402143,12.461132],[99.4029,12.462772],[99.403492,12.465538],[99.403591,12.467817],[99.403262,12.469671],[99.404644,12.471403],[99.406027,12.472497],[99.406619,12.472831],[99.406652,12.473834],[99.406422,12.474745],[99.405796,12.475384],[99.405961,12.476751],[99.405434,12.477906],[99.405369,12.478514],[99.405731,12.480003],[99.406126,12.480914],[99.407475,12.481948],[99.410306,12.483619],[99.411261,12.484044],[99.411787,12.484105],[99.412083,12.484227],[99.41238,12.4845],[99.412413,12.485047],[99.412709,12.485746],[99.413235,12.48605],[99.41396,12.486232],[99.414453,12.486627],[99.415408,12.4876],[99.415803,12.488238],[99.415935,12.488694],[99.416264,12.488998],[99.416988,12.489362],[99.417515,12.489393],[99.418304,12.489332],[99.420312,12.489453],[99.421069,12.48921],[99.421761,12.48915],[99.42232,12.489666],[99.422452,12.490244],[99.422386,12.490639],[99.422616,12.490851],[99.423341,12.491034],[99.424526,12.490882],[99.424986,12.491003],[99.425151,12.491368],[99.42525,12.492128],[99.425447,12.492705],[99.42548,12.493282],[99.425414,12.494285],[99.425579,12.496321],[99.425381,12.496899],[99.425184,12.497202],[99.424361,12.49778],[99.424065,12.498084],[99.424295,12.499725],[99.422908,12.500058],[99.422544,12.500419],[99.422247,12.50139],[99.420804,12.503569],[99.419725,12.505948],[99.419711,12.507218],[99.420062,12.508463],[99.420237,12.509734],[99.420183,12.513992],[99.420224,12.514403],[99.420372,12.514776],[99.420345,12.515449],[99.420224,12.515811],[99.419307,12.517106],[99.41874,12.518401],[99.418619,12.518961],[99.418686,12.519422],[99.418862,12.519858],[99.418956,12.520928],[99.418835,12.521352],[99.417675,12.523357],[99.417486,12.52378],[99.417432,12.524228],[99.417405,12.524764],[99.41754,12.525598],[99.417918,12.526171],[99.418201,12.525972],[99.418916,12.525835],[99.419415,12.525822],[99.420224,12.525959],[99.421303,12.526881],[99.421937,12.527802],[99.422342,12.529384],[99.422248,12.532596],[99.42245,12.533331],[99.423016,12.534775],[99.4233,12.535273],[99.423394,12.535635],[99.423529,12.536979],[99.423637,12.540691],[99.423043,12.542807],[99.422841,12.543828],[99.422072,12.545061],[99.421641,12.545547],[99.421533,12.545933],[99.421614,12.546693],[99.422666,12.54744],[99.422666,12.547863],[99.42241,12.549021],[99.421991,12.550092],[99.42156,12.550653],[99.421425,12.551026],[99.421533,12.551948],[99.421816,12.552384],[99.422126,12.553255],[99.422261,12.555148],[99.422598,12.555995],[99.423097,12.556555],[99.423421,12.55658],[99.424325,12.556393],[99.424891,12.556194],[99.425579,12.555795],[99.42624,12.555559],[99.426942,12.555447],[99.42883,12.55526],[99.429626,12.555359],[99.4303,12.555633],[99.430691,12.556082],[99.431136,12.557028],[99.431231,12.557464],[99.431528,12.558124],[99.432674,12.559257],[99.432998,12.559842],[99.43374,12.561611],[99.43436,12.563603],[99.435223,12.564611],[99.435547,12.565408],[99.43552,12.566143],[99.43521,12.566517],[99.4344,12.56689],[99.433861,12.567388],[99.432701,12.56811],[99.431865,12.569144],[99.431339,12.569567],[99.430543,12.570053],[99.430407,12.570564],[99.430434,12.570764],[99.43061,12.571],[99.43092,12.57176],[99.430907,12.572121],[99.430124,12.573329],[99.429774,12.573727],[99.429234,12.574088],[99.428843,12.574499],[99.428101,12.575906],[99.427804,12.576728],[99.427696,12.577799],[99.427804,12.578397],[99.428195,12.57933],[99.428411,12.579642],[99.4298,12.580788],[99.432336,12.583465],[99.432957,12.583502],[99.43351,12.58334],[99.435128,12.581958],[99.435479,12.581759],[99.437259,12.581684],[99.439053,12.581311],[99.440483,12.58146],[99.437907,12.583552],[99.437408,12.584075],[99.436194,12.585594],[99.434993,12.587686],[99.433833,12.589454],[99.433604,12.589678],[99.432687,12.590189],[99.431675,12.590338],[99.430947,12.590612],[99.43061,12.590986],[99.428775,12.593576],[99.428209,12.593987],[99.427683,12.594248],[99.426536,12.594473],[99.425376,12.594933],[99.425161,12.595245],[99.425026,12.595631],[99.424796,12.596739],[99.424513,12.597573],[99.424122,12.598259],[99.42396,12.598757],[99.423785,12.600313],[99.423272,12.601621],[99.42218,12.602331],[99.420831,12.603352],[99.420548,12.603663],[99.420305,12.604248],[99.420251,12.604584],[99.420359,12.605145],[99.420386,12.606029],[99.421033,12.607872],[99.421155,12.608469],[99.421074,12.608681],[99.420413,12.609378],[99.420103,12.609839],[99.419482,12.6103],[99.418633,12.610823],[99.417878,12.610997],[99.417352,12.611209],[99.414748,12.613837],[99.413777,12.614646],[99.413049,12.615082],[99.412563,12.615256],[99.411713,12.615356],[99.410594,12.615318],[99.409528,12.614858],[99.408382,12.614036],[99.407964,12.613637],[99.407573,12.613413],[99.406426,12.612965],[99.405441,12.612977],[99.403701,12.613139],[99.402879,12.613525],[99.401476,12.613936],[99.400909,12.613998],[99.399898,12.613936],[99.398873,12.6136],[99.39778,12.612766],[99.397416,12.612591],[99.397133,12.612205],[99.396661,12.612218],[99.396323,12.61233],[99.395217,12.613251],[99.394395,12.613712],[99.392034,12.614783],[99.390901,12.616003],[99.390334,12.616215],[99.389579,12.616078],[99.389161,12.615754],[99.388797,12.615293],[99.388541,12.615144],[99.388271,12.615107],[99.387961,12.615331],[99.387785,12.615729],[99.387178,12.616339],[99.386963,12.616688],[99.386639,12.61695],[99.386329,12.616999],[99.382821,12.616551],[99.382201,12.616414],[99.381594,12.616128],[99.380663,12.615879],[99.379435,12.615804],[99.378923,12.615953],[99.378721,12.616551],[99.378707,12.61761],[99.378289,12.619328],[99.377844,12.620437],[99.37783,12.621707],[99.377722,12.621856],[99.377277,12.62208],[99.376185,12.622242],[99.375699,12.622242],[99.374202,12.621956],[99.373083,12.621894],[99.371221,12.622031],[99.370452,12.622192],[99.36901,12.623014],[99.36843,12.62355],[99.367539,12.624172],[99.365718,12.625044],[99.365246,12.625692],[99.365367,12.626924],[99.365732,12.627908],[99.366042,12.628431],[99.366716,12.629228],[99.366945,12.629776],[99.366743,12.63112],[99.366716,12.631817],[99.36704,12.633137],[99.366972,12.633399],[99.3665,12.633997],[99.365866,12.634694],[99.365206,12.635255],[99.364383,12.635815],[99.363992,12.635877],[99.36294,12.635927],[99.362144,12.635778],[99.359325,12.635703],[99.356641,12.636002],[99.356303,12.636151],[99.355292,12.636836],[99.354698,12.637459],[99.354604,12.638517],[99.354766,12.640136],[99.354685,12.64036],[99.354482,12.640572],[99.353431,12.640572],[99.351785,12.640796],[99.351394,12.640784],[99.350288,12.640485],[99.349277,12.63985],[99.348171,12.639638],[99.346835,12.63985],[99.344866,12.64097],[99.343976,12.642029],[99.343827,12.64239],[99.34376,12.64315],[99.344043,12.644246],[99.344165,12.645628],[99.344745,12.647296],[99.344853,12.648292],[99.344583,12.648454],[99.342883,12.650857],[99.342533,12.651169],[99.342344,12.651468],[99.341588,12.653323],[99.341116,12.654232],[99.340253,12.656498],[99.339511,12.657669],[99.338675,12.658777],[99.338473,12.659176],[99.338607,12.659911],[99.338769,12.660272],[99.338702,12.661829],[99.338122,12.662339],[99.336975,12.662825],[99.334777,12.664493],[99.333725,12.665465],[99.332039,12.665739],[99.329139,12.666623],[99.325996,12.667084],[99.324539,12.667619],[99.323083,12.668291],[99.32056,12.668814],[99.318361,12.669499],[99.31739,12.669524],[99.316473,12.669238],[99.316041,12.668939],[99.315178,12.668117],[99.31391,12.667345],[99.31248,12.66737],[99.31132,12.667532],[99.310579,12.667457],[99.309567,12.667482],[99.309055,12.667631],[99.308434,12.668154],[99.307895,12.668951],[99.307638,12.669973],[99.307638,12.670296],[99.307342,12.671043],[99.306505,12.671628],[99.305346,12.671952],[99.304334,12.672375],[99.30366,12.672998],[99.30308,12.674031],[99.302742,12.674393],[99.302311,12.674604],[99.300961,12.674891],[99.300179,12.67514],[99.299437,12.675488],[99.299086,12.675712],[99.297738,12.67702],[99.296847,12.677331],[99.295917,12.677767],[99.295337,12.677854],[99.294581,12.67778],[99.294811,12.678938],[99.29508,12.679361],[99.295229,12.679897],[99.295202,12.682051],[99.295323,12.682388],[99.295795,12.682961],[99.296578,12.683608],[99.297117,12.68387],[99.299275,12.684629],[99.299518,12.684828],[99.299815,12.685488],[99.299991,12.686459],[99.300112,12.687854],[99.300786,12.68951],[99.3008,12.690307],[99.300665,12.690544],[99.299788,12.691179],[99.299033,12.6922],[99.298709,12.693035],[99.29848,12.693346],[99.296443,12.694915],[99.295823,12.695575],[99.294757,12.696235],[99.294299,12.696422],[99.292208,12.69697],[99.291223,12.697479],[99.290643,12.697903],[99.289677,12.699062],[99.290293,12.700082],[99.290279,12.700369],[99.290158,12.700904],[99.289564,12.702075],[99.289375,12.703195],[99.289767,12.704428],[99.290252,12.705499],[99.290306,12.706122],[99.290252,12.706645],[99.290104,12.707043],[99.288418,12.708849],[99.288485,12.709895],[99.288728,12.710679],[99.28889,12.711962],[99.289079,12.712298],[99.290009,12.712883],[99.290225,12.713755],[99.290225,12.714166],[99.290144,12.714415],[99.289875,12.714764],[99.289497,12.71505],[99.288701,12.715287],[99.287433,12.715262],[99.285585,12.714963],[99.283859,12.714851],[99.282024,12.715237],[99.280703,12.715872],[99.279394,12.715934],[99.27876,12.716046],[99.278261,12.716731],[99.278059,12.717292],[99.27644,12.720542],[99.274822,12.722609],[99.273567,12.723219],[99.272879,12.723431],[99.272151,12.724029],[99.271517,12.725075],[99.271045,12.726133],[99.2706,12.727914],[99.270505,12.728175],[99.270262,12.728474],[99.269628,12.728549],[99.268414,12.728387],[99.267565,12.727951],[99.266432,12.726943],[99.265312,12.725635],[99.264705,12.725224],[99.26422,12.725062],[99.263424,12.725025],[99.262898,12.725124],[99.261037,12.725747],[99.260268,12.725672],[99.258083,12.725],[99.25722,12.724552],[99.2561,12.724178],[99.255655,12.724053],[99.253969,12.723917],[99.253632,12.723804],[99.252755,12.723232],[99.252324,12.722796],[99.250768,12.720845],[99.250017,12.720069],[99.248406,12.719487],[99.247623,12.71939],[99.247009,12.719409],[99.246839,12.719507],[99.246183,12.720328],[99.244469,12.720758],[99.243791,12.721559],[99.242775,12.722575],[99.241865,12.723318],[99.241251,12.724236],[99.240934,12.724569],[99.239749,12.725409],[99.23905,12.726034],[99.238627,12.726562],[99.238394,12.727305],[99.238415,12.727598],[99.238225,12.728341],[99.236955,12.729376],[99.236404,12.730236],[99.236277,12.733109],[99.236129,12.733461],[99.235896,12.733715],[99.234986,12.734379],[99.234584,12.735005],[99.234478,12.735337],[99.234478,12.737233],[99.233991,12.738054],[99.233716,12.738484],[99.233356,12.73864],[99.232869,12.739109],[99.232509,12.739988],[99.23234,12.740184],[99.230604,12.740868],[99.230181,12.741161],[99.229313,12.742158],[99.228826,12.742412],[99.22853,12.742666],[99.228107,12.743311],[99.227937,12.743858],[99.228001,12.744874],[99.228318,12.745128],[99.230139,12.745207],[99.231049,12.745676],[99.231811,12.746672],[99.23215,12.747689],[99.232298,12.747864],[99.232425,12.748451],[99.234076,12.751324],[99.234182,12.75449],[99.23397,12.756639],[99.23416,12.757226],[99.234414,12.758594],[99.234499,12.759532],[99.234732,12.760216],[99.234838,12.761271],[99.234266,12.762639],[99.234097,12.763773],[99.233123,12.765258],[99.232721,12.766216],[99.232869,12.766841],[99.233822,12.768111],[99.233504,12.768756],[99.232975,12.770183],[99.232827,12.77073],[99.232848,12.771219],[99.233377,12.772685],[99.23325,12.774483],[99.23342,12.77546],[99.234351,12.77804],[99.234499,12.778841],[99.234457,12.780365],[99.234287,12.781088],[99.23397,12.781909],[99.233589,12.782241],[99.2327,12.782378],[99.231769,12.782769],[99.231112,12.783336],[99.230731,12.783844],[99.23016,12.784802],[99.229419,12.786775],[99.229102,12.788202],[99.229144,12.789199],[99.228869,12.789551],[99.227832,12.790235],[99.227747,12.790547],[99.227768,12.791114],[99.228022,12.79172],[99.228445,12.793694],[99.228678,12.794378],[99.229356,12.795863],[99.229398,12.796293],[99.229207,12.79686],[99.228826,12.797329],[99.228001,12.797974],[99.227493,12.798189],[99.226371,12.798404],[99.225673,12.798951],[99.225567,12.799361],[99.225588,12.800085],[99.225694,12.800866],[99.226011,12.801824],[99.226159,12.802606],[99.226117,12.80413],[99.226181,12.806221],[99.226054,12.808058],[99.225101,12.809329],[99.224657,12.810189],[99.224593,12.810658],[99.224678,12.811185],[99.225101,12.812299],[99.225016,12.812827],[99.22472,12.813159],[99.223641,12.813628],[99.223238,12.813921],[99.222646,12.816071],[99.222434,12.816599],[99.222434,12.817087],[99.222286,12.817615],[99.222222,12.818455],[99.222138,12.822149],[99.221841,12.822501],[99.220084,12.822892],[99.219111,12.823224],[99.218645,12.824123],[99.218518,12.825002],[99.218306,12.825745],[99.218137,12.827094],[99.218158,12.828247],[99.218052,12.828638],[99.217523,12.82895],[99.217185,12.828931],[99.216592,12.828423],[99.215258,12.827895],[99.215026,12.82768],[99.213417,12.82725],[99.211808,12.826175],[99.21075,12.826019],[99.210517,12.826097],[99.210326,12.826312],[99.210094,12.826859],[99.209797,12.828032],[99.209734,12.828989],[99.209437,12.829517],[99.209141,12.829908],[99.208231,12.830455],[99.207469,12.831237],[99.207046,12.832331],[99.206982,12.8328],[99.20677,12.833093],[99.206665,12.833856],[99.206686,12.834286],[99.20658,12.834755],[99.205903,12.836455],[99.205289,12.837041],[99.204887,12.837745],[99.204357,12.838233],[99.203532,12.838624],[99.200759,12.839211],[99.199426,12.839621],[99.198896,12.839816],[99.198409,12.840227],[99.198071,12.841497],[99.197986,12.843842],[99.197796,12.844175],[99.197393,12.84439],[99.196801,12.844507],[99.195361,12.844585],[99.194599,12.844722],[99.193308,12.845113],[99.192356,12.84566],[99.19189,12.845836],[99.191319,12.845933],[99.18935,12.845093],[99.188948,12.845054],[99.18863,12.845152],[99.188503,12.845543],[99.18863,12.846207],[99.188567,12.846989],[99.188419,12.847302],[99.188017,12.847888],[99.186429,12.849471],[99.186133,12.849823],[99.185984,12.850174],[99.186027,12.850956],[99.186238,12.851953],[99.186704,12.852774],[99.186937,12.85338],[99.187106,12.8542],[99.18717,12.855998],[99.186937,12.857015],[99.186598,12.857601],[99.186196,12.858168],[99.185392,12.85893],[99.185371,12.860142],[99.185095,12.860904],[99.184926,12.861725],[99.18499,12.862037],[99.185307,12.862565],[99.185667,12.862975],[99.186196,12.863835],[99.186281,12.864832],[99.186217,12.865809],[99.186725,12.86704],[99.187128,12.867627],[99.187445,12.868682],[99.187297,12.869034],[99.187149,12.869796],[99.187191,12.873959],[99.187085,12.874389],[99.187043,12.876363],[99.187551,12.877613],[99.188398,12.879314],[99.188567,12.880037],[99.188334,12.880525],[99.187868,12.880877],[99.187339,12.881131],[99.186514,12.881854],[99.185286,12.883476],[99.184863,12.883731],[99.184418,12.883867],[99.18319,12.884082],[99.182809,12.884219],[99.182196,12.88459],[99.181666,12.885118],[99.181349,12.885919],[99.180926,12.886506],[99.18065,12.887112],[99.180693,12.888226],[99.180799,12.888675],[99.181434,12.889848],[99.18192,12.890532],[99.182619,12.891118],[99.182979,12.891567],[99.183169,12.89274],[99.18319,12.893756],[99.182852,12.896356],[99.182936,12.896903],[99.183317,12.897528],[99.183402,12.898603],[99.182809,12.902473],[99.182386,12.903704],[99.182301,12.904603],[99.18192,12.905678],[99.181709,12.907124],[99.181709,12.907691],[99.182217,12.909157],[99.182534,12.91117],[99.182323,12.911502],[99.181836,12.911756],[99.18101,12.912616],[99.180989,12.914003],[99.18082,12.914453],[99.179253,12.915899],[99.179021,12.916485],[99.178555,12.917189],[99.177687,12.917795],[99.177158,12.918068],[99.176417,12.91885],[99.176121,12.919319],[99.175782,12.92016],[99.175211,12.920785],[99.173475,12.921469],[99.172946,12.921606],[99.171019,12.92272],[99.169813,12.923306],[99.168585,12.923658],[99.167929,12.923951],[99.166066,12.924185],[99.16541,12.92444],[99.165029,12.92526],[99.164796,12.925534],[99.163378,12.926667],[99.162574,12.927488],[99.16232,12.927879],[99.162256,12.928251],[99.162277,12.928505],[99.162637,12.9287],[99.16323,12.928817],[99.165749,12.929091],[99.167125,12.928974],[99.167442,12.929071],[99.167717,12.929482],[99.167887,12.930088],[99.167887,12.931671],[99.168374,12.932941],[99.169707,12.933488],[99.170236,12.93384],[99.17066,12.934348],[99.170787,12.934934],[99.170808,12.936947],[99.171041,12.937592],[99.171337,12.9381],[99.171908,12.941618],[99.172205,12.942576],[99.172607,12.943084],[99.174385,12.943416],[99.175041,12.943709],[99.175909,12.943807],[99.176502,12.943748],[99.176925,12.943553],[99.178153,12.943397],[99.179296,12.943455],[99.180291,12.943788],[99.180904,12.944218],[99.181857,12.944569],[99.183021,12.944765],[99.184122,12.944706],[99.184693,12.945097],[99.184863,12.945488],[99.18499,12.946055],[99.185032,12.947305],[99.185265,12.947872],[99.18554,12.948107],[99.186852,12.948341],[99.187424,12.948595],[99.187868,12.948967],[99.188144,12.949397],[99.188482,12.951546],[99.1888,12.951898],[99.189308,12.95225],[99.189837,12.952465],[99.19261,12.952094],[99.193562,12.952523],[99.193837,12.953286],[99.193774,12.954458],[99.193859,12.954927],[99.194134,12.955416],[99.194769,12.955944],[99.195192,12.9561],[99.195446,12.956608],[99.19515,12.958289],[99.195107,12.95909],[99.195171,12.959481],[99.195065,12.95997],[99.194642,12.960771],[99.194261,12.961728],[99.193414,12.965149],[99.193202,12.9655],[99.192631,12.965989],[99.190747,12.967103],[99.189562,12.968275],[99.189308,12.968881],[99.189265,12.970484],[99.188757,12.971637],[99.188398,12.974295],[99.187657,12.975252],[99.187212,12.976015],[99.187043,12.976464],[99.186979,12.978047],[99.187297,12.978927],[99.187614,12.9792],[99.187953,12.979337],[99.189371,12.979513],[99.189604,12.979865],[99.189604,12.980744],[99.189731,12.981272],[99.189879,12.981585],[99.190133,12.98178],[99.190472,12.982288],[99.190514,12.982738],[99.190133,12.983422],[99.190197,12.984086],[99.191128,12.985102],[99.191996,12.985611],[99.19261,12.98608],[99.193859,12.988444],[99.193922,12.989128],[99.194218,12.989519],[99.194367,12.989871],[99.194663,12.990184],[99.194853,12.990575],[99.19424,12.991317],[99.193774,12.991591],[99.193435,12.991669],[99.1917,12.991747],[99.19134,12.991571],[99.190197,12.99036],[99.189265,12.990145],[99.188609,12.990711],[99.187911,12.991513],[99.187678,12.99163],[99.186387,12.991669],[99.1859,12.991747],[99.184799,12.992138],[99.183106,12.992431],[99.182365,12.992451],[99.181688,12.992607],[99.180142,12.993252],[99.180037,12.993467],[99.180015,12.994288],[99.180164,12.995441],[99.180037,12.995714],[99.179761,12.996047],[99.179148,12.996301],[99.178534,12.996789],[99.17737,12.998724],[99.176798,12.999428],[99.175962,13.000202],[99.173895,13.000401],[99.17354,13.000658],[99.172645,13.001926],[99.172675,13.00231],[99.173108,13.003208],[99.172799,13.004105],[99.172274,13.005117],[99.171796,13.006],[99.169882,13.00865],[99.168879,13.009491],[99.168648,13.009847],[99.168663,13.010317],[99.169188,13.011187],[99.169543,13.012041],[99.170314,13.012953],[99.171055,13.013608],[99.171101,13.014634],[99.170854,13.015062],[99.169589,13.016387],[99.168709,13.016757],[99.167722,13.016843],[99.167181,13.017042],[99.166626,13.017783],[99.166564,13.01811],[99.166148,13.01858],[99.164635,13.019136],[99.163941,13.019521],[99.16337,13.020005],[99.162783,13.020347],[99.162459,13.020418],[99.161811,13.02039],[99.160083,13.019734],[99.159419,13.019649],[99.158709,13.019692],[99.158014,13.019635],[99.157798,13.019763],[99.157459,13.020048],[99.157011,13.020632],[99.156487,13.021572],[99.1557,13.022726],[99.154882,13.025647],[99.154897,13.026075],[99.154789,13.026445],[99.154342,13.026972],[99.153663,13.027058],[99.15124,13.027058],[99.149805,13.026958],[99.148354,13.02663],[99.147876,13.026716],[99.147706,13.026958],[99.147614,13.027742],[99.147043,13.02854],[99.147043,13.02948],[99.14695,13.029865],[99.146348,13.030719],[99.146256,13.031033],[99.146209,13.032571],[99.146101,13.032984],[99.145561,13.033512],[99.144404,13.034081],[99.141703,13.034908],[99.141101,13.034993],[99.1407,13.034979],[99.140345,13.03478],[99.140268,13.033455],[99.139944,13.032771],[99.139481,13.032315],[99.139111,13.0325],[99.138509,13.033056],[99.137151,13.033697],[99.134264,13.03344],[99.133863,13.03364],[99.133446,13.034024],[99.132304,13.034808],[99.130761,13.035463],[99.130175,13.035492],[99.129604,13.03619],[99.129064,13.037102],[99.127952,13.037373],[99.127397,13.037558],[99.12678,13.037886],[99.126239,13.037943],[99.125761,13.038199],[99.124989,13.039011],[99.124681,13.039909],[99.124249,13.040564],[99.123909,13.04092],[99.122829,13.041889],[99.121903,13.042444],[99.121178,13.0431],[99.119974,13.043898],[99.119465,13.044339],[99.118693,13.045365],[99.117474,13.047972],[99.117011,13.048499],[99.116548,13.048841],[99.115221,13.051648],[99.114233,13.053116],[99.113662,13.054284],[99.113632,13.054897],[99.114141,13.055695],[99.114203,13.055994],[99.114326,13.057504],[99.11448,13.058373],[99.114187,13.05863],[99.112953,13.058943],[99.112505,13.059186],[99.111749,13.060354],[99.111209,13.06081],[99.110993,13.061152],[99.11056,13.062192],[99.110592,13.062448],[99.110206,13.063474],[99.108801,13.063802],[99.10732,13.06393],[99.106178,13.063873],[99.105684,13.063645],[99.104357,13.063374],[99.104079,13.063431],[99.103786,13.063631],[99.1036,13.063901],[99.103554,13.064329],[99.103616,13.065981],[99.103153,13.067306],[99.103323,13.068261],[99.10306,13.068703],[99.10252,13.069173],[99.10215,13.069729],[99.10181,13.070028],[99.101008,13.071011],[99.100097,13.071894],[99.099511,13.072735],[99.099418,13.073105],[99.099496,13.073432],[99.099557,13.075156],[99.099557,13.077393],[99.099773,13.078362],[99.100144,13.078832],[99.10073,13.079132],[99.101517,13.079701],[99.101764,13.080115],[99.102011,13.080898],[99.101934,13.082351],[99.102104,13.082779],[99.10235,13.083135],[99.102844,13.083577],[99.104233,13.084488],[99.104789,13.084944],[99.105545,13.084332],[99.106826,13.083534],[99.107428,13.083263],[99.107613,13.083334],[99.108137,13.083577],[99.109017,13.084574],[99.10985,13.086198],[99.111085,13.087694],[99.111517,13.088064],[99.113261,13.087666],[99.114521,13.088274],[99.115849,13.090186],[99.117581,13.092459],[99.117963,13.093404],[99.118953,13.094236],[99.119773,13.0961],[99.12107,13.096442],[99.121486,13.096399],[99.121918,13.096214],[99.123199,13.096128],[99.123647,13.095929],[99.124171,13.095316],[99.125884,13.096029],[99.126517,13.096171],[99.127181,13.096143],[99.128307,13.095815],[99.129495,13.095829],[99.130082,13.096157],[99.130839,13.096798],[99.131086,13.097083],[99.131147,13.097311],[99.13124,13.097809],[99.131194,13.098465],[99.130931,13.099177],[99.130391,13.099733],[99.129542,13.100046],[99.129064,13.100345],[99.128524,13.100887],[99.12732,13.10318],[99.128154,13.104862],[99.128508,13.105859],[99.128385,13.107341],[99.128616,13.107911],[99.128786,13.108794],[99.128786,13.109222],[99.128431,13.110319],[99.128632,13.112555],[99.127922,13.114792],[99.127999,13.115604],[99.128123,13.116146],[99.128508,13.116616],[99.129033,13.117856],[99.12928,13.118297],[99.129666,13.118639],[99.131826,13.118397],[99.133385,13.118326],[99.133771,13.118397],[99.133925,13.118554],[99.134048,13.118953],[99.133956,13.119736],[99.133292,13.121417],[99.133153,13.121973],[99.1332,13.122956],[99.133462,13.123526],[99.133539,13.123953],[99.133909,13.124637],[99.133987,13.125634],[99.134573,13.126546],[99.135422,13.127586],[99.135777,13.128427],[99.135715,13.129267],[99.135422,13.130991],[99.135422,13.131504],[99.135669,13.131803],[99.136626,13.132216],[99.136826,13.132459],[99.136888,13.132701],[99.136872,13.133071],[99.136548,13.133655],[99.135437,13.135308],[99.133709,13.136291],[99.132119,13.13679],[99.131209,13.137545],[99.131008,13.137944],[99.131024,13.1385],[99.130823,13.139568],[99.130514,13.140166],[99.130283,13.140936],[99.130144,13.142717],[99.130947,13.143187],[99.13161,13.143387],[99.132459,13.144028],[99.133647,13.145723],[99.134141,13.146778],[99.134218,13.147148],[99.134588,13.147761],[99.135854,13.1491],[99.137058,13.149684],[99.137212,13.149869],[99.137258,13.150197],[99.137196,13.150795],[99.136842,13.151978],[99.136471,13.153075],[99.135761,13.154642],[99.135376,13.157035],[99.135391,13.158759],[99.134712,13.159999],[99.134542,13.160996],[99.134496,13.162449],[99.134372,13.163219],[99.13411,13.163974],[99.13374,13.164629],[99.133292,13.164928],[99.131348,13.165826],[99.129619,13.166196],[99.129218,13.166524],[99.128632,13.167507],[99.127243,13.169103],[99.126456,13.169616],[99.125484,13.169972],[99.124002,13.169886],[99.12303,13.169687],[99.122227,13.169901],[99.121502,13.170542],[99.119696,13.173291],[99.119172,13.173605],[99.117675,13.17379],[99.117042,13.174146],[99.116687,13.174517],[99.116594,13.174816],[99.11695,13.1756],[99.116996,13.176569],[99.11715,13.176882],[99.118848,13.178164],[99.11965,13.179162],[99.120345,13.180401],[99.1207,13.180743],[99.1209,13.180872],[99.121564,13.180886],[99.122134,13.181085],[99.123045,13.181627],[99.123477,13.182182],[99.123678,13.183365],[99.123925,13.185872],[99.124156,13.186228],[99.124696,13.186584],[99.125082,13.187126],[99.125144,13.188351],[99.125082,13.188793],[99.124666,13.189448],[99.123925,13.190288],[99.123724,13.19177],[99.123277,13.193081],[99.123153,13.193808],[99.123138,13.194378],[99.123292,13.19472],[99.123416,13.194876],[99.124326,13.195247],[99.124496,13.195389],[99.124804,13.195717],[99.125437,13.196729],[99.126409,13.197826],[99.126749,13.198111],[99.12752,13.198509],[99.128678,13.199421],[99.12911,13.200162],[99.129264,13.201031],[99.129604,13.20143],[99.130576,13.202228],[99.130854,13.202569],[99.13178,13.203082],[99.132489,13.203125],[99.133014,13.203268],[99.134172,13.203994],[99.134665,13.204108],[99.135576,13.204051],[99.136718,13.203852],[99.13698,13.203937],[99.137953,13.204436],[99.138616,13.205191],[99.138817,13.205619],[99.139064,13.205733],[99.140406,13.205676],[99.141409,13.205975],[99.142706,13.20606],[99.144804,13.205818],[99.146641,13.205448],[99.147073,13.205576],[99.147829,13.206331],[99.148092,13.206488],[99.149635,13.206245],[99.150144,13.206274],[99.151873,13.206773],[99.15357,13.207585],[99.155252,13.208197],[99.156148,13.208397],[99.156626,13.208397],[99.15803,13.208254],[99.159466,13.207912],[99.164141,13.207884],[99.164465,13.207727],[99.165222,13.206402],[99.166194,13.205519],[99.166533,13.205362],[99.167182,13.20522],[99.168354,13.205148],[99.168941,13.204963],[99.169558,13.204507],[99.170021,13.203866],[99.170392,13.203667],[99.172799,13.203239],[99.173987,13.20284],[99.175129,13.202099],[99.175716,13.201301],[99.175824,13.200917],[99.178015,13.198681],[99.179003,13.196672],[99.179203,13.196116],[99.180237,13.195603],[99.180577,13.19519],[99.180994,13.193921],[99.181318,13.193366],[99.181611,13.193038],[99.182552,13.192596],[99.184049,13.192454],[99.18428,13.192539],[99.18587,13.193665],[99.186503,13.193893],[99.186997,13.193523],[99.187568,13.19291],[99.188061,13.192753],[99.189342,13.192696],[99.189959,13.19281],[99.190576,13.193095],[99.190823,13.193366],[99.191687,13.195432],[99.19195,13.195816],[99.192907,13.196785],[99.193231,13.196985],[99.19445,13.197355],[99.194789,13.197369],[99.195684,13.197042],[99.196055,13.196814],[99.196564,13.196215],[99.197012,13.195118],[99.197043,13.193964],[99.197475,13.193537],[99.197768,13.193451],[99.1982,13.193466],[99.199049,13.193793],[99.199496,13.193822],[99.19982,13.193978],[99.199751,13.194678],[99.199959,13.195517],[99.200361,13.196058],[99.201394,13.196814],[99.202274,13.19764],[99.203277,13.198894],[99.203462,13.199365],[99.203478,13.199706],[99.203663,13.200205],[99.203663,13.200646],[99.203786,13.200917],[99.203925,13.203411],[99.203972,13.203767],[99.204172,13.20408],[99.204419,13.204337],[99.205839,13.204736],[99.206487,13.204793],[99.20712,13.204978],[99.207444,13.205234],[99.207706,13.205647],[99.207722,13.206132],[99.207907,13.20626],[99.208339,13.206374],[99.210701,13.207613],[99.210423,13.208653],[99.210037,13.210876],[99.209651,13.211888],[99.209296,13.212429],[99.206966,13.214323],[99.206519,13.21458],[99.205654,13.215477],[99.205562,13.215634],[99.205485,13.216617],[99.205346,13.217073],[99.204867,13.217828],[99.204373,13.219125],[99.204482,13.220151],[99.204698,13.22065],[99.205006,13.220992],[99.205284,13.221262],[99.205778,13.221533],[99.206395,13.221733],[99.207722,13.222388],[99.208231,13.223257],[99.208355,13.223941],[99.209096,13.225237],[99.209235,13.225608],[99.20925,13.226662],[99.208787,13.231335],[99.208432,13.23276],[99.207491,13.234512],[99.206596,13.235552],[99.204574,13.237504],[99.204914,13.238729],[99.205114,13.239071],[99.205299,13.240639],[99.205114,13.241023],[99.204667,13.241551],[99.203694,13.242292],[99.203092,13.243388],[99.202136,13.244385],[99.201596,13.24514],[99.201488,13.245468],[99.201518,13.24685],[99.201271,13.247648],[99.200546,13.248432],[99.20016,13.248717],[99.199713,13.248816],[99.198756,13.249557],[99.198817,13.251566],[99.198617,13.252621],[99.198463,13.252963],[99.1982,13.253219],[99.196317,13.254658],[99.196364,13.255114],[99.196611,13.255612],[99.196904,13.256596],[99.19732,13.25745],[99.198555,13.257849],[99.2005,13.25822],[99.201071,13.258505],[99.201302,13.258918],[99.201487,13.259602],[99.20229,13.261426],[99.202938,13.261767],[99.203355,13.261668],[99.204898,13.26087],[99.207861,13.260044],[99.210762,13.2602],[99.211472,13.261084],[99.211641,13.261568],[99.211626,13.261853],[99.211317,13.262722],[99.210299,13.263975],[99.209882,13.264346],[99.209018,13.265685],[99.208632,13.266169],[99.20732,13.267181],[99.205623,13.269261],[99.204481,13.270059],[99.202969,13.270814],[99.200731,13.272567],[99.200608,13.273578],[99.200021,13.274476],[99.199913,13.274889],[99.200006,13.275801],[99.199913,13.276456],[99.199419,13.277325],[99.197212,13.278921],[99.194234,13.280659],[99.193663,13.281386],[99.193648,13.282383],[99.193509,13.283466],[99.193324,13.283979],[99.192969,13.284492],[99.191102,13.286401],[99.189867,13.287441],[99.188494,13.288851],[99.187567,13.290319],[99.186935,13.291117],[99.187737,13.291687],[99.188146,13.292148],[99.188679,13.293197],[99.189034,13.293496],[99.189512,13.293696],[99.189975,13.294237],[99.190222,13.295135],[99.190237,13.296218],[99.190129,13.297272],[99.190423,13.298084],[99.190561,13.298768],[99.190484,13.29911],[99.190052,13.299708],[99.18999,13.300563],[99.190422,13.302002],[99.190515,13.302899],[99.191317,13.303483],[99.191703,13.303569],[99.192166,13.303811],[99.193817,13.304139],[99.194126,13.304253],[99.194187,13.304481],[99.194064,13.304751],[99.193586,13.30525],[99.193076,13.305635],[99.192258,13.305977],[99.191826,13.306333],[99.191487,13.306746],[99.191348,13.307074],[99.191209,13.310151],[99.1909,13.311576],[99.190978,13.311904],[99.191147,13.31216],[99.19141,13.312502],[99.191934,13.31283],[99.191965,13.313086],[99.191518,13.313827],[99.191333,13.314411],[99.19104,13.314924],[99.190778,13.315636],[99.190762,13.316121],[99.191179,13.317246],[99.192028,13.318799],[99.192197,13.319312],[99.19195,13.320922],[99.191997,13.322403],[99.192105,13.32276],[99.192398,13.323144],[99.192876,13.323287],[99.193895,13.323358],[99.195021,13.323586],[99.195654,13.323842],[99.19658,13.324427],[99.196935,13.324768],[99.197213,13.325096],[99.197675,13.32598],[99.198138,13.327148],[99.198925,13.328145],[99.199203,13.3289],[99.199419,13.329883],[99.200129,13.33155],[99.20053,13.332847],[99.201626,13.334927],[99.202197,13.335554],[99.203293,13.33618],[99.205237,13.336978],[99.205963,13.337021],[99.206349,13.337662],[99.206534,13.338545],[99.206796,13.339229],[99.206842,13.340056],[99.206765,13.340256],[99.206302,13.340825],[99.205423,13.344245],[99.205886,13.34567],[99.205839,13.347636],[99.20604,13.348419],[99.205592,13.349117],[99.20516,13.350157],[99.205099,13.350585],[99.204744,13.351411],[99.204466,13.352537],[99.204111,13.353064],[99.203879,13.353591],[99.203524,13.354061],[99.203,13.354389],[99.202691,13.35476],[99.203833,13.35654],[99.204065,13.357181],[99.204836,13.358378],[99.205237,13.35976],[99.205901,13.361142],[99.205978,13.361513],[99.206024,13.362895],[99.205886,13.363764],[99.205778,13.36402],[99.20587,13.366043],[99.205824,13.366371],[99.204435,13.367482],[99.203756,13.368223],[99.203571,13.368579],[99.203478,13.369007],[99.203247,13.36942],[99.20246,13.370574],[99.201827,13.371272],[99.201595,13.371628],[99.201503,13.371941],[99.202691,13.373053],[99.202722,13.37348],[99.202599,13.374292],[99.202197,13.375532],[99.202321,13.375859],[99.202645,13.376258],[99.203586,13.376899],[99.203926,13.377227],[99.204219,13.377655],[99.204342,13.37794],[99.204296,13.378453],[99.20442,13.379022],[99.204666,13.379322],[99.205037,13.379592],[99.205561,13.379806],[99.206102,13.379835],[99.206827,13.380006],[99.206935,13.380191],[99.20692,13.380519],[99.206333,13.382014],[99.206163,13.382968],[99.205947,13.383367],[99.205608,13.383595],[99.204697,13.384578],[99.204589,13.384907],[99.204636,13.38522],[99.205222,13.386445],[99.205145,13.3874],[99.205237,13.387941],[99.2055,13.388597],[99.20621,13.389523],[99.206333,13.389993],[99.206132,13.391417],[99.205623,13.393099],[99.205608,13.393483],[99.205608,13.394096],[99.206102,13.396062],[99.206132,13.396974],[99.205978,13.39743],[99.205253,13.397942],[99.204975,13.398213],[99.204774,13.398555],[99.204728,13.399339],[99.204852,13.399909],[99.204836,13.400393],[99.204018,13.40196],[99.203987,13.402886],[99.204883,13.405038],[99.205068,13.405821],[99.205345,13.40622],[99.206997,13.407887],[99.207583,13.408286],[99.207907,13.408714],[99.209327,13.409825],[99.210283,13.410936],[99.210314,13.413629],[99.210222,13.415339],[99.209867,13.416123],[99.209435,13.416522],[99.208602,13.416806],[99.207922,13.417219],[99.207197,13.417761],[99.206472,13.418544],[99.206549,13.419171],[99.207259,13.420097],[99.207722,13.421408],[99.207691,13.422078],[99.207321,13.422762],[99.206996,13.422933],[99.204975,13.422904],[99.204497,13.423004],[99.203586,13.423716],[99.202506,13.424713],[99.20175,13.425141],[99.201549,13.425354],[99.201395,13.425696],[99.201395,13.425938],[99.200639,13.427449],[99.200639,13.427719],[99.200839,13.42799],[99.201441,13.428446],[99.20175,13.428888],[99.201997,13.42997],[99.202197,13.430312],[99.203818,13.431865],[99.204234,13.432563],[99.204327,13.433575],[99.204095,13.435114],[99.203108,13.436396],[99.201734,13.438505],[99.201549,13.439018],[99.201456,13.439901],[99.20121,13.440556],[99.200762,13.440841],[99.200268,13.44134],[99.19979,13.442223],[99.199605,13.442694],[99.199358,13.44389],[99.199358,13.444204],[99.19996,13.445472],[99.19999,13.446084],[99.199404,13.447481],[99.199265,13.448022],[99.198555,13.449489],[99.198324,13.449874],[99.197182,13.450914],[99.197274,13.451228],[99.197598,13.451555],[99.198725,13.452353],[99.199419,13.453009],[99.202676,13.45422],[99.203895,13.454961],[99.204559,13.455516],[99.205099,13.456115],[99.205932,13.45781],[99.206133,13.45791],[99.207136,13.457981],[99.207413,13.458081],[99.207506,13.458337],[99.207491,13.459548],[99.207367,13.460545],[99.206518,13.46197],[99.206518,13.463053],[99.206812,13.464093],[99.20692,13.464977],[99.206904,13.465546],[99.206781,13.466158],[99.206163,13.467298],[99.205037,13.468609],[99.203031,13.471459],[99.20283,13.472114],[99.202738,13.473097],[99.20246,13.47455],[99.202305,13.474906],[99.202244,13.475833],[99.202321,13.476531],[99.203031,13.477998],[99.203694,13.478796],[99.203648,13.479409],[99.203293,13.480007],[99.202583,13.480548],[99.202182,13.480705],[99.200515,13.48109],[99.197737,13.482515],[99.197259,13.483184],[99.197243,13.483897],[99.197321,13.48441],[99.197228,13.484752],[99.196919,13.485079],[99.196271,13.485478],[99.195587,13.485445],[99.194759,13.486518],[99.194558,13.486903],[99.193061,13.488983],[99.192475,13.489339],[99.192151,13.489315],[99.191641,13.489427],[99.191061,13.489878],[99.19107,13.490123],[99.1909,13.490393],[99.1909,13.491476],[99.190669,13.492174],[99.188894,13.494681],[99.187537,13.496021],[99.187251,13.496821],[99.187194,13.497449],[99.187423,13.498191],[99.188108,13.499276],[99.18885,13.49979],[99.189993,13.500076],[99.190906,13.50019],[99.190963,13.500704],[99.189193,13.501275],[99.188679,13.501675],[99.188393,13.502189],[99.188108,13.503788],[99.187822,13.50453],[99.187594,13.505615],[99.188222,13.505901],[99.189136,13.506586],[99.189536,13.507443],[99.19005,13.508185],[99.190735,13.50887],[99.191192,13.509498],[99.19142,13.510812],[99.19182,13.51184],[99.191763,13.513039],[99.191592,13.513896],[99.191763,13.516009],[99.191934,13.516865],[99.191477,13.518578],[99.191078,13.519721],[99.190335,13.521262],[99.190278,13.521776],[99.190792,13.524175],[99.190792,13.52526],[99.190563,13.526059],[99.190278,13.526516],[99.189821,13.526973],[99.189536,13.527544],[99.189422,13.528287],[99.189536,13.529029],[99.189878,13.530057],[99.190849,13.53177],[99.191592,13.533369],[99.191877,13.534226],[99.192105,13.535539],[99.192219,13.539365],[99.192848,13.541478],[99.192734,13.542278],[99.192677,13.543706],[99.192448,13.545019],[99.192105,13.545647],[99.191249,13.54599],[99.188907,13.546332],[99.188337,13.546732],[99.188051,13.547532],[99.188165,13.548217],[99.188108,13.549359],[99.18788,13.550216],[99.187137,13.550844],[99.186338,13.551301],[99.184681,13.550673],[99.18354,13.550673],[99.182854,13.550901],[99.18234,13.552272],[99.181883,13.553014],[99.180056,13.554613],[99.179599,13.555527],[99.179313,13.556383],[99.179142,13.560895],[99.178286,13.56198],[99.177657,13.563065],[99.174574,13.562551],[99.173374,13.562665],[99.172518,13.563008],[99.170976,13.564835],[99.169867,13.567029],[99.169944,13.569138],[99.168756,13.570762],[99.168215,13.571389],[99.167598,13.571816],[99.166549,13.572401],[99.165453,13.572928],[99.164975,13.57307],[99.164203,13.573498],[99.163863,13.573797],[99.163586,13.574239],[99.163647,13.574495],[99.164404,13.575122],[99.165113,13.575535],[99.165777,13.575792],[99.165978,13.575977],[99.166194,13.57629],[99.166472,13.576989],[99.16661,13.578],[99.166981,13.578712],[99.167197,13.578869],[99.167783,13.57904],[99.168648,13.57894],[99.169435,13.578456],[99.169712,13.578399],[99.170067,13.578399],[99.170793,13.578726],[99.171719,13.579553],[99.172367,13.581094],[99.173496,13.581165],[99.174107,13.581306],[99.175729,13.582999],[99.176341,13.583375],[99.177963,13.58401],[99.178551,13.584457],[99.178848,13.58575],[99.178848,13.586035],[99.178617,13.586491],[99.17786,13.587332],[99.177598,13.587716],[99.177444,13.588115],[99.176935,13.591833],[99.176117,13.594185],[99.175268,13.595054],[99.173678,13.596464],[99.172876,13.596977],[99.17229,13.597533],[99.171672,13.59967],[99.171101,13.600895],[99.170268,13.602376],[99.169496,13.603416],[99.169435,13.604428],[99.169512,13.605369],[99.169465,13.606622],[99.168678,13.607734],[99.167382,13.609016],[99.167012,13.609856],[99.166919,13.61111],[99.166749,13.611638],[99.166626,13.61188],[99.166317,13.612136],[99.165684,13.612492],[99.165453,13.612963],[99.165484,13.613134],[99.167228,13.613974],[99.167675,13.614544],[99.167891,13.615143],[99.167891,13.615584],[99.168138,13.616525],[99.168215,13.617251],[99.168185,13.618277],[99.167999,13.619374],[99.16766,13.619802],[99.167289,13.620756],[99.167289,13.621198],[99.167459,13.621639],[99.167644,13.621853],[99.168493,13.622338],[99.168817,13.622608],[99.169697,13.623563],[99.170314,13.624446],[99.170515,13.625001],[99.170376,13.627238],[99.170777,13.628022],[99.171024,13.628335],[99.171811,13.628863],[99.172243,13.629561],[99.172336,13.629888],[99.172351,13.63043],[99.172135,13.630957],[99.170916,13.632481],[99.17033,13.633507],[99.170206,13.633992],[99.170114,13.636684],[99.170006,13.637368],[99.170052,13.638665],[99.169682,13.639405],[99.16945,13.639648],[99.169095,13.640459],[99.169126,13.641229],[99.169342,13.641571],[99.169682,13.642426],[99.169682,13.643907],[99.169867,13.644477],[99.170037,13.645474],[99.171148,13.646272],[99.171595,13.6467],[99.171703,13.646942],[99.17175,13.647469],[99.171657,13.647668],[99.170422,13.648438],[99.169743,13.649065],[99.169419,13.649763],[99.168401,13.651159],[99.168185,13.651572],[99.167629,13.653125],[99.167243,13.653553],[99.167166,13.653852],[99.167289,13.654679],[99.167722,13.656118],[99.168354,13.657072],[99.168632,13.657357],[99.170314,13.660064],[99.170777,13.661161],[99.170839,13.661788],[99.170746,13.662215],[99.170746,13.66307],[99.171055,13.664111],[99.171148,13.665735],[99.171302,13.666362],[99.171441,13.667843],[99.171333,13.668541],[99.171055,13.668883],[99.171009,13.669225],[99.171009,13.670137],[99.171194,13.670892],[99.171163,13.671633],[99.170762,13.671989],[99.170283,13.672075],[99.16786,13.67206],[99.167644,13.672203],[99.167089,13.672873],[99.166935,13.673684],[99.166919,13.676804],[99.16678,13.678258],[99.166549,13.679255],[99.166255,13.679811],[99.165654,13.680551],[99.165515,13.681264],[99.165515,13.681506],[99.166163,13.681962],[99.166826,13.682019],[99.168323,13.681948],[99.169033,13.682204],[99.169311,13.682461],[99.169836,13.683073],[99.170175,13.68427],[99.16999,13.685609],[99.170114,13.686336],[99.171256,13.686991],[99.171564,13.688273],[99.171564,13.688615],[99.171271,13.689428],[99.169898,13.690767],[99.169851,13.692149],[99.169682,13.692463],[99.169249,13.692961],[99.168385,13.693289],[99.167644,13.693816],[99.167197,13.694429],[99.16695,13.695668],[99.166842,13.697065],[99.166873,13.698005],[99.167104,13.69923],[99.167783,13.700498],[99.168431,13.701353],[99.168447,13.704473],[99.16854,13.705442],[99.169003,13.706581],[99.169172,13.706824],[99.169327,13.707479],[99.169311,13.708006],[99.169003,13.709032],[99.16854,13.711824],[99.168648,13.715571],[99.16837,13.716797],[99.1682,13.718463],[99.168231,13.719276],[99.168077,13.720102],[99.167768,13.720657],[99.16766,13.721028],[99.16766,13.721384],[99.168046,13.722068],[99.168169,13.722452],[99.168169,13.724119],[99.167598,13.72486],[99.167243,13.725772],[99.166965,13.726142],[99.16516,13.726527],[99.164913,13.726712],[99.16428,13.726983],[99.163724,13.727026],[99.163308,13.726912],[99.163045,13.726727],[99.162721,13.726713],[99.161888,13.726342],[99.161548,13.726271],[99.161163,13.726271],[99.160823,13.726399],[99.16053,13.726627],[99.16036,13.726941],[99.160252,13.727411],[99.16016,13.728536],[99.159697,13.729933],[99.15894,13.731158],[99.158786,13.731557],[99.158385,13.733266],[99.158045,13.733722],[99.156718,13.734449],[99.155484,13.734563],[99.155052,13.734791],[99.154743,13.735019],[99.154373,13.735475],[99.154327,13.735717],[99.154126,13.736045],[99.153848,13.737313],[99.153756,13.738467],[99.153817,13.741444],[99.153432,13.744237],[99.153416,13.745177],[99.154265,13.74807],[99.154959,13.749637],[99.15509,13.750264],[99.155059,13.750492],[99.154658,13.750976],[99.153825,13.751275],[99.153825,13.751745],[99.15435,13.753013],[99.154442,13.75384],[99.154319,13.754538],[99.15401,13.755221],[99.153717,13.755535],[99.15347,13.755763],[99.152991,13.755962],[99.15242,13.756076],[99.151186,13.756162],[99.150522,13.756347],[99.149426,13.756774],[99.148948,13.757073],[99.147698,13.757629],[99.14651,13.758028],[99.145445,13.758099],[99.144411,13.757814],[99.143454,13.757373],[99.142883,13.757301],[99.142374,13.757301],[99.141726,13.757472],[99.140522,13.758398],[99.139658,13.759467],[99.136726,13.76243],[99.1358,13.7631],[99.135152,13.764325],[99.134226,13.765707],[99.133516,13.766562],[99.132806,13.767232],[99.132513,13.767331],[99.131695,13.767203],[99.131386,13.766975],[99.130815,13.766719],[99.130322,13.766704],[99.128825,13.766947],[99.12725,13.767488],[99.126741,13.767787],[99.126093,13.768414],[99.124966,13.76897],[99.124164,13.769867],[99.122991,13.770979],[99.12188,13.77229],[99.121417,13.77303],[99.121356,13.773287],[99.121541,13.774085],[99.122174,13.775609],[99.122127,13.776578],[99.121772,13.777276],[99.12168,13.777647],[99.121603,13.778088],[99.121649,13.778915],[99.121572,13.779214],[99.121155,13.779827],[99.120275,13.780696],[99.12009,13.781009],[99.12009,13.781351],[99.119967,13.781679],[99.119504,13.782491],[99.118979,13.783061],[99.118686,13.783617],[99.118316,13.784087],[99.118346,13.784457],[99.119488,13.785825],[99.119596,13.786281],[99.119519,13.787207],[99.119195,13.788347],[99.11864,13.789002],[99.118238,13.789814],[99.117852,13.790384],[99.117806,13.791267],[99.117899,13.792264],[99.117667,13.793219],[99.117482,13.795342],[99.117482,13.796154],[99.11759,13.796481],[99.118331,13.797707],[99.119396,13.798904],[99.120291,13.799545],[99.121849,13.799901],[99.122482,13.800243],[99.122544,13.800556],[99.121895,13.801839],[99.121957,13.802865],[99.122297,13.803776],[99.122436,13.804389],[99.122482,13.805757],[99.122466,13.806042],[99.121479,13.807281],[99.121432,13.807609],[99.121679,13.810743],[99.121618,13.812552],[99.121402,13.813578],[99.120892,13.814162],[99.119982,13.814276],[99.118763,13.814276],[99.117883,13.815174],[99.116371,13.816285],[99.115985,13.816713],[99.115954,13.816984],[99.116124,13.817753],[99.116062,13.818223],[99.115769,13.818693],[99.11455,13.819805],[99.114535,13.820132],[99.114673,13.820432],[99.115214,13.82093],[99.115538,13.821458],[99.115584,13.825262],[99.115106,13.82747],[99.115059,13.82898],[99.114859,13.829877],[99.114411,13.830732],[99.113809,13.830875],[99.112652,13.830889],[99.10918,13.830476],[99.108454,13.830533],[99.107822,13.83069],[99.107374,13.830903],[99.106649,13.831316],[99.104889,13.832955],[99.103408,13.833439],[99.102744,13.833824],[99.102405,13.834194],[99.10205,13.835149],[99.101525,13.836175],[99.101185,13.836602],[99.099704,13.8375],[99.099503,13.837728],[99.099442,13.838055],[99.099951,13.840335],[99.100151,13.842885],[99.100337,13.84337],[99.100198,13.846547],[99.100429,13.848185],[99.10117,13.849496],[99.101401,13.850037],[99.10171,13.851163],[99.101633,13.85159],[99.101062,13.853257],[99.100985,13.85367],[99.100985,13.854953],[99.101571,13.855266],[99.10205,13.855323],[99.102528,13.855665],[99.102636,13.855921],[99.102744,13.856905],[99.10313,13.858614],[99.10333,13.85897],[99.103392,13.859255],[99.10387,13.859854],[99.104318,13.860124],[99.104627,13.860181],[99.105167,13.86058],[99.105799,13.861392],[99.105969,13.861706],[99.106309,13.863187],[99.10634,13.863729],[99.106772,13.865097],[99.107096,13.865481],[99.10742,13.865624],[99.108377,13.865652],[99.109395,13.865453],[99.110414,13.865396],[99.11063,13.865638],[99.110722,13.866621],[99.110907,13.867376],[99.110907,13.86826],[99.1108,13.868644],[99.110522,13.868986],[99.11009,13.870083],[99.109982,13.870724],[99.109781,13.871251],[99.109719,13.872263],[99.109781,13.872818],[99.110352,13.874001],[99.110553,13.874884],[99.110568,13.877434],[99.109966,13.879742],[99.109966,13.88215],[99.109858,13.88319],[99.109673,13.883888],[99.108855,13.885983],[99.10867,13.886282],[99.108439,13.887564],[99.108439,13.888106],[99.108763,13.889331],[99.108763,13.890086],[99.108655,13.890756],[99.1085,13.89134],[99.107729,13.893235],[99.107281,13.893805],[99.10617,13.894788],[99.105784,13.894973],[99.105337,13.895073],[99.104874,13.895059],[99.10367,13.894147],[99.103022,13.893435],[99.101294,13.892337],[99.097605,13.891098],[99.09526,13.889816],[99.094442,13.889474],[99.094102,13.889474],[99.09367,13.889517],[99.09242,13.890699],[99.090661,13.891454],[99.089828,13.891611],[99.087821,13.891654],[99.086263,13.891255],[99.085522,13.891226],[99.085151,13.891312],[99.084858,13.891597],[99.084457,13.892181],[99.084087,13.892936],[99.083361,13.893962],[99.08279,13.894232],[99.08188,13.894403],[99.080552,13.894389],[99.078917,13.893819],[99.078376,13.893705],[99.077805,13.893776],[99.07725,13.894047],[99.076802,13.894831],[99.076787,13.895842],[99.07651,13.898948],[99.076401,13.899404],[99.076185,13.899732],[99.073979,13.901997],[99.0735,13.902766],[99.073145,13.903122],[99.072806,13.903664],[99.072096,13.904419],[99.071772,13.904647],[99.069009,13.905103],[99.067944,13.905431],[99.066663,13.906585],[99.065892,13.907425],[99.065738,13.907838],[99.065691,13.908308],[99.065722,13.909676],[99.066201,13.911144],[99.066339,13.912455],[99.066077,13.914136],[99.065984,13.916173],[99.065768,13.917199],[99.065136,13.918111],[99.063932,13.919479],[99.06316,13.920248],[99.062543,13.920718],[99.062003,13.921587],[99.060614,13.923396],[99.06046,13.923695],[99.060414,13.92455],[99.060769,13.926986],[99.060522,13.927599],[99.059889,13.928739],[99.059349,13.929294],[99.05904,13.929551],[99.057805,13.930021],[99.05529,13.930035],[99.054734,13.930107],[99.053778,13.93052],[99.053299,13.930976],[99.051957,13.932842],[99.051401,13.933341],[99.051,13.933654],[99.049395,13.934267],[99.048685,13.935321],[99.04816,13.935891],[99.047836,13.936803],[99.04779,13.938313],[99.047003,13.938983],[99.04566,13.939852],[99.044657,13.940636],[99.04404,13.941633],[99.043778,13.941747],[99.043269,13.941747],[99.042729,13.941661],[99.042204,13.941462],[99.041633,13.941419],[99.039904,13.94179],[99.03904,13.942103],[99.038253,13.942545],[99.038052,13.94283],[99.037512,13.944012],[99.037281,13.944084],[99.037034,13.944055],[99.036231,13.943528],[99.035923,13.943428],[99.034827,13.943499],[99.030614,13.945138],[99.030228,13.945209],[99.028716,13.945081],[99.024395,13.944183],[99.023407,13.944212],[99.022419,13.944568],[99.021324,13.945209],[99.020783,13.945622],[99.020583,13.946064],[99.020552,13.946549],[99.020598,13.947702],[99.020753,13.94813],[99.02083,13.949512],[99.020753,13.949968],[99.020552,13.950281],[99.020367,13.950951],[99.02066,13.952233],[99.020506,13.953045],[99.020336,13.953259],[99.019117,13.953757],[99.018484,13.95417],[99.017142,13.956137],[99.016709,13.957347],[99.016385,13.95786],[99.016185,13.958473],[99.014842,13.960681],[99.01478,13.961052],[99.014827,13.962405],[99.015135,13.963787],[99.015135,13.9644],[99.01458,13.966224],[99.01404,13.968404],[99.014209,13.970056],[99.014827,13.972607],[99.014827,13.973632],[99.014919,13.974259],[99.014842,13.974928],[99.014765,13.975342],[99.014209,13.976481],[99.013453,13.977749],[99.013237,13.978348],[99.012142,13.980385],[99.012126,13.98124],[99.012373,13.983235],[99.012358,13.983662],[99.01208,13.98446],[99.011571,13.985301],[99.010506,13.987609],[99.010182,13.98902],[99.01012,13.990074],[99.009842,13.991271],[99.00978,13.992125],[99.009364,13.993792],[99.008963,13.994448],[99.008206,13.994804],[99.006648,13.995302],[99.006123,13.99563],[99.005552,13.995858],[99.004904,13.9963],[99.00461,13.997026],[99.00461,13.997625],[99.004765,13.998024],[99.005999,13.99932],[99.006385,13.999976],[99.005089,14.001257],[99.004086,14.002112],[99.002898,14.003494],[99.002157,14.004463],[99.001231,14.005973],[99.000074,14.007412],[98.999368,14.007892],[98.998824,14.008554],[98.998107,14.009162],[98.997907,14.009532],[98.997735,14.010829],[98.997506,14.011332],[98.996589,14.012628],[98.995786,14.013951],[98.996101,14.014401],[98.996531,14.014586],[98.996875,14.015009],[98.997276,14.016332],[98.997334,14.017867],[98.997907,14.018554],[98.99848,14.018925],[98.998795,14.019242],[98.998509,14.019533],[98.997735,14.019798],[98.996503,14.020036],[98.995929,14.020221],[98.995213,14.020591],[98.99378,14.020697],[98.992433,14.020909],[98.990972,14.020829],[98.990427,14.020988],[98.989854,14.021411],[98.988909,14.022655],[98.988221,14.023845],[98.987332,14.024771],[98.986645,14.025195],[98.985871,14.025195],[98.983607,14.025803],[98.982461,14.026888],[98.981802,14.027814],[98.980054,14.029084],[98.979337,14.029481],[98.975812,14.030857],[98.974121,14.031968],[98.972631,14.032629],[98.972001,14.033053],[98.971284,14.034005],[98.971198,14.035275],[98.970854,14.036439],[98.970826,14.036783],[98.971055,14.037206],[98.971886,14.037444],[98.973176,14.038132],[98.97352,14.038661],[98.973692,14.039402],[98.973462,14.041704],[98.972459,14.043],[98.9718,14.044164],[98.971198,14.044879],[98.970998,14.045487],[98.971055,14.046784],[98.971657,14.048794],[98.971657,14.050223],[98.971542,14.05099],[98.970768,14.052102],[98.970396,14.052313],[98.969823,14.052366],[98.969507,14.052578],[98.96925,14.052948],[98.968791,14.054112],[98.968676,14.05517],[98.968734,14.055646],[98.969995,14.05681],[98.970253,14.057207],[98.970281,14.057684],[98.970109,14.058901],[98.969593,14.060038],[98.969221,14.060541],[98.968963,14.06107],[98.968705,14.062552],[98.968734,14.063398],[98.969737,14.065224],[98.969765,14.06697],[98.969307,14.068664],[98.968132,14.0716],[98.968046,14.073055],[98.968161,14.075145],[98.968418,14.075886],[98.968418,14.076521],[98.968877,14.078399],[98.968934,14.080119],[98.96882,14.080596],[98.968132,14.082289],[98.964865,14.08631],[98.964492,14.086972],[98.963145,14.088824],[98.962085,14.089855],[98.960194,14.09139],[98.95985,14.092395],[98.959534,14.092792],[98.959506,14.093295],[98.959162,14.094644],[98.959191,14.096311],[98.959133,14.096681],[98.959019,14.096972],[98.958589,14.097369],[98.957672,14.097449],[98.957185,14.097237],[98.955465,14.095967],[98.953774,14.094565],[98.952771,14.094036],[98.95151,14.093851],[98.949562,14.093824],[98.94896,14.093718],[98.948473,14.093612],[98.947756,14.092978],[98.945062,14.092872],[98.940907,14.095808],[98.93999,14.096232],[98.939188,14.096284],[98.938873,14.096417],[98.938271,14.096919],[98.936838,14.098719],[98.936179,14.099803],[98.935978,14.100862],[98.93615,14.101576],[98.936121,14.102026],[98.936064,14.102396],[98.935777,14.102634],[98.935262,14.102767],[98.934488,14.102423],[98.934029,14.102317],[98.932081,14.102184],[98.931393,14.102211],[98.931164,14.102528],[98.930992,14.103587],[98.930619,14.104169],[98.928699,14.106206],[98.925346,14.107899],[98.924171,14.108349],[98.922566,14.108773],[98.92122,14.109672],[98.920589,14.10999],[98.919185,14.110334],[98.918268,14.110386],[98.916262,14.110201],[98.914628,14.109857],[98.913769,14.109937],[98.913138,14.109831],[98.912536,14.10954],[98.911992,14.109434],[98.910903,14.109381],[98.909413,14.108878],[98.908352,14.108931],[98.908066,14.108878],[98.907034,14.109143],[98.906117,14.109619],[98.905659,14.110201],[98.905429,14.110942],[98.905171,14.111048],[98.903824,14.110757],[98.90222,14.110042],[98.901475,14.109513],[98.900701,14.109169],[98.900042,14.109064],[98.899153,14.10909],[98.89858,14.109487],[98.89772,14.110942],[98.896918,14.112608],[98.896402,14.113217],[98.895084,14.114116],[98.894568,14.114301],[98.893594,14.11446],[98.893049,14.114751],[98.891875,14.115624],[98.890786,14.116127],[98.890585,14.116339],[98.889611,14.118349],[98.889353,14.118693],[98.886516,14.121128],[98.884567,14.122397],[98.88279,14.12335],[98.882131,14.12335],[98.881558,14.123138],[98.88087,14.123085],[98.879724,14.123085],[98.87915,14.123165],[98.878635,14.123509],[98.877001,14.125308],[98.876485,14.126022],[98.875225,14.127345],[98.874479,14.12835],[98.874193,14.129197],[98.874307,14.129461],[98.875339,14.13044],[98.875425,14.130652],[98.875454,14.13134],[98.875253,14.131736],[98.874995,14.132027],[98.874651,14.132345],[98.873906,14.132795],[98.873333,14.133853],[98.87319,14.134435],[98.87319,14.135652],[98.872903,14.136499],[98.871872,14.138695],[98.871814,14.139224],[98.869923,14.143907],[98.867946,14.146817],[98.867717,14.147346],[98.867316,14.14777],[98.866484,14.148193],[98.865969,14.148246],[98.865711,14.148352],[98.864364,14.148352],[98.863877,14.148061],[98.863418,14.147558],[98.862673,14.146923],[98.862042,14.147214],[98.860323,14.148616],[98.85932,14.149701],[98.858116,14.151791],[98.857257,14.15269],[98.856941,14.152849],[98.85634,14.152796],[98.855824,14.152188],[98.85505,14.152161],[98.85419,14.15359],[98.853732,14.154066],[98.853617,14.154463],[98.853617,14.155072],[98.854047,14.155945],[98.853961,14.156315],[98.853245,14.156818],[98.852729,14.157003],[98.851525,14.157135],[98.851095,14.158352],[98.850751,14.158908],[98.850408,14.159702],[98.849806,14.160204],[98.848917,14.160601],[98.845851,14.162983],[98.844704,14.163617],[98.843529,14.163696],[98.842641,14.163564],[98.841122,14.162823],[98.840005,14.16285],[98.839632,14.163088],[98.838428,14.165257],[98.837511,14.166316],[98.836995,14.167242],[98.835391,14.169623],[98.835276,14.170469],[98.835362,14.171157],[98.835133,14.171739],[98.834789,14.17203],[98.833299,14.172692],[98.832811,14.173168],[98.832181,14.173618],[98.831493,14.173803],[98.830548,14.174306],[98.82986,14.174914],[98.829287,14.175258],[98.828341,14.175655],[98.827739,14.175787],[98.825418,14.175629],[98.825074,14.175708],[98.824157,14.176264],[98.823613,14.176502],[98.822925,14.176687],[98.822295,14.176634],[98.820059,14.174862],[98.819658,14.174385],[98.818541,14.173433],[98.817881,14.173274],[98.817394,14.173221],[98.817136,14.173301],[98.816592,14.174041],[98.816449,14.174438],[98.816105,14.174756],[98.815818,14.174888],[98.814901,14.174967],[98.814041,14.175205],[98.813497,14.175444],[98.81321,14.175735],[98.81301,14.176211],[98.812866,14.176978],[98.812695,14.177243],[98.811462,14.178566],[98.81086,14.179968],[98.810173,14.181291],[98.8096,14.181688],[98.808769,14.181979],[98.806848,14.182878],[98.805559,14.183963],[98.804298,14.18518],[98.804126,14.185815],[98.804269,14.186582],[98.803868,14.187217],[98.802779,14.188249],[98.802521,14.188381],[98.801489,14.188064],[98.80126,14.188064],[98.800744,14.18809],[98.800515,14.188355],[98.800257,14.18891],[98.799999,14.190101],[98.799942,14.191609],[98.799713,14.192164],[98.799455,14.192508],[98.798967,14.192826],[98.797907,14.193196],[98.797162,14.193064],[98.7957,14.193011],[98.794182,14.193064],[98.792949,14.193249],[98.792434,14.193646],[98.791087,14.194096],[98.789224,14.195154],[98.78739,14.19563],[98.786473,14.19563],[98.785384,14.195207],[98.784782,14.195207],[98.78441,14.19526],[98.78398,14.195577],[98.783808,14.19608],[98.782834,14.195895],[98.782461,14.196107],[98.781687,14.197906],[98.781401,14.198144],[98.78014,14.198567],[98.778821,14.198647],[98.777732,14.199176],[98.777131,14.199705],[98.776787,14.200499],[98.776758,14.202324],[98.776529,14.203356],[98.776127,14.204599],[98.7765,14.205446],[98.776414,14.206504],[98.77607,14.207404],[98.775554,14.207668],[98.773061,14.208356],[98.771743,14.208938],[98.770339,14.20915],[98.769278,14.208621],[98.768247,14.208488],[98.767301,14.208568],[98.766957,14.20915],[98.766613,14.210234],[98.76584,14.211557],[98.76541,14.21251],[98.765409,14.212668],[98.765123,14.21296],[98.76455,14.213198],[98.763977,14.213303],[98.761942,14.213383],[98.761254,14.215182],[98.76091,14.215552],[98.760251,14.215685],[98.759477,14.215394],[98.758618,14.2146],[98.75793,14.214203],[98.757214,14.213806],[98.756583,14.21378],[98.755752,14.214547],[98.754491,14.216796],[98.754004,14.217907],[98.752944,14.21886],[98.752485,14.2196],[98.752313,14.220473],[98.752084,14.220843],[98.751024,14.221981],[98.75025,14.222616],[98.750078,14.222854],[98.749778,14.223099],[98.749555,14.223125],[98.749221,14.224],[98.748356,14.22557],[98.747938,14.225776],[98.746544,14.227192],[98.745903,14.227656],[98.744843,14.227604],[98.744425,14.227707],[98.744258,14.227836],[98.743338,14.230153],[98.743226,14.230668],[98.74317,14.232032],[98.743003,14.23283],[98.742808,14.233345],[98.74239,14.233499],[98.742139,14.233396],[98.741692,14.232701],[98.741581,14.232212],[98.740661,14.231466],[98.740243,14.231491],[98.738319,14.233036],[98.737566,14.234915],[98.735921,14.235018],[98.735112,14.23525],[98.734973,14.236589],[98.735001,14.237438],[98.734527,14.238236],[98.733662,14.2387],[98.733384,14.238957],[98.73316,14.239369],[98.732686,14.239806],[98.73215,14.24085],[98.73151,14.241091],[98.730469,14.241091],[98.728548,14.24005],[98.726552,14.238262],[98.724601,14.239163],[98.724182,14.239446],[98.723569,14.240502],[98.723457,14.240913],[98.723095,14.24148],[98.722677,14.241712],[98.722063,14.241917],[98.721338,14.24202],[98.720307,14.241737],[98.720056,14.241737],[98.719582,14.242098],[98.718578,14.243668],[98.717714,14.243925],[98.717323,14.243951],[98.716543,14.244389],[98.715706,14.245238],[98.715539,14.24565],[98.715009,14.246062],[98.71473,14.246731],[98.714117,14.247813],[98.712918,14.249048],[98.712555,14.249821],[98.711775,14.250928],[98.711552,14.251443],[98.711273,14.251726],[98.710827,14.251751],[98.709906,14.251597],[98.709405,14.252138],[98.708847,14.252524],[98.708652,14.252755],[98.707815,14.25309],[98.707258,14.253219],[98.706728,14.25327],[98.70578,14.253013],[98.705278,14.253039],[98.705055,14.253451],[98.70472,14.255304],[98.703661,14.256231],[98.703298,14.256643],[98.703215,14.256952],[98.702852,14.257364],[98.702099,14.257775],[98.701625,14.257801],[98.701263,14.258084],[98.7009,14.258496],[98.700036,14.259938],[98.700036,14.260324],[98.700399,14.260453],[98.700566,14.260942],[98.700176,14.26174],[98.699925,14.262898],[98.699925,14.263568],[98.700315,14.265112],[98.700371,14.266631],[98.700203,14.268639],[98.699925,14.269231],[98.69998,14.269952],[98.699841,14.270493],[98.699841,14.271033],[98.700203,14.271909],[98.70051,14.272398],[98.700538,14.272938],[98.700371,14.27335],[98.699813,14.273762],[98.698865,14.273788],[98.697582,14.274818],[98.697108,14.274972],[98.696467,14.274818],[98.695993,14.274586],[98.695296,14.274432],[98.694627,14.274509],[98.692592,14.274509],[98.69209,14.274432],[98.691393,14.274251],[98.69103,14.273942],[98.690779,14.273299],[98.690277,14.27281],[98.688995,14.272655],[98.687991,14.271857],[98.68629,14.271523],[98.685872,14.271728],[98.684673,14.27263],[98.683474,14.27335],[98.682721,14.273402],[98.681717,14.273273],[98.681243,14.273325],[98.680574,14.273839],[98.680156,14.275539],[98.679319,14.276517],[98.677953,14.277598],[98.676726,14.279091],[98.676531,14.279529],[98.676503,14.279992],[98.676615,14.28097],[98.676169,14.281949],[98.675806,14.282309],[98.672293,14.284163],[98.671317,14.284832],[98.668362,14.287741],[98.667135,14.288513],[98.666689,14.288565],[98.666354,14.288513],[98.665769,14.288642],[98.664793,14.289672],[98.663008,14.291165],[98.662646,14.291268],[98.662172,14.291268],[98.660304,14.290701],[98.658575,14.290779],[98.657962,14.290907],[98.65746,14.291113],[98.656986,14.291474],[98.656846,14.292246],[98.656372,14.293585],[98.656121,14.294074],[98.655424,14.294383],[98.654532,14.294975],[98.654337,14.295464],[98.653723,14.295824],[98.653305,14.296056],[98.652273,14.296314],[98.651465,14.296725],[98.650154,14.298296],[98.648955,14.298965],[98.64745,14.299634],[98.646781,14.300175],[98.646335,14.300844],[98.645972,14.301179],[98.645777,14.301488],[98.64508,14.301359],[98.64416,14.300947],[98.643602,14.300947],[98.643072,14.300741],[98.642626,14.300741],[98.642208,14.300947],[98.64073,14.303239],[98.638109,14.305169],[98.637273,14.305864],[98.636102,14.307023],[98.635628,14.308001],[98.635265,14.309108],[98.635042,14.309391],[98.633035,14.311039],[98.632644,14.311528],[98.631975,14.312815],[98.631445,14.314643],[98.631111,14.315209],[98.630916,14.31575],[98.630497,14.316007],[98.629884,14.316007],[98.629466,14.315776],[98.628908,14.315312],[98.628546,14.31472],[98.628267,14.313948],[98.627458,14.31297],[98.625367,14.312378],[98.624893,14.31212],[98.623889,14.312094],[98.622802,14.313098],[98.622467,14.313227],[98.621491,14.313073],[98.618619,14.314077],[98.617894,14.313974],[98.617114,14.313356],[98.616361,14.312995],[98.614995,14.312558],[98.614632,14.312532],[98.613377,14.312918],[98.612067,14.313613],[98.61031,14.31472],[98.609502,14.315003],[98.608749,14.315441],[98.608637,14.316728],[98.608275,14.317295],[98.606797,14.317809],[98.606044,14.318247],[98.605682,14.318942],[98.604037,14.319895],[98.603396,14.320101],[98.602503,14.321053],[98.601555,14.321671],[98.601527,14.322443],[98.601221,14.32301],[98.600691,14.323293],[98.600105,14.323782],[98.598433,14.326125],[98.598042,14.326408],[98.597652,14.326845],[98.59715,14.327643],[98.59676,14.329137],[98.596369,14.330089],[98.595839,14.332277],[98.595951,14.333462],[98.596258,14.334079],[98.596425,14.334877],[98.596843,14.335598],[98.597038,14.33619],[98.596955,14.336576],[98.596425,14.337169],[98.595477,14.338481],[98.594362,14.340129],[98.594139,14.340592],[98.594111,14.341004],[98.594473,14.342343],[98.594473,14.342806],[98.594306,14.343038],[98.593302,14.343656],[98.593051,14.344016],[98.592968,14.345201],[98.593135,14.345818],[98.59333,14.346462],[98.593971,14.347492],[98.594083,14.347981],[98.594306,14.348367],[98.594306,14.349114],[98.593971,14.351302],[98.593999,14.352435],[98.593637,14.353464],[98.593748,14.354134],[98.59439,14.354906],[98.594668,14.355446],[98.594696,14.355704],[98.594362,14.356528],[98.594027,14.358819],[98.594194,14.360441],[98.594836,14.362063],[98.595421,14.362964],[98.595812,14.363736],[98.595979,14.364431],[98.596258,14.365049],[98.596258,14.365873],[98.596592,14.366696],[98.596983,14.367314],[98.597373,14.367649],[98.597401,14.368164],[98.597011,14.368318],[98.596369,14.368293],[98.596007,14.368473],[98.595728,14.368756],[98.595477,14.369271],[98.59531,14.369966],[98.594836,14.371356],[98.594501,14.372051],[98.594278,14.372901],[98.594222,14.374008],[98.593943,14.376196],[98.593692,14.376608],[98.593414,14.376608],[98.592633,14.375604],[98.591936,14.375166],[98.591824,14.373982],[98.591852,14.372978],[98.591518,14.371665],[98.591295,14.371407],[98.591127,14.370867],[98.590932,14.370532],[98.5899,14.369914],[98.588952,14.369914],[98.588534,14.370069],[98.587558,14.370043],[98.586081,14.369708],[98.584631,14.369065],[98.583794,14.368885],[98.582595,14.368885],[98.582121,14.368962],[98.581201,14.369297],[98.580644,14.369348],[98.580393,14.369502],[98.579723,14.36958],[98.579138,14.369477],[98.578497,14.369219],[98.577995,14.368988],[98.577214,14.368447],[98.576935,14.368447],[98.576656,14.36873],[98.576517,14.369734],[98.575987,14.370944],[98.575931,14.371433],[98.575931,14.372231],[98.576127,14.372901],[98.576824,14.374059],[98.576852,14.374548],[98.576712,14.37496],[98.576127,14.375681],[98.575039,14.376659],[98.574621,14.376942],[98.574119,14.378075],[98.57345,14.380392],[98.573032,14.380675],[98.572446,14.380778],[98.571024,14.380315],[98.570634,14.380263],[98.570076,14.380418],[98.569184,14.381602],[98.568877,14.383018],[98.568013,14.383533],[98.566842,14.383842],[98.564954,14.384916],[98.564795,14.386036],[98.564714,14.388677],[98.564165,14.390767],[98.564026,14.392723],[98.563886,14.393418],[98.562882,14.39661],[98.562492,14.397357],[98.561711,14.397795],[98.560317,14.398876],[98.559787,14.399133],[98.559537,14.399365],[98.5587,14.40145],[98.558421,14.401759],[98.558003,14.401991],[98.557111,14.402737],[98.55672,14.402969],[98.556776,14.404205],[98.556442,14.406187],[98.556693,14.407011],[98.556832,14.408736],[98.557334,14.410486],[98.557641,14.41095],[98.55831,14.411593],[98.558589,14.412288],[98.558561,14.413756],[98.55831,14.414811],[98.558282,14.416047],[98.558142,14.416768],[98.558115,14.417411],[98.557585,14.419136],[98.557585,14.419728],[98.557194,14.420346],[98.555884,14.420372],[98.555605,14.420578],[98.555131,14.421685],[98.554713,14.421891],[98.552984,14.421916],[98.551032,14.421401],[98.550586,14.421401],[98.54922,14.421659],[98.548244,14.422045],[98.547965,14.42238],[98.547826,14.422766],[98.547798,14.423229],[98.548077,14.424439],[98.54777,14.425134],[98.54777,14.425417],[98.547854,14.426885],[98.548133,14.428198],[98.547742,14.429639],[98.54738,14.430077],[98.547157,14.430772],[98.547212,14.431158],[98.54816,14.431338],[98.548997,14.431802],[98.549499,14.432574],[98.549527,14.433913],[98.549332,14.434453],[98.547408,14.435947],[98.546683,14.436822],[98.546376,14.437852],[98.546181,14.439731],[98.545846,14.440709],[98.544954,14.441559],[98.543699,14.442254],[98.542946,14.443181],[98.542779,14.443953],[98.542222,14.444442],[98.541775,14.444442],[98.540911,14.44385],[98.540353,14.443644],[98.539712,14.443258],[98.536422,14.442074],[98.535613,14.442151],[98.534944,14.442434],[98.533885,14.442666],[98.533271,14.442949],[98.53302,14.443181],[98.533411,14.445343],[98.533355,14.445961],[98.532741,14.44748],[98.532379,14.44802],[98.531961,14.448381],[98.531152,14.449307],[98.53026,14.45008],[98.527834,14.451727],[98.527304,14.452216],[98.526579,14.453349],[98.525687,14.454379],[98.525157,14.454791],[98.524209,14.45528],[98.524237,14.456155],[98.524154,14.456902],[98.524014,14.457314],[98.524014,14.458112],[98.523708,14.459759],[98.52354,14.4603],[98.522899,14.461664],[98.522676,14.462385],[98.522704,14.462977],[98.522481,14.464187],[98.521589,14.464882],[98.521338,14.46532],[98.521198,14.465835],[98.521449,14.467302],[98.521031,14.468203],[98.520417,14.469954],[98.520111,14.470391],[98.519776,14.470572],[98.51933,14.470649],[98.519023,14.470649],[98.518354,14.470391],[98.517322,14.47034],[98.517099,14.470546],[98.51696,14.471035],[98.517267,14.473481],[98.517183,14.473815],[98.516151,14.474304],[98.515064,14.474279],[98.514506,14.474021],[98.513865,14.474124],[98.513614,14.474382],[98.513503,14.474716],[98.513475,14.475334],[98.51328,14.475746],[98.512359,14.476107],[98.511969,14.47639],[98.511411,14.477574],[98.511244,14.478115],[98.511244,14.478681],[98.511467,14.479093],[98.511913,14.479608],[98.512053,14.480328],[98.51169,14.481049],[98.511244,14.481461],[98.509627,14.482388],[98.509404,14.482697],[98.509209,14.48419],[98.508986,14.484653],[98.508818,14.485657],[98.509069,14.486249],[98.510212,14.488077],[98.510324,14.488335],[98.51038,14.489081],[98.509878,14.490214],[98.50946,14.490935],[98.507954,14.492634],[98.507062,14.493329],[98.506142,14.493895],[98.505612,14.49441],[98.505305,14.495002],[98.504636,14.495491],[98.504274,14.495903],[98.504246,14.49889],[98.50472,14.499404],[98.504507,14.500318],[98.504475,14.501809],[98.504346,14.502107],[98.504378,14.502792],[98.504572,14.503359],[98.504701,14.504938],[98.504443,14.505534],[98.504378,14.506071],[98.504443,14.50628],[98.505089,14.507084],[98.505282,14.508157],[98.504443,14.50932],[98.504314,14.509826],[98.50383,14.510274],[98.503442,14.510899],[98.503313,14.510959],[98.502764,14.511048],[98.502248,14.51075],[98.501763,14.510333],[98.50115,14.510303],[98.500827,14.510363],[98.500633,14.511078],[98.500149,14.511704],[98.499975,14.511802],[98.498381,14.511802],[98.497946,14.511735],[98.497548,14.511535],[98.498272,14.513541],[98.498381,14.514477],[98.498345,14.515079],[98.497946,14.516417],[98.497656,14.516985],[98.497512,14.51752],[98.495845,14.520028],[98.495411,14.52053],[98.496389,14.523138],[98.496497,14.523606],[98.496497,14.524342],[98.496208,14.525947],[98.495012,14.528287],[98.494143,14.530695],[98.494324,14.532768],[98.494324,14.53434],[98.494252,14.534841],[98.493962,14.535309],[98.493672,14.536012],[98.493636,14.536781],[98.493419,14.53765],[98.492477,14.539489],[98.492042,14.540125],[98.491861,14.540626],[98.491571,14.540961],[98.491209,14.541061],[98.490086,14.541027],[98.489543,14.540827],[98.488964,14.540392],[98.487986,14.539422],[98.487732,14.538887],[98.487406,14.538152],[98.487116,14.53648],[98.486827,14.535878],[98.486247,14.53541],[98.485523,14.535109],[98.484943,14.534641],[98.484146,14.53444],[98.481901,14.53434],[98.48114,14.534373],[98.479944,14.534674],[98.479618,14.534875],[98.478749,14.536078],[98.478387,14.536379],[98.477807,14.536814],[98.477191,14.536948],[98.475489,14.53648],[98.471232,14.536344],[98.469711,14.536504],[98.468788,14.534975],[98.467738,14.533938],[98.466832,14.532801],[98.466217,14.5323],[98.465746,14.531765],[98.464804,14.531163],[98.463572,14.530929],[98.462921,14.530494],[98.462124,14.53036],[98.461617,14.530862],[98.461435,14.531397],[98.461182,14.531631],[98.46082,14.532166],[98.460856,14.532801],[98.461109,14.533604],[98.461218,14.53444],[98.460928,14.53541],[98.460856,14.536045],[98.460965,14.537684],[98.461182,14.53852],[98.461073,14.539456],[98.460747,14.540058],[98.460132,14.540827],[98.45977,14.541529],[98.460422,14.542466],[98.46053,14.543569],[98.460313,14.544171],[98.46006,14.544472],[98.458973,14.545241],[98.458864,14.545743],[98.459371,14.54698],[98.459625,14.548418],[98.458864,14.549956],[98.458502,14.550524],[98.457886,14.551227],[98.457416,14.552865],[98.457234,14.553735],[98.457126,14.554804],[98.455967,14.556042],[98.455858,14.55661],[98.456039,14.557078],[98.456546,14.557881],[98.457053,14.559319],[98.458466,14.560623],[98.458466,14.561292],[98.458285,14.562496],[98.457886,14.563633],[98.457814,14.565071],[98.457995,14.567612],[98.458357,14.568314],[98.458466,14.569083],[98.458756,14.569719],[98.458864,14.570588],[98.458937,14.572662],[98.458792,14.573297],[98.458538,14.573899],[98.458538,14.575738],[98.458719,14.576239],[98.459118,14.576741],[98.459335,14.577309],[98.459118,14.577945],[98.458756,14.578547],[98.45843,14.579349],[98.457814,14.580218],[98.456148,14.582258],[98.455568,14.582392],[98.455025,14.582359],[98.453613,14.581656],[98.452961,14.581757],[98.452345,14.582024],[98.451729,14.582492],[98.450932,14.583328],[98.449121,14.586271],[98.448614,14.587207],[98.448433,14.58821],[98.448107,14.588913],[98.447781,14.589314],[98.446803,14.590049],[98.446296,14.590551],[98.446079,14.591153],[98.446078,14.591588],[98.446223,14.591956],[98.446114,14.592491],[98.445933,14.592825],[98.44568,14.593059],[98.445318,14.593059],[98.444919,14.592959],[98.444557,14.592725],[98.444122,14.592725],[98.443941,14.593093],[98.443869,14.593594],[98.443507,14.59433],[98.443289,14.595032],[98.442999,14.595567],[98.44213,14.596671],[98.441659,14.597808],[98.441297,14.598409],[98.44108,14.599045],[98.440718,14.599647],[98.440138,14.600951],[98.439559,14.602021],[98.439196,14.602388],[98.439015,14.60299],[98.438979,14.603559],[98.43916,14.604963],[98.439051,14.605431],[98.438363,14.606669],[98.437892,14.607337],[98.437422,14.607839],[98.436951,14.60804],[98.436625,14.608073],[98.436118,14.60834],[98.436081,14.608876],[98.436262,14.609544],[98.436697,14.610247],[98.437458,14.612186],[98.437422,14.612621],[98.437168,14.613089],[98.436299,14.613356],[98.435683,14.613356],[98.434596,14.613524],[98.433329,14.614192],[98.432785,14.614694],[98.432351,14.615597],[98.431047,14.617168],[98.429743,14.618339],[98.428837,14.61884],[98.427932,14.619208],[98.425614,14.619175],[98.425107,14.619442],[98.424781,14.619944],[98.424383,14.622319],[98.424202,14.622753],[98.423985,14.622887],[98.422572,14.623021],[98.422065,14.623221],[98.421522,14.623221],[98.421123,14.622954],[98.420725,14.622954],[98.420073,14.623556],[98.419059,14.624693],[98.418986,14.625428],[98.418588,14.626298],[98.418262,14.626766],[98.417248,14.627669],[98.416922,14.628237],[98.416487,14.629709],[98.41569,14.63108],[98.413589,14.631681],[98.412865,14.632016],[98.411126,14.631982],[98.409315,14.632885],[98.408736,14.632986],[98.407541,14.633521],[98.407251,14.633855],[98.407251,14.635393],[98.407034,14.635828],[98.406164,14.636229],[98.405259,14.637266],[98.404606,14.638168],[98.402542,14.639205],[98.401708,14.639372],[98.400658,14.639706],[98.39939,14.639907],[98.398811,14.640107],[98.39805,14.64081],[98.397797,14.641445],[98.397,14.642281],[98.396456,14.642381],[98.393885,14.643886],[98.393233,14.64412],[98.392327,14.644655],[98.390553,14.646895],[98.389575,14.647865],[98.388271,14.648501],[98.38751,14.649002],[98.385735,14.649772],[98.385047,14.65024],[98.384287,14.650574],[98.381968,14.652012],[98.380665,14.653383],[98.380266,14.653918],[98.378962,14.654553],[98.378854,14.655122],[98.379035,14.655857],[98.378998,14.657128],[98.378709,14.65773],[98.378383,14.658165],[98.377441,14.659035],[98.376535,14.659335],[98.376173,14.65957],[98.375449,14.660673],[98.375195,14.661542],[98.374761,14.662245],[98.374181,14.66278],[98.373493,14.663649],[98.372986,14.664151],[98.371501,14.664652],[98.370813,14.664652],[98.369291,14.66492],[98.368494,14.665254],[98.366647,14.666224],[98.36614,14.666725],[98.365923,14.667561],[98.365923,14.669701],[98.366234,14.671734],[98.365597,14.673479],[98.365597,14.674683],[98.364474,14.677024],[98.364003,14.677726],[98.362156,14.682408],[98.361975,14.683277],[98.362265,14.684816],[98.362301,14.686789],[98.362228,14.687558],[98.361649,14.688527],[98.360309,14.689798],[98.359874,14.690099],[98.359476,14.691035],[98.358643,14.691303],[98.357701,14.691737],[98.356759,14.69254],[98.35647,14.692942],[98.356216,14.694012],[98.355854,14.69438],[98.354514,14.695182],[98.353825,14.695483],[98.353282,14.695884],[98.352739,14.696352],[98.351109,14.698225],[98.350203,14.698994],[98.349262,14.699629],[98.348646,14.700231],[98.348175,14.700532],[98.347451,14.700699],[98.3464,14.699897],[98.345785,14.699629],[98.345096,14.699696],[98.34477,14.700231],[98.344553,14.700967],[98.343756,14.702104],[98.342923,14.702539],[98.341438,14.702906],[98.340025,14.703542],[98.340062,14.704712],[98.340641,14.70615],[98.340496,14.706451],[98.339519,14.707053],[98.338758,14.708257],[98.338251,14.709427],[98.337889,14.709929],[98.337128,14.710464],[98.336512,14.710664],[98.335208,14.711333],[98.334629,14.711534],[98.334158,14.711467],[98.333542,14.710865],[98.333071,14.71023],[98.332564,14.709059],[98.332492,14.708491],[98.33155,14.707621],[98.330391,14.706117],[98.327167,14.707822],[98.326153,14.708591],[98.325212,14.708792],[98.324487,14.709059],[98.323582,14.709828],[98.323328,14.710363],[98.323364,14.711133],[98.323582,14.711768],[98.32369,14.712403],[98.323509,14.71334],[98.322821,14.714343],[98.32235,14.716315],[98.322241,14.716483],[98.321155,14.716483],[98.320213,14.717051],[98.31967,14.717586],[98.319054,14.718723],[98.318112,14.719325],[98.316881,14.721498],[98.315975,14.722167],[98.315504,14.722669],[98.315251,14.723271],[98.315251,14.723939],[98.314889,14.72531],[98.315128,14.726882],[98.312969,14.727317],[98.311194,14.728086],[98.310868,14.728454],[98.310506,14.729089],[98.31018,14.730025],[98.309455,14.730594],[98.307862,14.730594],[98.307065,14.731029],[98.306304,14.73133],[98.305181,14.732132],[98.305218,14.732667],[98.305689,14.734339],[98.306304,14.735543],[98.306739,14.736814],[98.306739,14.737516],[98.306413,14.738385],[98.304892,14.739756],[98.304059,14.740224],[98.303769,14.740659],[98.302755,14.741595],[98.302429,14.742063],[98.302103,14.742832],[98.301994,14.743401],[98.301632,14.744003],[98.301523,14.744604],[98.301596,14.746176],[98.301487,14.746945],[98.301016,14.747547],[98.300509,14.747948],[98.299423,14.74835],[98.298807,14.748717],[98.298264,14.748952],[98.297684,14.749052],[98.297249,14.749587],[98.297189,14.750829],[98.296424,14.752648],[98.295195,14.757443],[98.29494,14.75892],[98.295089,14.760139],[98.294267,14.763137],[98.293943,14.766477],[98.293943,14.767211],[98.294416,14.769905],[98.291469,14.77201],[98.290964,14.773189],[98.290374,14.774368],[98.290206,14.774536],[98.289617,14.773778],[98.288522,14.773778],[98.287343,14.773947],[98.286838,14.774199],[98.285912,14.774199],[98.284902,14.774452],[98.283807,14.77521],[98.282881,14.77622],[98.281862,14.778657],[98.281166,14.780947],[98.28054,14.782639],[98.279891,14.78403],[98.279683,14.784693],[98.278732,14.786962],[98.278454,14.787391],[98.278291,14.787883],[98.277828,14.788761],[98.276993,14.792378],[98.276761,14.794027],[98.276761,14.796317],[98.276598,14.796981],[98.276459,14.797174],[98.275996,14.797495],[98.271683,14.798736],[98.270547,14.79955],[98.269341,14.801027],[98.26904,14.801604],[98.268669,14.802075],[98.267765,14.803039],[98.267185,14.803895],[98.266582,14.804494],[98.266397,14.804944],[98.265724,14.805736],[98.265307,14.805993],[98.264333,14.806185],[98.263475,14.807149],[98.263151,14.80777],[98.261296,14.809546],[98.261156,14.809739],[98.261156,14.809975],[98.261504,14.811066],[98.261458,14.81128],[98.26104,14.81143],[98.26002,14.811409],[98.258861,14.811773],[98.257099,14.812008],[98.256728,14.812286],[98.255708,14.812757],[98.254989,14.813207],[98.254479,14.813378],[98.253945,14.813849],[98.253737,14.81432],[98.253737,14.814555],[98.253783,14.81477],[98.253922,14.814941],[98.253968,14.815711],[98.253528,14.817146],[98.2526,14.818666],[98.251441,14.819971],[98.25107,14.820592],[98.250885,14.822947],[98.250861,14.826029],[98.250606,14.826414],[98.250328,14.82665],[98.249501,14.826739],[98.24848,14.828164],[98.247317,14.829523],[98.246272,14.830531],[98.245773,14.831211],[98.245773,14.831562],[98.246177,14.832154],[98.247008,14.833031],[98.24734,14.833228],[98.248528,14.833645],[98.249026,14.834083],[98.249264,14.8345],[98.249478,14.835245],[98.250051,14.83538],[98.251867,14.836123],[98.253605,14.836649],[98.253864,14.836865],[98.25428,14.840338],[98.254565,14.840769],[98.255655,14.841344],[98.256433,14.841583],[98.257652,14.842302],[98.258197,14.842877],[98.258456,14.843356],[98.258716,14.844146],[98.259079,14.848409],[98.259286,14.849008],[98.259364,14.849655],[98.259286,14.850852],[98.259053,14.852552],[98.258742,14.853678],[98.25869,14.854325],[98.25869,14.855091],[98.259157,14.856384],[98.259338,14.857127],[98.259442,14.858061],[98.259338,14.858468],[98.258742,14.859833],[98.258404,14.861103],[98.256978,14.863546],[98.256199,14.864025],[98.253839,14.864863],[98.252879,14.865366],[98.251919,14.866276],[98.251608,14.866994],[98.250725,14.868144],[98.250414,14.868311],[98.250051,14.868359],[98.249406,14.868306],[98.247934,14.869665],[98.244229,14.872055],[98.243541,14.872756],[98.242567,14.873984],[98.241973,14.875869],[98.241783,14.876812],[98.24138,14.877448],[98.240715,14.878303],[98.239979,14.879048],[98.23967,14.87953],[98.238934,14.880385],[98.23777,14.881131],[98.236393,14.88181],[98.235396,14.882008],[98.234469,14.882073],[98.233282,14.883235],[98.232308,14.884617],[98.231762,14.885735],[98.231596,14.886239],[98.231572,14.886766],[98.231691,14.887182],[98.231715,14.887642],[98.231454,14.888103],[98.229981,14.889484],[98.229768,14.889879],[98.229768,14.890317],[98.230504,14.892312],[98.23086,14.892948],[98.23257,14.895228],[98.232831,14.895885],[98.233375,14.896282],[98.234469,14.896535],[98.235816,14.897966],[98.236987,14.8981],[98.238506,14.898078],[98.239456,14.898472],[98.240121,14.899064],[98.240739,14.89981],[98.242591,14.902485],[98.243161,14.904326],[98.245037,14.907988],[98.245655,14.908843],[98.246533,14.909807],[98.248267,14.912131],[98.249407,14.913885],[98.250634,14.914889],[98.250971,14.915984],[98.249739,14.9167],[98.249073,14.917484],[98.248456,14.918401],[98.246937,14.919169],[98.244918,14.920506],[98.243683,14.921799],[98.24328,14.922501],[98.242829,14.924583],[98.242829,14.926469],[98.242496,14.928902],[98.242615,14.929801],[98.242615,14.931424],[98.242734,14.932191],[98.243755,14.935677],[98.244087,14.937277],[98.244111,14.937781],[98.243921,14.93868],[98.243612,14.939381],[98.243185,14.940061],[98.242757,14.940543],[98.242235,14.940938],[98.241404,14.941201],[98.239266,14.941508],[98.236939,14.941333],[98.235894,14.941355],[98.234707,14.941267],[98.233757,14.941464],[98.232285,14.942012],[98.231145,14.942626],[98.230504,14.94324],[98.230029,14.94392],[98.228675,14.946901],[98.228581,14.947384],[98.228248,14.948283],[98.228153,14.949203],[98.228201,14.950343],[98.228652,14.950891],[98.229863,14.952075],[98.230195,14.952733],[98.23105,14.955298],[98.231359,14.95657],[98.232143,14.960845],[98.233259,14.965033],[98.233259,14.966567],[98.232689,14.967115],[98.231905,14.967422],[98.228675,14.968212],[98.227868,14.968518],[98.226158,14.969571],[98.225398,14.970272],[98.224757,14.971018],[98.223641,14.972728],[98.223095,14.973342],[98.221978,14.974876],[98.221171,14.975687],[98.220815,14.975884],[98.220459,14.975884],[98.21787,14.974876],[98.217041,14.974436],[98.215923,14.975533],[98.215377,14.976301],[98.214712,14.97698],[98.213976,14.977616],[98.21305,14.978033],[98.212515,14.979382],[98.209987,14.979458],[98.209227,14.979831],[98.208585,14.980466],[98.208569,14.981959],[98.208301,14.984588],[98.208301,14.98621],[98.208585,14.989937],[98.208823,14.990748],[98.209797,14.992787],[98.209844,14.993708],[98.209797,14.994322],[98.208894,14.996755],[98.208918,14.997479],[98.209203,14.998597],[98.209464,14.99897],[98.210319,14.999605],[98.210509,14.999912],[98.210628,15.002738],[98.210884,15.005507],[98.211396,15.009187],[98.212164,15.011585],[98.212274,15.013239],[98.212274,15.01378],[98.211543,15.014691],[98.211433,15.014995],[98.211543,15.016042],[98.211835,15.016954],[98.212384,15.017764],[98.21253,15.019486],[98.212713,15.01979],[98.212786,15.020364],[98.213518,15.021141],[98.214286,15.02212],[98.214725,15.022458],[98.215346,15.02266],[98.215785,15.022897],[98.216553,15.023032],[98.217431,15.023639],[98.217943,15.024382],[98.218236,15.02499],[98.218492,15.02526],[98.219114,15.025497],[98.222442,15.025463],[98.223064,15.025598],[98.223576,15.026071],[98.224015,15.026206],[98.224527,15.027793],[98.2246,15.028569],[98.224966,15.030123],[98.225953,15.031439],[98.227124,15.034007],[98.228514,15.036134],[98.229392,15.039105],[98.229721,15.040051],[98.230233,15.041165],[98.230453,15.042279],[98.231354,15.044423],[98.230489,15.046061],[98.230343,15.046635],[98.230123,15.046939],[98.229794,15.047175],[98.228514,15.047142],[98.228368,15.047547],[98.228148,15.047749],[98.226905,15.048323],[98.226575,15.048762],[98.226575,15.048965],[98.226027,15.049438],[98.225661,15.049641],[98.224856,15.052274],[98.22471,15.052511],[98.222808,15.053456],[98.222259,15.053558],[98.220906,15.054638],[98.220467,15.054841],[98.220248,15.055111],[98.220284,15.055786],[98.22054,15.056631],[98.220943,15.05734],[98.221052,15.058184],[98.221455,15.05869],[98.221601,15.059129],[98.221491,15.05967],[98.221272,15.060109],[98.220394,15.06102],[98.218529,15.062168],[98.217907,15.062438],[98.215713,15.064633],[98.215566,15.065038],[98.216115,15.066727],[98.215969,15.067368],[98.214542,15.068719],[98.214103,15.06953],[98.212787,15.071387],[98.212274,15.072265],[98.212018,15.072974],[98.211506,15.073852],[98.211177,15.07473],[98.210702,15.07554],[98.209824,15.076317],[98.209348,15.076553],[98.208763,15.076587],[98.207556,15.076553],[98.206605,15.076317],[98.205727,15.076452],[98.205215,15.076789],[98.204667,15.077296],[98.203716,15.077802],[98.203533,15.078039],[98.200623,15.076943],[98.196413,15.077259],[98.195045,15.076522],[98.193045,15.076838],[98.192414,15.078206],[98.192519,15.079995],[98.193045,15.082205],[98.193466,15.087046],[98.192853,15.087392],[98.191902,15.088169],[98.191719,15.08854],[98.191499,15.090094],[98.19128,15.091039],[98.190877,15.091951],[98.190439,15.092424],[98.187732,15.093369],[98.18594,15.095091],[98.185501,15.095598],[98.185354,15.095935],[98.183678,15.096308],[98.184099,15.097781],[98.184257,15.100325],[98.184477,15.101844],[98.184696,15.102452],[98.184769,15.103161],[98.184733,15.10387],[98.184623,15.104478],[98.184294,15.105322],[98.18327,15.106268],[98.181953,15.107855],[98.181697,15.108362],[98.182626,15.110621],[98.182416,15.112515],[98.183573,15.113778],[98.183784,15.115673],[98.183573,15.117146],[98.183891,15.118829],[98.183745,15.119505],[98.183452,15.120146],[98.183379,15.121396],[98.183708,15.122037],[98.184147,15.122274],[98.18594,15.122949],[98.186342,15.123219],[98.186891,15.123894],[98.187512,15.125076],[98.187842,15.126697],[98.18839,15.128419],[98.190914,15.132269],[98.191646,15.133248],[98.192377,15.134599],[98.193361,15.135879],[98.192633,15.137098],[98.192267,15.13757],[98.191536,15.138043],[98.190987,15.138719],[98.190146,15.13936],[98.189012,15.140474],[98.188902,15.141116],[98.188683,15.141758],[98.18861,15.144999],[98.189158,15.147599],[98.190402,15.150807],[98.191316,15.152361],[98.192011,15.152935],[98.194389,15.154184],[98.195376,15.154556],[98.197022,15.154995],[98.197937,15.155096],[98.19929,15.155906],[98.199985,15.156987],[98.200497,15.158405],[98.200753,15.160802],[98.20079,15.161984],[98.201302,15.164516],[98.201777,15.165935],[98.202106,15.166374],[98.202765,15.166745],[98.20463,15.167555],[98.205435,15.168096],[98.206605,15.169446],[98.207263,15.169953],[98.208324,15.171],[98.208543,15.171608],[98.208726,15.173397],[98.208982,15.174579],[98.209312,15.174849],[98.209494,15.175322],[98.21136,15.176774],[98.212311,15.177787],[98.21253,15.178463],[98.212933,15.179172],[98.213115,15.181063],[98.213371,15.182008],[98.213225,15.183258],[98.212823,15.184878],[98.212238,15.185824],[98.211835,15.186364],[98.211177,15.186972],[98.20975,15.187715],[98.209092,15.188323],[98.208726,15.188863],[98.208397,15.189674],[98.208068,15.191362],[98.208141,15.19197],[98.209531,15.193996],[98.20997,15.194772],[98.20997,15.198622],[98.209824,15.199668],[98.209604,15.200479],[98.208836,15.201829],[98.208324,15.202539],[98.207702,15.203315],[98.207227,15.20372],[98.206239,15.204058],[98.204045,15.205071],[98.203825,15.205476],[98.203569,15.206253],[98.203569,15.206962],[98.203386,15.207739],[98.203094,15.208482],[98.202545,15.209056],[98.201704,15.209562],[98.201119,15.209562],[98.20057,15.209866],[98.200241,15.21017],[98.199802,15.211048],[98.199985,15.212027],[98.201302,15.213614],[98.20185,15.214594],[98.201997,15.215066],[98.201887,15.215573],[98.201155,15.216755],[98.200533,15.217261],[98.199465,15.217548],[98.198202,15.220285],[98.198888,15.222259],[98.199363,15.222799],[98.199912,15.223812],[98.200021,15.224488],[98.199886,15.226599],[98.199473,15.228641],[98.197571,15.231984],[98.197498,15.23276],[98.197717,15.233537],[98.19812,15.234347],[98.198632,15.234921],[98.199034,15.235158],[98.200936,15.235495],[98.201704,15.236069],[98.202947,15.236542],[98.203786,15.236957],[98.204832,15.235545],[98.207779,15.234493],[98.209568,15.235019],[98.211463,15.236387],[98.212494,15.236542],[98.213371,15.235968],[98.214432,15.23509],[98.215529,15.233908],[98.215895,15.233739],[98.216773,15.233537],[98.217578,15.232085],[98.217988,15.230072],[98.21904,15.229441],[98.219004,15.227492],[98.219479,15.226175],[98.220248,15.22496],[98.220906,15.224657],[98.222808,15.224589],[98.22354,15.224386],[98.224235,15.224049],[98.225039,15.223407],[98.226612,15.222901],[98.22877,15.223036],[98.229721,15.223238],[98.230818,15.223238],[98.23144,15.223036],[98.232501,15.222259],[98.233086,15.221719],[98.233635,15.220706],[98.234183,15.2203],[98.235061,15.220132],[98.236561,15.220098],[98.237804,15.220672],[98.238536,15.221314],[98.239158,15.221584],[98.241974,15.221719],[98.243181,15.221111],[98.243986,15.220875],[98.244681,15.221212],[98.246473,15.22236],[98.248929,15.223021],[98.250192,15.223653],[98.251982,15.225126],[98.252824,15.225336],[98.254086,15.225231],[98.254928,15.225021],[98.256191,15.224494],[98.257349,15.224179],[98.258612,15.223653],[98.259875,15.226915],[98.259875,15.229125],[98.259454,15.23123],[98.259349,15.232809],[98.259559,15.234072],[98.259875,15.235335],[98.260401,15.235966],[98.261559,15.236913],[98.262927,15.23786],[98.263664,15.239229],[98.264506,15.240281],[98.265384,15.241282],[98.266189,15.241837],[98.266407,15.242316],[98.266034,15.242864],[98.265731,15.243722],[98.265731,15.244632],[98.267196,15.246198],[98.267499,15.246753],[98.267397,15.247562],[98.267661,15.248053],[98.268397,15.24823],[98.269324,15.24828],[98.270169,15.248456],[98.272966,15.250066],[98.27447,15.252815],[98.273497,15.253668],[98.273459,15.254403],[98.273951,15.255592],[98.274406,15.256151],[98.274709,15.256711],[98.276451,15.258389],[98.278764,15.259585],[98.280128,15.261706],[98.281491,15.263474],[98.281088,15.264131],[98.280391,15.264719],[98.280239,15.265208],[98.280163,15.266012],[98.280126,15.268495],[98.280353,15.26951],[98.280694,15.270559],[98.280921,15.270978],[98.282323,15.272097],[98.283118,15.272272],[98.284936,15.272482],[98.286982,15.272447],[98.288724,15.273077],[98.29077,15.273042],[98.291148,15.272797],[98.292058,15.273112],[98.294027,15.273112],[98.294482,15.273077],[98.295126,15.272902],[98.295277,15.273007],[98.296413,15.273217],[98.296906,15.273566],[98.298951,15.27451],[98.299292,15.27479],[98.299444,15.27507],[98.299633,15.27507],[98.299822,15.27486],[98.300466,15.27486],[98.300656,15.275105],[98.300769,15.27549],[98.300807,15.276119],[98.300732,15.276329],[98.301072,15.276784],[98.3013,15.277343],[98.301338,15.278252],[98.301244,15.279134],[98.301092,15.279488],[98.303042,15.279861],[98.303466,15.280296],[98.30382,15.280852],[98.302739,15.28182],[98.302436,15.281994],[98.302398,15.282764],[98.301951,15.284236],[98.301338,15.284722],[98.300239,15.286191],[98.29986,15.28689],[98.299709,15.287905],[98.298838,15.288009],[98.297966,15.288639],[98.297815,15.289024],[98.297815,15.289408],[98.298269,15.290318],[98.299065,15.291122],[98.298913,15.291472],[98.29861,15.291716],[98.298497,15.292486],[98.298345,15.292696],[98.297891,15.292975],[98.297891,15.293535],[98.29736,15.294305],[98.297095,15.29441],[98.29683,15.294305],[98.296148,15.294375],[98.295921,15.29462],[98.295769,15.295144],[98.294519,15.296193],[98.294178,15.296613],[98.294178,15.297347],[98.294406,15.297697],[98.296186,15.298921],[98.297019,15.299341],[98.297891,15.300215],[98.29933,15.301369],[98.300315,15.302768],[98.300466,15.303397],[98.300466,15.303712],[98.299747,15.304446],[98.299103,15.304936],[98.298648,15.305146],[98.297739,15.30658],[98.296375,15.307769],[98.295883,15.308083],[98.29558,15.308433],[98.295618,15.309377],[98.295807,15.310496],[98.295627,15.311335],[98.295877,15.312252],[98.297712,15.313504],[98.298963,15.31292],[98.299482,15.312349],[98.301565,15.31158],[98.302133,15.31109],[98.302716,15.311251],[98.304051,15.311335],[98.305386,15.312669],[98.30597,15.313504],[98.306804,15.312503],[98.308138,15.312336],[98.30939,15.311669],[98.310974,15.310501],[98.311975,15.30925],[98.312893,15.308916],[98.315061,15.308332],[98.315645,15.307081],[98.31723,15.306914],[98.318982,15.305079],[98.321901,15.303828],[98.323403,15.303077],[98.32699,15.303327],[98.328241,15.301659],[98.332995,15.299157],[98.334163,15.297739],[98.335771,15.295109],[98.336528,15.294759],[98.336604,15.295004],[98.338043,15.294304],[98.338839,15.29378],[98.3399,15.29385],[98.340544,15.29427],[98.341036,15.294235],[98.342097,15.293745],[98.342665,15.293395],[98.342968,15.293011],[98.343877,15.292486],[98.344256,15.292521],[98.344407,15.292941],[98.34471,15.29322],[98.345582,15.29329],[98.345771,15.2935],[98.346074,15.29364],[98.346491,15.293115],[98.347021,15.292871],[98.347513,15.292871],[98.347816,15.293115],[98.348612,15.29315],[98.348991,15.293255],[98.349332,15.293465],[98.350241,15.293605],[98.350657,15.293815],[98.351036,15.29385],[98.351415,15.29371],[98.352286,15.293675],[98.352703,15.2935],[98.353534,15.29336],[98.353443,15.291437],[98.35294,15.290144],[98.353299,15.289785],[98.354017,15.289353],[98.355024,15.28921],[98.357036,15.289425],[98.357754,15.28921],[98.358258,15.28885],[98.358904,15.287269],[98.359982,15.286335],[98.361276,15.285688],[98.362138,15.28461],[98.363575,15.284179],[98.365659,15.282958],[98.366593,15.282598],[98.367312,15.282958],[98.368318,15.282886],[98.369899,15.283317],[98.371839,15.283389],[98.372558,15.283964],[98.374211,15.284323],[98.37457,15.283389],[98.375217,15.282239],[98.375576,15.280155],[98.376151,15.279364],[98.376295,15.278861],[98.376511,15.27649],[98.377516,15.27534],[98.378379,15.27455],[98.379169,15.273328],[98.379816,15.272537],[98.380822,15.272106],[98.381469,15.272753],[98.382834,15.272825],[98.383266,15.272609],[98.384487,15.271603],[98.384918,15.270957],[98.38535,15.269519],[98.3865,15.26995],[98.387074,15.270813],[98.387865,15.271531],[98.388727,15.271963],[98.389086,15.271316],[98.390164,15.270094],[98.390164,15.269519],[98.390021,15.26916],[98.391745,15.268657],[98.392033,15.267292],[98.392105,15.265423],[98.393614,15.26492],[98.393901,15.264705],[98.394117,15.264202],[98.394045,15.263195],[98.394189,15.262692],[98.394692,15.262333],[98.394979,15.262333],[98.396344,15.262692],[98.396991,15.262692],[98.397997,15.262117],[98.399219,15.260896],[98.399363,15.260105],[98.399075,15.259459],[98.39886,15.258524],[98.399219,15.257518],[98.399291,15.256153],[98.401447,15.254069],[98.40389,15.255147],[98.404753,15.255865],[98.405399,15.256584],[98.405543,15.257662],[98.406046,15.258668],[98.406765,15.259315],[98.407842,15.259674],[98.409352,15.260393],[98.410429,15.26104],[98.411508,15.261471],[98.412011,15.262549],[98.412801,15.26377],[98.414167,15.264776],[98.417256,15.266429],[98.416107,15.268873],[98.415101,15.270382],[98.417544,15.272034],[98.415891,15.275125],[98.415172,15.276059],[98.414454,15.27649],[98.414382,15.277137],[98.414023,15.278215],[98.41352,15.279149],[98.414167,15.280514],[98.414238,15.281377],[98.413592,15.282311],[98.413448,15.284467],[98.41316,15.286551],[98.413663,15.291294],[98.413376,15.292515],[98.412226,15.295102],[98.411986,15.296379],[98.407348,15.301958],[98.406843,15.302115],[98.406082,15.302126],[98.404289,15.301521],[98.403628,15.301589],[98.403382,15.301667],[98.400411,15.303536],[98.396505,15.302314],[98.393389,15.302232],[98.391626,15.301705],[98.391229,15.301793],[98.390671,15.301497],[98.389946,15.301264],[98.389725,15.301285],[98.386757,15.30004],[98.386033,15.301318],[98.386016,15.301623],[98.38693,15.302296],[98.387908,15.303588],[98.388861,15.304059],[98.389201,15.304145],[98.389587,15.304115],[98.390396,15.304545],[98.390825,15.304676],[98.391557,15.304702],[98.392664,15.305046],[98.401664,15.308157],[98.400225,15.31005],[98.400297,15.312062],[98.399938,15.312924],[98.399506,15.314362],[98.400081,15.316302],[98.400441,15.319248],[98.400225,15.321045],[98.399363,15.322123],[98.3985,15.323488],[98.397638,15.32435],[98.396344,15.325141],[98.395842,15.325716],[98.394045,15.327441],[98.392608,15.328087],[98.389589,15.329237],[98.389518,15.330746],[98.389589,15.334627],[98.392105,15.33592],[98.393685,15.337932],[98.39426,15.341238],[98.39426,15.342747],[98.396632,15.34325],[98.398069,15.343825],[98.399866,15.345191],[98.400944,15.345694],[98.401231,15.346053],[98.401806,15.347634],[98.402309,15.347993],[98.404594,15.348978],[98.405744,15.349955],[98.406894,15.35053],[98.406721,15.35122],[98.406721,15.352255],[98.407354,15.352887],[98.408216,15.353002],[98.409999,15.352542],[98.410803,15.352657],[98.410861,15.35283],[98.411723,15.353404],[98.41316,15.354612],[98.414713,15.355474],[98.41546,15.356336],[98.41569,15.357199],[98.415633,15.359843],[98.41523,15.362028],[98.41546,15.363235],[98.41592,15.364155],[98.41707,15.365362],[98.419542,15.365822],[98.421209,15.364385],[98.421554,15.364213],[98.422416,15.3645],[98.423394,15.364558],[98.424198,15.364443],[98.425233,15.365477],[98.42667,15.36611],[98.42782,15.3668],[98.42851,15.367432],[98.429487,15.367662],[98.430465,15.36772],[98.430867,15.367087],[98.431442,15.364845],[98.432017,15.363753],[98.432765,15.36312],[98.434202,15.362775],[98.435352,15.362603],[98.436387,15.362833],[98.438456,15.363753],[98.439376,15.363408],[98.439721,15.363983],[98.440238,15.364213],[98.44133,15.364558],[98.442423,15.36473],[98.443572,15.365017],[98.443975,15.36496],[98.444607,15.36427],[98.44593,15.365362],[98.447424,15.36611],[98.448287,15.366685],[98.447884,15.367547],[98.447769,15.368179],[98.447367,15.368754],[98.447827,15.369444],[98.449609,15.369559],[98.449781,15.368869],[98.451104,15.368122],[98.452023,15.367777],[98.452714,15.367777],[98.453633,15.368237],[98.454956,15.368122],[98.455128,15.369617],[98.454956,15.370709],[98.454036,15.372664],[98.452714,15.374216],[98.451679,15.375021],[98.451449,15.375596],[98.451104,15.377033],[98.450759,15.377895],[98.450184,15.3787],[98.449839,15.37962],[98.450011,15.380827],[98.450069,15.383242],[98.452714,15.383817],[98.45484,15.384507],[98.455703,15.384564],[98.456278,15.384737],[98.457025,15.385311],[98.458118,15.385426],[98.459727,15.384966],[98.46013,15.384219],[98.460187,15.381747],[98.460647,15.380425],[98.46082,15.379505],[98.461337,15.378873],[98.461279,15.377378],[98.463292,15.375136],[98.464039,15.375136],[98.465534,15.374676],[98.466109,15.374273],[98.467259,15.372664],[98.468006,15.372376],[98.468696,15.371974],[98.469213,15.371169],[98.46996,15.371111],[98.470938,15.371226],[98.471225,15.371801],[98.47226,15.373411],[98.472547,15.374101],[98.472663,15.375481],[98.474445,15.376113],[98.476285,15.375941],[98.476917,15.375768],[98.479102,15.376171],[98.480481,15.376515],[98.480941,15.376803],[98.481344,15.377435],[98.481631,15.37824],[98.481976,15.378758],[98.482321,15.37985],[98.482029,15.380742],[98.481171,15.381575],[98.481746,15.383069],[98.481459,15.384507],[98.481344,15.385599],[98.480999,15.386404],[98.480826,15.387669],[98.480884,15.388646],[98.481286,15.389451],[98.482781,15.391635],[98.483471,15.391635],[98.484218,15.39175],[98.48485,15.39221],[98.485311,15.392728],[98.487437,15.39336],[98.488645,15.393533],[98.489737,15.393533],[98.491462,15.391808],[98.492324,15.391233],[98.493244,15.390715],[98.494509,15.390313],[98.497728,15.388473],[98.498935,15.389681],[98.49997,15.389278],[98.501408,15.388416],[98.501638,15.387956],[98.501695,15.387496],[98.501638,15.386806],[98.501005,15.385139],[98.50112,15.384737],[98.5025,15.383932],[98.50296,15.383242],[98.503707,15.382897],[98.504742,15.383012],[98.505202,15.382494],[98.506294,15.38077],[98.507099,15.38008],[98.508134,15.378988],[98.508824,15.377953],[98.509226,15.377263],[98.509801,15.374963],[98.510606,15.375251],[98.511181,15.375653],[98.512331,15.377148],[98.512446,15.377723],[98.512503,15.37893],[98.513998,15.379275],[98.515723,15.379045],[98.516355,15.3787],[98.517562,15.377493],[98.51785,15.376458],[98.518195,15.375883],[98.518712,15.375653],[98.519402,15.375481],[98.520207,15.374906],[98.521127,15.374561],[98.521932,15.374388],[98.522334,15.373354],[98.522967,15.372549],[98.523369,15.372261],[98.524001,15.371514],[98.524346,15.370421],[98.525266,15.370824],[98.526186,15.370824],[98.527221,15.371801],[98.527681,15.372089],[98.528543,15.372089],[98.530727,15.371399],[98.531199,15.371506],[98.53152,15.371211],[98.531816,15.371106],[98.532702,15.37098],[98.533247,15.371106],[98.533951,15.371483],[98.534383,15.371504],[98.534928,15.37142],[98.535383,15.371253],[98.536746,15.37119],[98.53745,15.371001],[98.537814,15.37033],[98.538063,15.368547],[98.538222,15.368211],[98.538949,15.367666],[98.539745,15.367372],[98.540267,15.366911],[98.540517,15.366387],[98.540653,15.365275],[98.540563,15.364961],[98.540676,15.364604],[98.541085,15.364101],[98.541722,15.362968],[98.543062,15.361668],[98.543948,15.361038],[98.545833,15.359885],[98.547128,15.358941],[98.547719,15.35827],[98.547696,15.357767],[98.547242,15.357158],[98.546947,15.356382],[98.545879,15.355081],[98.545152,15.35462],[98.544698,15.354137],[98.544675,15.353802],[98.544857,15.35355],[98.545538,15.353047],[98.546311,15.352334],[98.54647,15.352061],[98.546697,15.350111],[98.546992,15.349523],[98.54781,15.349104],[98.549218,15.349104],[98.54965,15.348936],[98.549786,15.348474],[98.549923,15.347258],[98.551059,15.345391],[98.55115,15.344909],[98.55115,15.343776],[98.550945,15.343587],[98.550491,15.343525],[98.549469,15.343671],[98.548469,15.343629],[98.548174,15.343504],[98.547788,15.343168],[98.547401,15.342518],[98.547356,15.342014],[98.547742,15.340756],[98.547969,15.340441],[98.54881,15.339791],[98.549105,15.339057],[98.549128,15.338512],[98.549537,15.337568],[98.551309,15.336519],[98.5519,15.336268],[98.552399,15.33589],[98.553944,15.335135],[98.557102,15.335177],[98.558329,15.335471],[98.558988,15.335701],[98.559624,15.336037],[98.561191,15.339204],[98.562169,15.340861],[98.5626,15.341951],[98.564372,15.345181],[98.568712,15.353488],[98.573141,15.362234],[98.575777,15.366911],[98.576754,15.368946],[98.580282,15.375598],[98.58098,15.387844],[98.581162,15.392542],[98.581502,15.397639],[98.58182,15.40542],[98.582093,15.408252],[98.582616,15.419494],[98.582934,15.424486],[98.584251,15.450179],[98.584433,15.45257],[98.585092,15.46698],[98.585365,15.471216],[98.585069,15.472852],[98.584092,15.476859],[98.580457,15.493639],[98.578435,15.502448],[98.565735,15.551653],[98.558488,15.58022],[98.552899,15.601741],[98.562986,15.639746],[98.559147,15.651764],[98.55778,15.65248],[98.557307,15.657385],[98.548287,15.685239],[98.558306,15.727502],[98.560555,15.73671],[98.56126,15.740066],[98.563713,15.749987],[98.564281,15.752755],[98.564577,15.755629],[98.565031,15.758922],[98.56544,15.761733],[98.565803,15.763474],[98.567235,15.768969],[98.568121,15.771926],[98.57296,15.787489],[98.573369,15.788622],[98.574118,15.791328],[98.576458,15.798899],[98.576913,15.800242],[98.582638,15.813414],[98.589386,15.828641],[98.590522,15.831053],[98.59293,15.836674],[98.593793,15.838499],[98.596383,15.844519],[98.609219,15.87361],[98.609491,15.874156],[98.609946,15.874764],[98.610764,15.876798],[98.608674,15.876484],[98.606788,15.876442],[98.604539,15.875771],[98.602926,15.874974],[98.602562,15.874722],[98.602313,15.874491],[98.601949,15.873694],[98.601267,15.872813],[98.600359,15.872394],[98.599995,15.872499],[98.599655,15.872708],[98.599177,15.87317],[98.59786,15.874197],[98.597155,15.874596],[98.595679,15.874911],[98.595383,15.875771],[98.595679,15.876693],[98.595679,15.877511],[98.595883,15.878854],[98.595883,15.879504],[98.596133,15.880784],[98.595883,15.882441],[98.595883,15.883238],[98.596542,15.884832],[98.596405,15.88502],[98.59611,15.885209],[98.595633,15.885314],[98.595042,15.885314],[98.593997,15.885524],[98.593565,15.885755],[98.592907,15.88674],[98.591998,15.887747],[98.591589,15.888397],[98.591384,15.889005],[98.590339,15.890452],[98.589044,15.892026],[98.588863,15.892445],[98.588476,15.894416],[98.588545,15.895948],[98.588885,15.898213],[98.588863,15.90052],[98.588658,15.901779],[98.588295,15.902911],[98.588295,15.90396],[98.589158,15.906687],[98.588999,15.907106],[98.58859,15.907652],[98.587181,15.908952],[98.585341,15.91128],[98.584978,15.912455],[98.584728,15.914615],[98.584229,15.916691],[98.584024,15.918138],[98.584024,15.918621],[98.584319,15.919376],[98.585251,15.921012],[98.585751,15.922145],[98.586023,15.925689],[98.586319,15.926612],[98.588113,15.929003],[98.588363,15.930073],[98.588363,15.930513],[98.588341,15.931059],[98.588,15.932065],[98.588023,15.933114],[98.588659,15.934184],[98.589068,15.934603],[98.589636,15.93496],[98.59084,15.935463],[98.591181,15.935757],[98.592157,15.938001],[98.59268,15.943454],[98.592407,15.9466],[98.591975,15.94809],[98.591862,15.94874],[98.591884,15.949999],[98.592907,15.953376],[98.59377,15.956753],[98.593861,15.957927],[98.593838,15.959375],[98.594134,15.959668],[98.594815,15.960025],[98.595519,15.960968],[98.596451,15.961597],[98.599018,15.962226],[98.599518,15.962436],[98.600608,15.963296],[98.601335,15.964764],[98.602721,15.964618],[98.603675,15.964618],[98.604425,15.96468],[98.606106,15.965121],[98.606356,15.965855],[98.606811,15.967974],[98.607606,15.970029],[98.608015,15.971372],[98.608651,15.972609],[98.608901,15.974644],[98.608742,15.975378],[98.608765,15.975965],[98.608378,15.977538],[98.607788,15.978818],[98.607265,15.979426],[98.60597,15.98058],[98.60572,15.980936],[98.605607,15.981418],[98.60563,15.98188],[98.605925,15.98232],[98.606493,15.984145],[98.606538,15.984564],[98.606288,15.986263],[98.605993,15.986976],[98.605493,15.989157],[98.604425,15.991192],[98.604153,15.991528],[98.603517,15.991759],[98.602631,15.992639],[98.60154,15.993437],[98.601109,15.993898],[98.600177,15.995618],[98.599859,15.996352],[98.599246,15.998533],[98.599177,15.999729],[98.599321,16.000619],[98.599262,16.001926],[98.598967,16.002525],[98.598642,16.002851],[98.598495,16.003124],[98.598171,16.003505],[98.597551,16.003968],[98.597168,16.004702],[98.596991,16.00541],[98.59705,16.006064],[98.597434,16.007016],[98.597316,16.007724],[98.596726,16.008432],[98.594161,16.009902],[98.593099,16.010746],[98.590799,16.013195],[98.589856,16.013604],[98.589207,16.013713],[98.588382,16.013794],[98.587733,16.013658],[98.586259,16.013658],[98.585256,16.014148],[98.584696,16.014965],[98.584372,16.015809],[98.584107,16.016],[98.581836,16.016735],[98.581305,16.017279],[98.581099,16.017361],[98.579979,16.017606],[98.579035,16.018123],[98.578357,16.018967],[98.576735,16.019892],[98.576588,16.020464],[98.577207,16.022669],[98.576824,16.023676],[98.576588,16.024084],[98.575497,16.024983],[98.574317,16.025473],[98.573109,16.025554],[98.572666,16.025718],[98.572254,16.026071],[98.5719,16.026561],[98.570691,16.027514],[98.570367,16.027677],[98.568951,16.027895],[98.567271,16.028494],[98.566887,16.028712],[98.566268,16.028902],[98.565619,16.02893],[98.564027,16.029855],[98.563113,16.030481],[98.562641,16.030699],[98.561462,16.031951],[98.560872,16.03304],[98.560725,16.033585],[98.560607,16.034238],[98.560607,16.036498],[98.561904,16.040254],[98.562202,16.042204],[98.562157,16.043242],[98.562216,16.04365],[98.562481,16.044331],[98.562569,16.044902],[98.563808,16.047053],[98.565783,16.051326],[98.566196,16.053123],[98.566344,16.05413],[98.566874,16.055709],[98.567051,16.056962],[98.567936,16.057424],[98.568407,16.057533],[98.570295,16.057343],[98.571798,16.057452],[98.573007,16.057996],[98.57401,16.058622],[98.574894,16.05884],[98.57687,16.059112],[98.577459,16.059275],[98.578285,16.059792],[98.578757,16.060255],[98.580113,16.061916],[98.580526,16.062787],[98.580172,16.064447],[98.580143,16.0651],[98.579848,16.066815],[98.579848,16.067741],[98.580172,16.069728],[98.580584,16.070572],[98.58085,16.070925],[98.581174,16.071116],[98.581764,16.071307],[98.583385,16.072232],[98.583887,16.07294],[98.584005,16.073729],[98.584358,16.074764],[98.586688,16.07539],[98.588811,16.076152],[98.589194,16.076179],[98.590875,16.075417],[98.594442,16.074546],[98.596388,16.073974],[98.597332,16.07392],[98.599514,16.073375],[98.599868,16.073158],[98.600045,16.072885],[98.600517,16.070735],[98.601136,16.069592],[98.601785,16.067931],[98.602197,16.065699],[98.602758,16.064637],[98.603141,16.064175],[98.604763,16.063902],[98.605706,16.063576],[98.606148,16.063168],[98.606915,16.062187],[98.607357,16.061289],[98.607475,16.060799],[98.607446,16.059792],[98.60718,16.059438],[98.60665,16.059329],[98.606148,16.058785],[98.605441,16.057859],[98.60491,16.056907],[98.60488,16.05658],[98.605057,16.055518],[98.605028,16.054103],[98.605205,16.053232],[98.605529,16.052606],[98.605824,16.05149],[98.605912,16.051027],[98.605853,16.050482],[98.605942,16.049992],[98.606237,16.049421],[98.606355,16.048958],[98.606767,16.048414],[98.607062,16.047787],[98.607534,16.047134],[98.607446,16.046835],[98.606974,16.046209],[98.607003,16.045065],[98.607328,16.044385],[98.607475,16.04384],[98.607475,16.043405],[98.607917,16.042316],[98.608301,16.041908],[98.609038,16.041717],[98.609745,16.041772],[98.61175,16.042316],[98.612104,16.042207],[98.612929,16.040165],[98.613106,16.039975],[98.613873,16.039811],[98.614286,16.040002],[98.615347,16.041662],[98.61576,16.041826],[98.617323,16.041445],[98.617765,16.041445],[98.618414,16.042234],[98.618708,16.042833],[98.618797,16.043269],[98.619062,16.043677],[98.619888,16.04433],[98.620478,16.04463],[98.620861,16.04463],[98.621303,16.044385],[98.621628,16.043867],[98.621686,16.04267],[98.621952,16.042207],[98.622483,16.041935],[98.623161,16.041853],[98.62434,16.042016],[98.625136,16.042425],[98.625343,16.042779],[98.625402,16.043187],[98.625962,16.043514],[98.627112,16.043514],[98.627525,16.043622],[98.627937,16.043867],[98.628733,16.044412],[98.628822,16.044738],[98.628851,16.045582],[98.629294,16.046344],[98.629795,16.04678],[98.630827,16.047461],[98.631328,16.048059],[98.631564,16.048685],[98.630827,16.051026],[98.630473,16.05168],[98.629736,16.053559],[98.626669,16.059112],[98.626463,16.059684],[98.626227,16.061017],[98.626227,16.062134],[98.626404,16.06246],[98.626552,16.062651],[98.627289,16.062569],[98.628439,16.062297],[98.629058,16.062379],[98.630326,16.062814],[98.630886,16.063086],[98.631711,16.063168],[98.634129,16.062406],[98.634866,16.062351],[98.635515,16.06246],[98.636252,16.06246],[98.637078,16.062297],[98.638493,16.061698],[98.639142,16.061235],[98.640174,16.060908],[98.640646,16.061398],[98.641766,16.063086],[98.641854,16.063603],[98.641854,16.064773],[98.641648,16.065536],[98.641678,16.066026],[98.641854,16.066543],[98.643447,16.066624],[98.644066,16.066788],[98.644744,16.067142],[98.645687,16.067169],[98.648046,16.067768],[98.650523,16.068884],[98.651083,16.069401],[98.652027,16.070054],[98.653059,16.071034],[98.653589,16.071334],[98.65415,16.071524],[98.654533,16.071878],[98.655506,16.072041],[98.657482,16.07215],[98.659487,16.072396],[98.660431,16.072749],[98.661404,16.073348],[98.6622,16.074165],[98.662554,16.075254],[98.662996,16.075825],[98.662878,16.077241],[98.66276,16.077731],[98.662465,16.078058],[98.662052,16.078166],[98.661109,16.078194],[98.660106,16.078711],[98.659369,16.079446],[98.659015,16.079936],[98.65875,16.080562],[98.658661,16.081678],[98.658868,16.082495],[98.659251,16.083284],[98.659988,16.0844],[98.66046,16.084836],[98.662082,16.085652],[98.663114,16.085979],[98.664323,16.086115],[98.664971,16.086306],[98.665738,16.086714],[98.666357,16.08715],[98.667271,16.088048],[98.667802,16.088402],[98.669718,16.089028],[98.671782,16.090416],[98.672018,16.090879],[98.672165,16.091532],[98.672283,16.092648],[98.672283,16.093737],[98.672608,16.094227],[98.673463,16.095016],[98.673876,16.095724],[98.674111,16.097167],[98.674111,16.09812],[98.673876,16.099562],[98.672873,16.100978],[98.671576,16.102421],[98.670219,16.103482],[98.668804,16.10487],[98.667979,16.105932],[98.667035,16.107837],[98.666652,16.109144],[98.666327,16.109824],[98.66615,16.110478],[98.666209,16.110832],[98.666534,16.111131],[98.666858,16.111267],[98.668509,16.111403],[98.671605,16.112628],[98.672283,16.112601],[98.672873,16.112465],[98.673256,16.112519],[98.674141,16.112247],[98.67535,16.112057],[98.676146,16.111975],[98.677266,16.112029],[98.679507,16.111158],[98.680274,16.110968],[98.681836,16.110995],[98.682514,16.111485],[98.683694,16.112683],[98.684283,16.113554],[98.684431,16.114969],[98.683812,16.116385],[98.683517,16.11682],[98.683016,16.117229],[98.680745,16.118345],[98.680391,16.118916],[98.680096,16.11957],[98.680038,16.120005],[98.680273,16.12123],[98.67989,16.121883],[98.67936,16.122455],[98.678888,16.122727],[98.678564,16.123054],[98.678387,16.124714],[98.678122,16.125422],[98.677738,16.125966],[98.677591,16.126565],[98.67762,16.127164],[98.677915,16.127954],[98.678328,16.12828],[98.6788,16.128498],[98.679684,16.128416],[98.68051,16.128198],[98.683311,16.128335],[98.684195,16.128471],[98.685699,16.128852],[98.6862,16.129315],[98.686525,16.129941],[98.68676,16.131057],[98.686967,16.131492],[98.68735,16.131901],[98.688589,16.132363],[98.68906,16.132309],[98.689827,16.132037],[98.69021,16.131656],[98.690711,16.131465],[98.691508,16.131275],[98.692186,16.131411],[98.692775,16.131656],[98.693454,16.132064],[98.693955,16.132554],[98.695606,16.133833],[98.696579,16.134786],[98.698319,16.135494],[98.699115,16.135739],[98.700235,16.135984],[98.701208,16.136038],[98.701827,16.136011],[98.704098,16.135439],[98.705277,16.135331],[98.708137,16.135385],[98.708756,16.135249],[98.710702,16.13416],[98.711705,16.133289],[98.713091,16.132717],[98.713474,16.132418],[98.71427,16.131356],[98.714624,16.13073],[98.714831,16.13005],[98.715361,16.129097],[98.715686,16.127763],[98.715833,16.126457],[98.716216,16.124905],[98.716953,16.124088],[98.71831,16.123544],[98.719902,16.123054],[98.720904,16.122999],[98.722467,16.123217],[98.723647,16.12319],[98.729131,16.122673],[98.730192,16.122455],[98.731106,16.122537],[98.731962,16.122455],[98.732905,16.122264],[98.735087,16.121475],[98.737475,16.120822],[98.739923,16.120032],[98.741367,16.119678],[98.742193,16.119597],[98.743815,16.119597],[98.745849,16.119951],[98.749416,16.121502],[98.75,16.121667],[98.750959,16.121753],[98.752224,16.121618],[98.753542,16.121225],[98.754048,16.121028],[98.755499,16.120082],[98.756112,16.119799],[98.756498,16.119799],[98.757497,16.120069],[98.759134,16.120192],[98.762476,16.120143],[98.762955,16.120217],[98.765059,16.121286],[98.765698,16.121385],[98.766244,16.121188],[98.767428,16.120426],[98.767881,16.120328],[98.768627,16.120487],[98.769426,16.121028],[98.770265,16.121999],[98.770797,16.122921],[98.771583,16.12394],[98.771889,16.124199],[98.772248,16.124063],[98.773101,16.124039],[98.773793,16.124235],[98.775417,16.125133],[98.777201,16.125637],[98.779145,16.126018],[98.779571,16.125784],[98.780051,16.125293],[98.780783,16.124776],[98.781462,16.124432],[98.782381,16.1241],[98.783259,16.123633],[98.783659,16.123252],[98.784111,16.12249],[98.784471,16.121003],[98.784404,16.119737],[98.784511,16.118791],[98.784737,16.118103],[98.785523,16.116013],[98.785762,16.115743],[98.786668,16.115251],[98.787134,16.114845],[98.78724,16.114612],[98.787174,16.113689],[98.78724,16.112509],[98.787879,16.111022],[98.788092,16.110837],[98.789917,16.110862],[98.79025,16.110801],[98.791861,16.109793],[98.793245,16.109153],[98.79443,16.10849],[98.794829,16.108195],[98.795442,16.107101],[98.795615,16.106499],[98.795775,16.106241],[98.796028,16.105946],[98.796454,16.105639],[98.797599,16.105589],[98.799835,16.105848],[98.803444,16.105737],[98.803976,16.105553],[98.804642,16.105135],[98.805108,16.104704],[98.805401,16.104594],[98.805787,16.104631],[98.80612,16.104778],[98.806413,16.10511],[98.806826,16.105897],[98.807012,16.106462],[98.807571,16.10715],[98.80869,16.108195],[98.809995,16.109068],[98.813043,16.109006],[98.814095,16.109756],[98.814454,16.110297],[98.814654,16.110789],[98.814933,16.11117],[98.815293,16.111404],[98.815905,16.111514],[98.816624,16.111526],[98.819087,16.111404],[98.820858,16.111404],[98.821244,16.111539],[98.821577,16.111785],[98.822802,16.112276],[98.823401,16.112682],[98.824307,16.113456],[98.824906,16.113825],[98.826756,16.11471],[98.828434,16.115399],[98.829153,16.116099],[98.829446,16.116505],[98.829872,16.11739],[98.829912,16.117648],[98.829819,16.118471],[98.829633,16.118902],[98.829366,16.119418],[98.828834,16.120082],[98.828767,16.120598],[98.828887,16.121004],[98.829792,16.12233],[98.829939,16.122675],[98.830085,16.123215],[98.830085,16.123793],[98.830338,16.12426],[98.830365,16.124641],[98.830511,16.124973],[98.83107,16.125637],[98.832775,16.126608],[98.833627,16.126915],[98.834718,16.126977],[98.835251,16.126928],[98.83645,16.12662],[98.837288,16.126706],[98.83866,16.126965],[98.841189,16.12769],[98.84284,16.128427],[98.843958,16.12871],[98.844584,16.128722],[98.846222,16.128366],[98.847274,16.127837],[98.848126,16.127776],[98.848499,16.127887],[98.848898,16.128489],[98.848592,16.12946],[98.848845,16.130701],[98.849883,16.133098],[98.851135,16.135114],[98.851335,16.135618],[98.851375,16.136306],[98.851228,16.136638],[98.850602,16.137671],[98.84971,16.138801],[98.849551,16.139563],[98.849764,16.140436],[98.849937,16.140731],[98.850536,16.141359],[98.851281,16.141813],[98.851668,16.142182],[98.851827,16.142514],[98.851854,16.142784],[98.851681,16.144149],[98.851894,16.145267],[98.852213,16.146127],[98.852014,16.14743],[98.851867,16.147763],[98.851774,16.14909],[98.851934,16.150615],[98.85224,16.151905],[98.852799,16.153392],[98.853638,16.154966],[98.853998,16.156367],[98.853984,16.156686],[98.853811,16.157018],[98.853518,16.157239],[98.851228,16.158223],[98.850736,16.158813],[98.850656,16.159169],[98.850855,16.159673],[98.851055,16.160632],[98.852773,16.162095],[98.85465,16.163275],[98.855782,16.163754],[98.857712,16.164123],[98.858085,16.164258],[98.858604,16.164639],[98.858644,16.165291],[98.858258,16.165917],[98.857459,16.166839],[98.857366,16.167024],[98.857419,16.167294],[98.858178,16.167995],[98.859722,16.168732],[98.860415,16.168978],[98.861174,16.169458],[98.861307,16.169617],[98.861413,16.170011],[98.861333,16.170969],[98.860974,16.172666],[98.861147,16.173932],[98.861373,16.174743],[98.861333,16.175555],[98.860854,16.176993],[98.859882,16.178898],[98.859523,16.180471],[98.85931,16.182241],[98.859203,16.184416],[98.85947,16.185596],[98.859909,16.18669],[98.859842,16.187366],[98.859456,16.187859],[98.859097,16.188166],[98.85461,16.191497],[98.854183,16.191939],[98.854037,16.192258],[98.853944,16.192787],[98.853984,16.193119],[98.854556,16.194151],[98.855169,16.194569],[98.856087,16.195012],[98.856527,16.19495],[98.856993,16.194717],[98.858125,16.194348],[98.85883,16.194348],[98.859243,16.194618],[98.860375,16.196155],[98.860828,16.197347],[98.861187,16.19795],[98.861254,16.198282],[98.86112,16.19881],[98.860907,16.199191],[98.859696,16.20058],[98.859443,16.201096],[98.859243,16.202252],[98.858884,16.205645],[98.858617,16.206665],[98.858364,16.207144],[98.858098,16.207513],[98.857792,16.207759],[98.857379,16.208029],[98.856461,16.208447],[98.855768,16.209049],[98.855502,16.209246],[98.855169,16.209357],[98.854943,16.209578],[98.853665,16.211409],[98.852214,16.214175],[98.85196,16.215872],[98.851854,16.217531],[98.851947,16.219596],[98.852333,16.220075],[98.852679,16.220297],[98.853465,16.220592],[98.85409,16.220727],[98.855861,16.221538],[98.856341,16.222718],[98.856314,16.222927],[98.855875,16.223714],[98.855595,16.224746],[98.855648,16.225115],[98.855808,16.225312],[98.856354,16.225435],[98.858391,16.226479],[98.859549,16.227364],[98.861892,16.228937],[98.862571,16.229515],[98.86365,16.230879],[98.864968,16.232195],[98.866313,16.232723],[98.867032,16.232871],[98.867444,16.233067],[98.868336,16.23319],[98.869641,16.233608],[98.869961,16.23378],[98.870187,16.234051],[98.870387,16.234518],[98.870254,16.235391],[98.870241,16.23619],[98.870507,16.237087],[98.870853,16.237689],[98.871506,16.238476],[98.872344,16.238968],[98.872651,16.23898],[98.87293,16.238784],[98.873103,16.238292],[98.873769,16.237013],[98.875087,16.235046],[98.875273,16.234247],[98.87526,16.233485],[98.875473,16.231641],[98.875713,16.230842],[98.876085,16.230203],[98.876325,16.23008],[98.877044,16.230019],[98.877976,16.230203],[98.878296,16.230363],[98.878655,16.230769],[98.878868,16.231187],[98.879001,16.231764],[98.879068,16.233055],[98.879627,16.233854],[98.881212,16.23528],[98.881491,16.235624],[98.881544,16.236177],[98.881238,16.237382],[98.881132,16.23882],[98.881504,16.239483],[98.881851,16.239889],[98.883222,16.240897],[98.885525,16.242261],[98.886484,16.243011],[98.887429,16.244007],[98.887429,16.245261],[98.88727,16.24622],[98.887176,16.247941],[98.887549,16.248113],[98.888468,16.248322],[98.889226,16.24826],[98.890451,16.248297],[98.893753,16.248592],[98.895777,16.249084],[98.897468,16.249993],[98.899832,16.250972],[98.900547,16.251455],[98.901287,16.252103],[98.902819,16.253753],[98.90333,16.254519],[98.903776,16.255886],[98.903968,16.258219],[98.904146,16.25895],[98.904721,16.260211],[98.90652,16.262191],[98.907388,16.264712],[98.908218,16.266421],[98.909262,16.267356],[98.910657,16.267949],[98.910482,16.269274],[98.910517,16.269936],[98.910273,16.270878],[98.909855,16.271296],[98.908014,16.272431],[98.906572,16.27401],[98.906635,16.274718],[98.907031,16.276474],[98.908831,16.279667],[98.909622,16.281553],[98.910094,16.284687],[98.910184,16.285912],[98.910669,16.287385],[98.911843,16.293348],[98.911613,16.294939],[98.911013,16.296306],[98.91072,16.297213],[98.910643,16.297897],[98.910707,16.298133],[98.912226,16.300831],[98.912609,16.301091],[98.913234,16.301704],[98.914689,16.303354],[98.915557,16.305345],[98.915877,16.30584],[98.916349,16.306323],[98.917383,16.306488],[98.917983,16.3067],[98.918902,16.306876],[98.919502,16.306806],[98.920089,16.306605],[98.920485,16.30637],[98.921942,16.306219],[98.923574,16.306637],[98.923846,16.307055],[98.924139,16.309273],[98.924991,16.311084],[98.925361,16.312769],[98.925705,16.313524],[98.926637,16.316104],[98.927097,16.317554],[98.927365,16.318968],[98.927837,16.320782],[98.928439,16.322476],[98.929725,16.324233],[98.930039,16.325049],[98.930416,16.326838],[98.930666,16.327591],[98.931733,16.328909],[98.931796,16.329568],[98.931671,16.329881],[98.931357,16.330164],[98.929976,16.330979],[98.929756,16.331356],[98.929349,16.33327],[98.928878,16.334619],[98.928847,16.334839],[98.929003,16.336031],[98.928972,16.336376],[98.928658,16.337255],[98.928313,16.337632],[98.92756,16.33873],[98.927403,16.339295],[98.926995,16.339859],[98.925332,16.341177],[98.92505,16.341648],[98.924987,16.342056],[98.925301,16.343374],[98.925269,16.344754],[98.924265,16.344692],[98.919904,16.344974],[98.918398,16.344221],[98.917708,16.344001],[98.916735,16.343813],[98.914946,16.344284],[98.914382,16.344252],[98.913785,16.344095],[98.913315,16.343876],[98.912844,16.343436],[98.91093,16.344001],[98.910899,16.344817],[98.910805,16.345225],[98.910365,16.345727],[98.909487,16.34648],[98.909361,16.346825],[98.909236,16.347766],[98.909424,16.348237],[98.910491,16.349147],[98.911369,16.350026],[98.911087,16.351312],[98.911369,16.352473],[98.911589,16.352756],[98.912091,16.353101],[98.912687,16.353697],[98.913315,16.354701],[98.913848,16.355297],[98.91708,16.35765],[98.9173,16.35809],[98.917331,16.359125],[98.917708,16.35991],[98.917802,16.362608],[98.917927,16.36333],[98.918523,16.365526],[98.919402,16.368068],[98.919747,16.368727],[98.92003,16.369542],[98.92003,16.371425],[98.91959,16.372178],[98.919308,16.373465],[98.918994,16.373967],[98.918335,16.374563],[98.917896,16.375285],[98.917111,16.376194],[98.917017,16.376445],[98.916954,16.37905],[98.917708,16.379834],[98.917865,16.380368],[98.91805,16.383095],[98.918173,16.383546],[98.918747,16.384203],[98.918173,16.385146],[98.917968,16.387278],[98.916656,16.389329],[98.915139,16.390928],[98.914441,16.391339],[98.914113,16.391667],[98.913744,16.392282],[98.913293,16.392815],[98.911242,16.393266],[98.910504,16.394701],[98.910094,16.395194],[98.908454,16.396178],[98.907592,16.396834],[98.907264,16.396957],[98.90587,16.397121],[98.905337,16.39708],[98.90263,16.399705],[98.901892,16.400238],[98.899924,16.400935],[98.900046,16.402042],[98.899883,16.403683],[98.899021,16.404749],[98.898406,16.405364],[98.896643,16.406882],[98.895822,16.407456],[98.895371,16.407538],[98.893813,16.407251],[98.893321,16.406964],[98.89291,16.406554],[98.892623,16.406389],[98.891598,16.406389],[98.891497,16.406595],[98.89142,16.407751],[98.89119,16.409094],[98.891114,16.410343],[98.890909,16.411828],[98.890577,16.412818],[98.890373,16.413195],[98.889059,16.414786],[98.888267,16.415411],[98.887272,16.416365],[98.885472,16.418404],[98.883646,16.420702],[98.883097,16.42148],[98.882715,16.422187],[98.882383,16.422505],[98.881425,16.423047],[98.88094,16.423188],[98.878936,16.423377],[98.878132,16.423294],[98.876537,16.422623],[98.875043,16.422328],[98.87332,16.422281],[98.872445,16.422334],[98.87261,16.421687],[98.872446,16.420579],[98.870559,16.420333],[98.869862,16.420948],[98.869329,16.421276],[98.868632,16.421481],[98.867607,16.421646],[98.86691,16.421646],[98.865966,16.421769],[98.8649,16.420989],[98.864367,16.420374],[98.863547,16.418775],[98.862727,16.419882],[98.861783,16.420579],[98.859692,16.42181],[98.858953,16.422097],[98.858297,16.42222],[98.857682,16.422097],[98.856985,16.42222],[98.85678,16.422179],[98.856206,16.421728],[98.855344,16.421276],[98.854442,16.421071],[98.852802,16.420907],[98.852556,16.420702],[98.852351,16.420374],[98.852228,16.419759],[98.852023,16.419513],[98.851817,16.41939],[98.851531,16.419513],[98.851366,16.419472],[98.850792,16.418652],[98.849726,16.418652],[98.848127,16.418119],[98.847143,16.418365],[98.846773,16.418693],[98.846322,16.418816],[98.845992,16.419074],[98.845098,16.419193],[98.843962,16.419181],[98.843477,16.419605],[98.843221,16.420089],[98.841358,16.421444],[98.841026,16.421515],[98.840235,16.421408],[98.839532,16.421467],[98.83869,16.422033],[98.838128,16.422139],[98.837656,16.422493],[98.837095,16.422445],[98.836354,16.422045],[98.835473,16.422316],[98.834784,16.422233],[98.834529,16.422163],[98.833648,16.421526],[98.832997,16.421408],[98.832257,16.42142],[98.831542,16.421715],[98.830495,16.421951],[98.829793,16.421939],[98.829564,16.421727],[98.829436,16.421479],[98.829257,16.420489],[98.8295,16.419641],[98.829359,16.418898],[98.828734,16.417614],[98.828338,16.416495],[98.828262,16.415694],[98.828326,16.413231],[98.828067,16.41291],[98.827994,16.412524],[98.827521,16.411817],[98.826832,16.410167],[98.826602,16.409802],[98.825926,16.409177],[98.825198,16.40867],[98.824968,16.408399],[98.824611,16.407303],[98.824445,16.406231],[98.824215,16.405736],[98.823985,16.405453],[98.823436,16.405241],[98.822287,16.405147],[98.821598,16.404404],[98.82073,16.403084],[98.820232,16.40279],[98.819952,16.402212],[98.819326,16.401658],[98.81916,16.401434],[98.819071,16.400998],[98.818522,16.400739],[98.818318,16.400527],[98.818292,16.400303],[98.818037,16.399996],[98.817144,16.399372],[98.816633,16.398359],[98.815854,16.397923],[98.815739,16.397181],[98.815331,16.396603],[98.814833,16.396179],[98.814667,16.395602],[98.814361,16.395048],[98.813723,16.394883],[98.813174,16.394529],[98.813072,16.394376],[98.813136,16.394152],[98.813391,16.394093],[98.813493,16.393833],[98.81311,16.393468],[98.813085,16.392749],[98.813148,16.392549],[98.813263,16.392313],[98.813965,16.391465],[98.814591,16.390475],[98.814987,16.390062],[98.815587,16.389674],[98.817003,16.389391],[98.817144,16.38919],[98.817169,16.388966],[98.816952,16.388542],[98.817233,16.387517],[98.817233,16.38701],[98.817029,16.386621],[98.817106,16.386385],[98.817374,16.38622],[98.817259,16.385608],[98.817374,16.385419],[98.817246,16.385089],[98.816582,16.384394],[98.816314,16.384217],[98.815995,16.384193],[98.815689,16.384241],[98.815408,16.384394],[98.814897,16.384889],[98.814527,16.384971],[98.813429,16.384936],[98.812804,16.384064],[98.81237,16.383534],[98.812204,16.383439],[98.811923,16.383534],[98.811527,16.383946],[98.811298,16.38404],[98.810825,16.383981],[98.810647,16.382991],[98.8102,16.38272],[98.810174,16.382143],[98.809831,16.381728],[98.808923,16.381389],[98.808847,16.381023],[98.808693,16.3808],[98.808323,16.380694],[98.807149,16.380694],[98.80697,16.380612],[98.80674,16.380258],[98.806459,16.379622],[98.806268,16.379386],[98.805974,16.379198],[98.805349,16.379056],[98.805094,16.378844],[98.804443,16.378773],[98.804111,16.378408],[98.803166,16.37809],[98.80249,16.377748],[98.802387,16.377595],[98.801405,16.377548],[98.801111,16.377312],[98.800243,16.377218],[98.800077,16.376617],[98.799847,16.376275],[98.79935,16.376287],[98.798673,16.376169],[98.797728,16.376228],[98.797243,16.375874],[98.797116,16.375214],[98.796733,16.374554],[98.796631,16.374165],[98.796478,16.373906],[98.795916,16.373329],[98.794844,16.372692],[98.793721,16.372209],[98.793006,16.371785],[98.792534,16.371443],[98.792355,16.371031],[98.791972,16.370512],[98.791295,16.370241],[98.790382,16.370313],[98.789547,16.370265],[98.788972,16.36997],[98.788117,16.369734],[98.787517,16.369852],[98.786955,16.369829],[98.786636,16.369734],[98.784658,16.368391],[98.784364,16.368026],[98.783497,16.366448],[98.7831,16.366317],[98.782526,16.365905],[98.781517,16.365351],[98.781339,16.365174],[98.780956,16.364325],[98.780944,16.363077],[98.781403,16.361804],[98.781403,16.361026],[98.781492,16.360472],[98.782067,16.358881],[98.78208,16.357302],[98.782143,16.357007],[98.782386,16.356477],[98.78296,16.355793],[98.782922,16.35531],[98.782858,16.355133],[98.782003,16.354827],[98.780829,16.354544],[98.780433,16.354179],[98.779744,16.353873],[98.777944,16.352023],[98.777638,16.351351],[98.776004,16.349748],[98.775621,16.349135],[98.775481,16.348841],[98.775366,16.346366],[98.775532,16.346319],[98.776068,16.346708],[98.776336,16.346496],[98.776349,16.345965],[98.777497,16.344704],[98.777472,16.344257],[98.777331,16.34408],[98.777051,16.343962],[98.776361,16.343938],[98.775378,16.344139],[98.774944,16.344304],[98.772979,16.344669],[98.772876,16.344834],[98.772864,16.345105],[98.773298,16.346425],[98.773323,16.346814],[98.773157,16.34738],[98.772455,16.348263],[98.772251,16.348381],[98.771919,16.348275],[98.771128,16.347038],[98.770923,16.347038],[98.770387,16.347238],[98.770081,16.34712],[98.768741,16.346979],[98.768256,16.347073],[98.767809,16.346826],[98.767732,16.346461],[98.767962,16.345553],[98.767886,16.34454],[98.767209,16.343585],[98.765856,16.342454],[98.765677,16.342148],[98.765294,16.341959],[98.764924,16.341935],[98.764669,16.341947],[98.764503,16.342053],[98.76472,16.342548],[98.764707,16.342855],[98.764567,16.343079],[98.76426,16.343196],[98.76292,16.343244],[98.762575,16.343526],[98.762371,16.34408],[98.761184,16.344292],[98.760342,16.344846],[98.760086,16.34487],[98.759754,16.344717],[98.759053,16.344092],[98.758466,16.343727],[98.758083,16.343774],[98.757355,16.344457],[98.757036,16.344611],[98.755862,16.344646],[98.755645,16.344587],[98.754943,16.344021],[98.754534,16.34388],[98.753143,16.343515],[98.752492,16.34368],[98.752262,16.343797],[98.75207,16.344587],[98.751879,16.344976],[98.751713,16.345106],[98.751215,16.345094],[98.750424,16.344528],[98.750003,16.344481],[98.749093,16.345262],[98.748589,16.345518],[98.747788,16.346552],[98.747449,16.346856],[98.746342,16.346986],[98.745603,16.347413],[98.745428,16.347375],[98.745079,16.346854],[98.744812,16.346266],[98.744802,16.346066],[98.744586,16.345753],[98.744134,16.345441],[98.743928,16.345004],[98.743569,16.344701],[98.743969,16.344359],[98.744463,16.344293],[98.74476,16.344151],[98.744894,16.343847],[98.744873,16.342757],[98.744822,16.342387],[98.744647,16.341951],[98.743827,16.341732],[98.743241,16.341362],[98.742964,16.341087],[98.742923,16.340471],[98.743066,16.339835],[98.743066,16.339371],[98.742974,16.339086],[98.742964,16.338641],[98.74283,16.338489],[98.74244,16.338204],[98.741844,16.338138],[98.741043,16.338214],[98.740539,16.338508],[98.740375,16.338422],[98.740159,16.338043],[98.739687,16.33773],[98.739604,16.336943],[98.739389,16.336611],[98.739183,16.336564],[98.738721,16.336734],[98.738331,16.337294],[98.737714,16.337673],[98.737324,16.338337],[98.73682,16.338128],[98.736697,16.338015],[98.736697,16.337825],[98.736522,16.337749],[98.736142,16.337844],[98.735906,16.338214],[98.735896,16.338375],[98.735731,16.338479],[98.7353,16.338005],[98.735074,16.33736],[98.734879,16.337294],[98.734447,16.336241],[98.734345,16.335615],[98.733543,16.33534],[98.733256,16.33498],[98.733307,16.3346],[98.733687,16.334012],[98.733667,16.333728],[98.733554,16.333538],[98.733625,16.332713],[98.733389,16.332571],[98.732516,16.332808],[98.731992,16.332391],[98.731561,16.332429],[98.731407,16.332353],[98.730842,16.331281],[98.730564,16.331091],[98.730276,16.331253],[98.730061,16.331765],[98.72966,16.331812],[98.729547,16.331679],[98.729342,16.33166],[98.729187,16.331566],[98.728581,16.330826],[98.728602,16.330095],[98.72854,16.329934],[98.728335,16.329744],[98.72814,16.329716],[98.727544,16.329403],[98.727287,16.329194],[98.727164,16.328957],[98.726784,16.328758],[98.726424,16.32817],[98.726444,16.327298],[98.726362,16.326596],[98.72592,16.325828],[98.725992,16.32542],[98.726157,16.325126],[98.726095,16.324775],[98.726177,16.324073],[98.725756,16.323902],[98.725468,16.323552],[98.725335,16.323172],[98.725335,16.322745],[98.725273,16.322613],[98.724811,16.322347],[98.724821,16.322082],[98.724965,16.321418],[98.725386,16.321427],[98.72553,16.321361],[98.726239,16.32082],[98.726763,16.32083],[98.727112,16.320972],[98.727482,16.320688],[98.727965,16.320754],[98.728129,16.320061],[98.728406,16.319777],[98.728499,16.319397],[98.728396,16.319255],[98.727944,16.319018],[98.727841,16.318866],[98.727893,16.318715],[98.728447,16.318421],[98.728458,16.317823],[98.728324,16.317662],[98.728098,16.317596],[98.727369,16.317548],[98.72741,16.316628],[98.727009,16.316021],[98.72704,16.315737],[98.727359,16.315405],[98.727461,16.315007],[98.727461,16.314495],[98.725407,16.314902],[98.724606,16.314921],[98.724647,16.314419],[98.725191,16.313831],[98.725376,16.31347],[98.725376,16.313262],[98.725212,16.312939],[98.724975,16.312844],[98.724184,16.312977],[98.723301,16.313935],[98.723126,16.314011],[98.72253,16.313897],[98.721493,16.314732],[98.720271,16.314779],[98.719839,16.314713],[98.719644,16.314646],[98.719572,16.314305],[98.718884,16.314049],[98.71872,16.313888],[98.718627,16.313318],[98.718802,16.312522],[98.718966,16.312199],[98.719654,16.311763],[98.719737,16.311668],[98.719726,16.311517],[98.718966,16.311052],[98.718175,16.310303],[98.718093,16.309866],[98.71836,16.309468],[98.718637,16.309354],[98.718781,16.308956],[98.718689,16.308709],[98.718432,16.308605],[98.718011,16.308605],[98.717651,16.308425],[98.717631,16.307789],[98.717826,16.307666],[98.719089,16.307628],[98.719161,16.308225],[98.719398,16.308254],[98.719695,16.308216],[98.719901,16.307922],[98.719921,16.307438],[98.719839,16.307173],[98.719644,16.30705],[98.719274,16.307154],[98.71911,16.307078],[98.718812,16.306775],[98.71872,16.306415],[98.718791,16.306215],[98.719901,16.30557],[98.719911,16.305352],[98.719747,16.304925],[98.719747,16.304318],[98.720014,16.303607],[98.71987,16.301653],[98.720168,16.301606],[98.720322,16.301369],[98.720322,16.301208],[98.719747,16.30099],[98.719613,16.300762],[98.719243,16.300439],[98.719233,16.30024],[98.71948,16.299994],[98.7191,16.299443],[98.719079,16.298694],[98.719151,16.298457],[98.719398,16.298391],[98.719593,16.298505],[98.719932,16.299074],[98.720065,16.299112],[98.72024,16.29895],[98.720332,16.298353],[98.719624,16.297879],[98.719603,16.297708],[98.71988,16.297338],[98.71985,16.297205],[98.719305,16.296333],[98.718802,16.295972],[98.71872,16.295289],[98.718627,16.295204],[98.717518,16.295204],[98.716727,16.295308],[98.716573,16.295583],[98.716377,16.295659],[98.716347,16.2962],[98.716192,16.296627],[98.716059,16.296703],[98.715514,16.296589],[98.715124,16.296949],[98.714929,16.296779],[98.714723,16.296228],[98.713696,16.295821],[98.713255,16.295252],[98.712979,16.29506],[98.712811,16.295049],[98.712728,16.295171],[98.712731,16.2953],[98.712835,16.295348],[98.71291,16.295547],[98.712705,16.296094],[98.711621,16.295622],[98.711272,16.295147],[98.711149,16.295128],[98.710859,16.295275],[98.710561,16.295631],[98.710225,16.295532],[98.71012,16.295424],[98.71021,16.295128],[98.71006,16.294958],[98.71007,16.294777],[98.710214,16.294664],[98.710378,16.294654],[98.710378,16.294436],[98.709813,16.293696],[98.709443,16.293525],[98.709207,16.293497],[98.709094,16.293563],[98.708981,16.29381],[98.708694,16.294066],[98.708211,16.294076],[98.707738,16.294227],[98.707677,16.294588],[98.707481,16.294844],[98.707163,16.294853],[98.706896,16.29474],[98.706814,16.294597],[98.706618,16.293573],[98.706392,16.293127],[98.706392,16.292947],[98.706598,16.292425],[98.70631,16.291828],[98.706495,16.291003],[98.706136,16.290548],[98.706136,16.290377],[98.706259,16.29014],[98.706577,16.289846],[98.707317,16.289684],[98.707389,16.289391],[98.707379,16.28885],[98.706968,16.288186],[98.706269,16.287997],[98.706166,16.287873],[98.706197,16.287608],[98.706629,16.28701],[98.706588,16.286318],[98.706362,16.285967],[98.706115,16.285872],[98.70588,16.286176],[98.705704,16.286223],[98.70556,16.286213],[98.705386,16.286062],[98.705355,16.285692],[98.705786,16.28535],[98.705601,16.284412],[98.705663,16.283463],[98.70556,16.283331],[98.705211,16.283179],[98.704862,16.283179],[98.704574,16.283046],[98.704677,16.282667],[98.705293,16.282249],[98.705889,16.282212],[98.706156,16.282098],[98.7063,16.281567],[98.70632,16.281073],[98.706074,16.280523],[98.705478,16.280239],[98.704348,16.279158],[98.703876,16.279196],[98.703773,16.27929],[98.703436,16.279232],[98.703402,16.278349],[98.70253,16.277482],[98.70258,16.277141],[98.702714,16.277048],[98.702949,16.277141],[98.70362,16.277141],[98.703889,16.276971],[98.704056,16.276738],[98.703939,16.275422],[98.70404,16.274926],[98.704174,16.27474],[98.704241,16.274291],[98.70419,16.273904],[98.704006,16.273765],[98.703536,16.273982],[98.703184,16.273718],[98.702949,16.273316],[98.702999,16.273052],[98.703654,16.273037],[98.703771,16.272913],[98.703972,16.272541],[98.70404,16.272154],[98.704023,16.272015],[98.703436,16.271875],[98.703318,16.271705],[98.703369,16.271147],[98.703234,16.270791],[98.702983,16.270714],[98.702245,16.271023],[98.701657,16.271023],[98.701523,16.27093],[98.701389,16.27028],[98.700835,16.269939],[98.700668,16.269676],[98.700097,16.269537],[98.699779,16.269087],[98.699779,16.268933],[98.699561,16.268716],[98.699141,16.268607],[98.698722,16.268623],[98.698403,16.268731],[98.698135,16.268933],[98.697933,16.26918],[98.697833,16.269955],[98.697497,16.27045],[98.697111,16.270683],[98.696994,16.270652],[98.69691,16.270404],[98.697128,16.269986],[98.696977,16.269707],[98.696927,16.269413],[98.696809,16.269335],[98.69582,16.269382],[98.695434,16.269769],[98.6954,16.270032],[98.695467,16.270203],[98.696038,16.270357],[98.695971,16.270683],[98.695803,16.270853],[98.695384,16.270869],[98.695266,16.270605],[98.694931,16.270373],[98.694897,16.269955],[98.694662,16.269924],[98.694511,16.270017],[98.694444,16.270203],[98.694595,16.270853],[98.694495,16.271116],[98.694075,16.271426],[98.692347,16.271611],[98.691995,16.27203],[98.691894,16.272339],[98.692079,16.273052],[98.692213,16.273222],[98.692549,16.273439],[98.693169,16.273485],[98.693354,16.273578],[98.693421,16.273888],[98.693438,16.275158],[98.693136,16.275561],[98.692834,16.2757],[98.692565,16.275716],[98.692247,16.276118],[98.691626,16.276165],[98.691408,16.276149],[98.690988,16.275607],[98.69072,16.27553],[98.688925,16.276413],[98.688506,16.276815],[98.688036,16.277125],[98.686643,16.277126],[98.686274,16.277451],[98.686274,16.277869],[98.686308,16.277977],[98.686895,16.278349],[98.686895,16.278581],[98.686358,16.279216],[98.686207,16.279247],[98.686073,16.279108],[98.686006,16.278845],[98.685805,16.278783],[98.685251,16.278876],[98.684798,16.279216],[98.684446,16.279232],[98.684228,16.278736],[98.68406,16.278643],[98.684077,16.278334],[98.683943,16.27821],[98.683708,16.278241],[98.683456,16.278473],[98.683406,16.278907],[98.682014,16.280874],[98.681628,16.28123],[98.681326,16.2814],[98.681091,16.281431],[98.680437,16.281431],[98.680051,16.281338],[98.67995,16.281137],[98.67995,16.280781],[98.67985,16.28044],[98.679967,16.280006],[98.67995,16.279588],[98.679682,16.279046],[98.678994,16.27869],[98.678793,16.278411],[98.67891,16.277482],[98.679598,16.27742],[98.679749,16.277203],[98.679967,16.277079],[98.680202,16.277095],[98.680604,16.277342],[98.681074,16.277373],[98.681527,16.27728],[98.68203,16.276568],[98.68198,16.276057],[98.681343,16.275546],[98.680957,16.274539],[98.680672,16.274307],[98.680252,16.274229],[98.680101,16.273827],[98.680168,16.273114],[98.679984,16.273037],[98.679581,16.273037],[98.678742,16.27313],[98.678038,16.273331],[98.677937,16.273098],[98.677937,16.272401],[98.678256,16.271441],[98.678172,16.271286],[98.677769,16.271023],[98.677384,16.270914],[98.676746,16.270899],[98.676427,16.270744],[98.675958,16.270791],[98.675454,16.27141],[98.675085,16.271627],[98.67475,16.272014],[98.67475,16.272293],[98.675203,16.272603],[98.675404,16.27299],[98.674263,16.273997],[98.673777,16.274291],[98.673576,16.274585],[98.673341,16.274724],[98.673291,16.274972],[98.673391,16.275205],[98.673592,16.275375],[98.67366,16.27584],[98.673559,16.27601],[98.673576,16.276428],[98.674062,16.276506],[98.674599,16.276722],[98.67475,16.277001],[98.674633,16.277388],[98.674448,16.277667],[98.674398,16.278132],[98.674482,16.278395],[98.674649,16.278519],[98.675488,16.278689],[98.675891,16.278968],[98.675907,16.280533],[98.674431,16.281694],[98.674381,16.282964],[98.674213,16.283707],[98.673659,16.284327],[98.673408,16.284466],[98.672535,16.284683],[98.671411,16.284621],[98.671193,16.284745],[98.670841,16.285148],[98.67064,16.285163],[98.670455,16.284946],[98.670388,16.284652],[98.66923,16.283475],[98.668828,16.283367],[98.668442,16.283413],[98.66814,16.283707],[98.668173,16.284187],[98.668425,16.284466],[98.669063,16.284915],[98.66913,16.285086],[98.669079,16.28538],[98.668744,16.285783],[98.66861,16.286154],[98.668626,16.286712],[98.66871,16.286774],[98.669499,16.28682],[98.669532,16.287409],[98.669969,16.287796],[98.670052,16.287936],[98.670052,16.288183],[98.669985,16.288245],[98.669079,16.288292],[98.668626,16.288664],[98.668459,16.289035],[98.668341,16.289097],[98.667922,16.28902],[98.66767,16.28888],[98.667368,16.288896],[98.666982,16.289082],[98.666848,16.289422],[98.667402,16.28998],[98.667519,16.290243],[98.667553,16.290692],[98.667335,16.290955],[98.666009,16.291652],[98.665858,16.291931],[98.665858,16.292442],[98.666211,16.292829],[98.666613,16.292829],[98.667167,16.292597],[98.66772,16.292241],[98.668056,16.2919],[98.668593,16.291652],[98.668878,16.291637],[98.669146,16.291745],[98.669482,16.292256],[98.669583,16.29255],[98.669566,16.29334],[98.669247,16.293805],[98.669029,16.294487],[98.668979,16.29492],[98.669029,16.295091],[98.669398,16.295462],[98.669767,16.295695],[98.670103,16.296206],[98.670153,16.296624],[98.670019,16.296918],[98.669834,16.297213],[98.669482,16.29746],[98.669331,16.297755],[98.669364,16.298854],[98.669247,16.299366],[98.669297,16.299954],[98.669884,16.300388],[98.670019,16.300589],[98.670035,16.300837],[98.669801,16.301116],[98.66923,16.3011],[98.669096,16.301162],[98.668928,16.301332],[98.668928,16.301658],[98.669767,16.302401],[98.669918,16.303114],[98.669968,16.303996],[98.669834,16.304244],[98.668945,16.304646],[98.668475,16.305374],[98.668408,16.305684],[98.668442,16.305823],[98.668744,16.306025],[98.669398,16.306118],[98.67027,16.305684],[98.670438,16.305483],[98.671025,16.30539],[98.671129,16.305555],[98.670936,16.305832],[98.670002,16.306551],[98.669532,16.307418],[98.669415,16.30748],[98.668777,16.307356],[98.668526,16.307403],[98.667788,16.30779],[98.667385,16.308255],[98.667268,16.308642],[98.667268,16.309091],[98.667284,16.309277],[98.667486,16.309602],[98.667804,16.309773],[98.668375,16.309711],[98.668576,16.309277],[98.668878,16.309138],[98.669515,16.309463],[98.669801,16.309742],[98.670321,16.309989],[98.670354,16.310222],[98.670119,16.310609],[98.670086,16.310841],[98.670254,16.311259],[98.670522,16.3116],[98.670472,16.312359],[98.670337,16.312824],[98.670069,16.313196],[98.6697,16.313149],[98.669264,16.312901],[98.668962,16.312886],[98.668844,16.313072],[98.668844,16.313258],[98.669465,16.314435],[98.66975,16.314806],[98.670354,16.316154],[98.67069,16.316479],[98.671294,16.316557],[98.671428,16.31665],[98.671663,16.317083],[98.671596,16.317563],[98.67131,16.317951],[98.670857,16.31826],[98.670438,16.318322],[98.669834,16.317889],[98.669745,16.317703],[98.669256,16.317515],[98.668752,16.317515],[98.668115,16.317825],[98.667847,16.317825],[98.667746,16.317004],[98.667592,16.316803],[98.667351,16.316727],[98.666815,16.316247],[98.666429,16.316262],[98.665909,16.316619],[98.665036,16.316495],[98.664818,16.316588],[98.664718,16.316789],[98.664735,16.317811],[98.664617,16.31809],[98.663359,16.318864],[98.66299,16.319329],[98.663141,16.319794],[98.66356,16.320057],[98.664617,16.320227],[98.664852,16.320351],[98.664953,16.320816],[98.664835,16.321017],[98.664768,16.321621],[98.664785,16.321729],[98.664986,16.3219],[98.665556,16.321962],[98.665926,16.321884],[98.666764,16.32142],[98.667117,16.321435],[98.667368,16.321729],[98.667922,16.322875],[98.668006,16.323634],[98.66772,16.323913],[98.667335,16.324114],[98.666345,16.324099],[98.666244,16.324223],[98.666295,16.324439],[98.666915,16.325214],[98.667284,16.325554],[98.667939,16.32588],[98.668475,16.325911],[98.668777,16.326019],[98.668811,16.326282],[98.668643,16.326623],[98.66762,16.327072],[98.66715,16.327645],[98.6671,16.328094],[98.667217,16.328311],[98.667284,16.328946],[98.66715,16.330154],[98.667234,16.330603],[98.666479,16.331842],[98.666244,16.33288],[98.666412,16.334971],[98.666983,16.336457],[98.667167,16.337464],[98.667184,16.338223],[98.666697,16.340097],[98.666496,16.341584],[98.665708,16.343024],[98.665557,16.343566],[98.665523,16.344263],[98.665557,16.344527],[98.666278,16.345394],[98.666463,16.346091],[98.666446,16.346819],[98.665003,16.348708],[98.664164,16.349126],[98.663309,16.349095],[98.662973,16.348848],[98.661872,16.348376],[98.661405,16.348371],[98.660311,16.348628],[98.660096,16.348839],[98.659946,16.349215],[98.659893,16.349714],[98.660004,16.350118],[98.659995,16.350754],[98.659544,16.351263],[98.659179,16.351377],[98.657957,16.351031],[98.657706,16.351031],[98.657404,16.350721],[98.657337,16.350505],[98.6569,16.35021],[98.656263,16.350056],[98.655558,16.350056],[98.654854,16.350365],[98.653109,16.351604],[98.652841,16.351914],[98.652622,16.352417],[98.652522,16.352905],[98.652522,16.35416],[98.652656,16.35464],[98.653025,16.355383],[98.653244,16.355616],[98.653998,16.356065],[98.655558,16.357381],[98.656347,16.357862],[98.656699,16.358326],[98.656867,16.358806],[98.657018,16.35893],[98.658662,16.359891],[98.659367,16.359922],[98.660222,16.359829],[98.661078,16.359922],[98.661665,16.360092],[98.662101,16.360371],[98.663057,16.361672],[98.663158,16.362864],[98.66346,16.363267],[98.664097,16.36387],[98.664467,16.364738],[98.664433,16.365218],[98.664114,16.36545],[98.663795,16.365822],[98.66351,16.36655],[98.663091,16.367076],[98.662521,16.368006],[98.661967,16.368594],[98.661128,16.369105],[98.659681,16.369456],[98.656454,16.370511],[98.655698,16.370683],[98.654415,16.370636],[98.65387,16.370716],[98.653261,16.37101],[98.653268,16.371968],[98.654188,16.374093],[98.655277,16.374775],[98.656964,16.375309],[98.657547,16.375887],[98.657918,16.37685],[98.658122,16.377706],[98.657669,16.378711],[98.653923,16.382547],[98.653529,16.386587],[98.652607,16.389473],[98.65116,16.391446],[98.649748,16.391507],[98.649496,16.392668],[98.648754,16.393356],[98.648628,16.39434],[98.649996,16.39584],[98.65099,16.395997],[98.653074,16.397756],[98.655297,16.398973],[98.656059,16.400038],[98.654671,16.401681],[98.653409,16.401693],[98.651535,16.400546],[98.648733,16.401766],[98.646749,16.403369],[98.646103,16.403536],[98.645324,16.402692],[98.644486,16.402923],[98.642635,16.40482],[98.64242,16.406333],[98.642772,16.406983],[98.641781,16.410026],[98.640266,16.411143],[98.639148,16.411131],[98.637899,16.411821],[98.63762,16.412478],[98.637962,16.413196],[98.641428,16.415617],[98.641229,16.416315],[98.640057,16.417161],[98.640058,16.418992],[98.638847,16.423091],[98.636921,16.425333],[98.63747,16.427093],[98.638266,16.427416],[98.63886,16.430356],[98.639166,16.431489],[98.640249,16.432679],[98.640624,16.433358],[98.641401,16.43414],[98.642342,16.434752],[98.642966,16.436809],[98.64368,16.437261],[98.643711,16.438444],[98.644154,16.438664],[98.645006,16.440911],[98.647259,16.441875],[98.649379,16.444921],[98.6495,16.447126],[98.651555,16.448863],[98.651768,16.450367],[98.652889,16.450912],[98.654153,16.45002],[98.65474,16.450063],[98.65651,16.451807],[98.657078,16.452537],[98.657322,16.454088],[98.657674,16.454293],[98.658097,16.454916],[98.657606,16.455537],[98.657244,16.456268],[98.657128,16.456796],[98.656579,16.457575],[98.654869,16.457928],[98.653291,16.459505],[98.651311,16.463798],[98.651219,16.464707],[98.651919,16.46667],[98.651831,16.468309],[98.651875,16.47146],[98.650804,16.472703],[98.648699,16.473077],[98.647489,16.474099],[98.646199,16.473581],[98.645362,16.473012],[98.64447,16.472528],[98.644083,16.473224],[98.644159,16.475925],[98.643924,16.477259],[98.642184,16.479444],[98.640796,16.478369],[98.638825,16.478386],[98.638412,16.478683],[98.636867,16.47865],[98.635886,16.478039],[98.63424,16.477773],[98.633511,16.47952],[98.63344,16.482429],[98.632663,16.484834],[98.63142,16.485736],[98.630297,16.486681],[98.629656,16.487515],[98.629245,16.488629],[98.629054,16.490206],[98.628611,16.492385],[98.627509,16.495985],[98.626429,16.497201],[98.625208,16.496888],[98.621448,16.498459],[98.618379,16.501187],[98.617723,16.502164],[98.617002,16.502939],[98.616295,16.503961],[98.613572,16.507367],[98.612241,16.510957],[98.611673,16.514565],[98.609497,16.517027],[98.608691,16.518546],[98.607952,16.521307],[98.607092,16.523456],[98.605699,16.52572],[98.603078,16.528486],[98.600321,16.529777],[98.598432,16.531627],[98.597545,16.532914],[98.597638,16.535231],[98.597771,16.535659],[98.597238,16.537068],[98.597083,16.539921],[98.596202,16.542248],[98.596562,16.543101],[98.598463,16.544969],[98.598362,16.545889],[98.597626,16.546984],[98.596203,16.547299],[98.593626,16.546004],[98.592232,16.545747],[98.588989,16.545979],[98.585147,16.547122],[98.58471,16.548849],[98.584812,16.550504],[98.585635,16.551184],[98.58792,16.554206],[98.587995,16.556041],[98.585904,16.558967],[98.585185,16.559251],[98.582361,16.559101],[98.580648,16.55752],[98.579068,16.55699],[98.578539,16.557459],[98.577406,16.557761],[98.576837,16.558518],[98.576559,16.560017],[98.576427,16.561328],[98.577016,16.562394],[98.577659,16.562525],[98.578551,16.563365],[98.57844,16.564864],[98.577911,16.565503],[98.577277,16.56585],[98.577265,16.566056],[98.577167,16.566175],[98.577176,16.566479],[98.576866,16.567117],[98.575794,16.567833],[98.575221,16.568006],[98.575014,16.568493],[98.574423,16.56848],[98.573724,16.568705],[98.572962,16.569649],[98.572848,16.570759],[98.573179,16.571819],[98.573821,16.572811],[98.574608,16.573485],[98.575489,16.573777],[98.576361,16.573437],[98.57727,16.572799],[98.578047,16.57153],[98.578402,16.570486],[98.578546,16.569222],[98.57834,16.567875],[98.578504,16.567469],[98.578815,16.567344],[98.579867,16.567773],[98.581206,16.567856],[98.582,16.567523],[98.582499,16.567194],[98.584111,16.567017],[98.586294,16.567122],[98.586883,16.567411],[98.58704,16.567923],[98.58573,16.569533],[98.581712,16.572024],[98.580226,16.573208],[98.579502,16.574169],[98.579228,16.574773],[98.579255,16.575475],[98.579721,16.575933],[98.580827,16.575964],[98.582146,16.575748],[98.582667,16.575825],[98.582892,16.576056],[98.584482,16.579805],[98.586078,16.583084],[98.586035,16.583542],[98.58581,16.583943],[98.585193,16.586128],[98.584979,16.586334],[98.583621,16.586956],[98.582956,16.587922],[98.582874,16.588161],[98.583381,16.589693],[98.584185,16.591465],[98.584565,16.592688],[98.584571,16.592984],[98.584367,16.593321],[98.582063,16.595102],[98.58191,16.595439],[98.581889,16.595878],[98.582082,16.596436],[98.582908,16.598076],[98.583305,16.600528],[98.582399,16.601145],[98.579338,16.599574],[98.578362,16.599639],[98.576835,16.599554],[98.57635,16.599675],[98.576151,16.599862],[98.576066,16.600446],[98.576208,16.601515],[98.576953,16.604471],[98.577144,16.605697],[98.577077,16.606006],[98.576884,16.606296],[98.576336,16.606569],[98.575006,16.60645],[98.57429,16.606201],[98.573163,16.605597],[98.572085,16.605342],[98.571506,16.605378],[98.571087,16.605656],[98.570568,16.606582],[98.57043,16.607584],[98.570696,16.608779],[98.571069,16.6113],[98.570967,16.61173],[98.570623,16.612362],[98.569553,16.613781],[98.569229,16.614416],[98.568789,16.616009],[98.56877,16.6165],[98.568926,16.616945],[98.569276,16.617269],[98.569787,16.617433],[98.572203,16.618716],[98.57264,16.61906],[98.573727,16.620209],[98.573815,16.620664],[98.573166,16.622787],[98.572882,16.623152],[98.572308,16.623537],[98.571541,16.624478],[98.571326,16.624997],[98.57109,16.62657],[98.570854,16.627325],[98.570784,16.628086],[98.570827,16.628811],[98.571219,16.630312],[98.571197,16.631129],[98.571069,16.631633],[98.570682,16.632116],[98.570125,16.632496],[98.568934,16.632609],[98.567496,16.632316],[98.566783,16.632013],[98.56387,16.629947],[98.562405,16.629736],[98.561193,16.629859],[98.560624,16.630368],[98.559736,16.632085],[98.559688,16.632268],[98.55988,16.632676],[98.559769,16.634588],[98.55953,16.635339],[98.559355,16.635547],[98.558964,16.635696],[98.558207,16.63574],[98.55695,16.635537],[98.555686,16.634969],[98.553921,16.633594],[98.553208,16.633573],[98.552341,16.634154],[98.551266,16.63502],[98.549466,16.636783],[98.548648,16.636963],[98.547256,16.6376],[98.546221,16.637757],[98.54559,16.637749],[98.543721,16.638425],[98.543251,16.638451],[98.543015,16.638369],[98.541857,16.637315],[98.541304,16.636539],[98.540939,16.636259],[98.540446,16.636112],[98.540127,16.635842],[98.538981,16.634108],[98.538668,16.63392],[98.538314,16.633889],[98.537088,16.634177],[98.535822,16.634707],[98.535336,16.635079],[98.534918,16.635657],[98.534164,16.636133],[98.533531,16.636282],[98.53307,16.636554],[98.532281,16.637569],[98.53178,16.63778],[98.530283,16.640191],[98.529961,16.640571],[98.529505,16.640854],[98.528153,16.641409],[98.527177,16.64165],[98.525509,16.641661],[98.524811,16.641496],[98.524388,16.641311],[98.523894,16.64127],[98.523636,16.641388],[98.523556,16.641882],[98.52324,16.642709],[98.523014,16.642997],[98.522837,16.643788],[98.52281,16.644277],[98.523663,16.645731],[98.523814,16.646425],[98.523669,16.647319],[98.523486,16.647795],[98.52244,16.649689],[98.522011,16.650198],[98.521523,16.650413],[98.521045,16.650491],[98.519812,16.65048],[98.518556,16.649807],[98.518117,16.649776],[98.517811,16.649599],[98.516499,16.648178],[98.516126,16.64807],[98.51556,16.648061],[98.515339,16.647939],[98.514045,16.646595],[98.51338,16.646158],[98.512725,16.645916],[98.512095,16.645808],[98.511513,16.645839],[98.511169,16.646101],[98.510555,16.647521],[98.510683,16.647878],[98.511014,16.648114],[98.51177,16.649046],[98.512382,16.652133],[98.513554,16.653818],[98.514584,16.656588],[98.515005,16.658282],[98.515171,16.659608],[98.514596,16.666265],[98.514973,16.667938],[98.515381,16.67078],[98.515579,16.671371],[98.516153,16.672409],[98.517328,16.673889],[98.517864,16.674801],[98.518251,16.675667],[98.518379,16.676962],[98.51839,16.677759],[98.51817,16.678334],[98.516943,16.680419],[98.516126,16.68134],[98.515828,16.682067],[98.515622,16.683152],[98.51476,16.685569],[98.514606,16.686225],[98.514616,16.687191],[98.514862,16.687888],[98.516382,16.690622],[98.516364,16.693612],[98.515799,16.694826],[98.515039,16.69515],[98.514103,16.69586],[98.513213,16.696912],[98.513055,16.69729],[98.512926,16.698518],[98.512537,16.699623],[98.511819,16.700535],[98.510778,16.700933],[98.510282,16.700933],[98.509314,16.700746],[98.507241,16.699904],[98.506945,16.6997],[98.506417,16.698966],[98.503575,16.697243],[98.502515,16.696854],[98.501486,16.696286],[98.500777,16.695333],[98.500348,16.694375],[98.500428,16.692154],[98.500346,16.691746],[98.499853,16.691188],[98.499032,16.690873],[98.497264,16.690417],[98.496818,16.690475],[98.495175,16.691122],[98.494988,16.691447],[98.494992,16.691634],[98.495163,16.691998],[98.496924,16.69339],[98.497266,16.693864],[98.498085,16.694455],[98.498557,16.694981],[98.498756,16.695451],[98.49883,16.696542],[98.49844,16.697125],[98.497903,16.698621],[98.497235,16.699472],[98.496835,16.699854],[98.496581,16.70026],[98.496548,16.701542],[98.496796,16.703123],[98.497521,16.704348],[98.498334,16.705363],[98.498821,16.706187],[98.499245,16.707121],[98.499476,16.708168],[98.499756,16.708628],[98.500471,16.709245],[98.501885,16.709845],[98.502839,16.710514],[98.502968,16.710876],[98.502995,16.711365],[98.502604,16.713183],[98.501907,16.714631],[98.500794,16.715944],[98.498459,16.716636],[98.497594,16.716741],[98.497202,16.716697],[98.495027,16.716118],[98.494464,16.715591],[98.493807,16.714453],[98.493684,16.7138],[98.492829,16.711694],[98.4926,16.710763],[98.492492,16.709774],[98.492188,16.708871],[98.491565,16.708432],[98.491238,16.708522],[98.49064,16.708941],[98.489955,16.709772],[98.489902,16.709988],[98.490012,16.712334],[98.489854,16.712768],[98.489379,16.713596],[98.488966,16.713896],[98.488498,16.713949],[98.487558,16.714578],[98.486702,16.715447],[98.485796,16.716154],[98.484791,16.716514],[98.483979,16.716649],[98.482927,16.71574],[98.482023,16.71539],[98.4781,16.714571],[98.476754,16.713889],[98.474832,16.714516],[98.47368,16.714373],[98.472192,16.713654],[98.47169,16.712795],[98.470939,16.712452],[98.470059,16.712921],[98.469913,16.713684],[98.470262,16.714384],[98.470553,16.715547],[98.470932,16.716538],[98.471953,16.717471],[98.473032,16.717938],[98.474489,16.718025],[98.476178,16.717734],[98.476965,16.717379],[98.47815,16.717179],[98.478322,16.717984],[98.478113,16.718596],[98.477054,16.719512],[98.476254,16.720734],[98.475819,16.722198],[98.47466,16.72306],[98.469772,16.725603],[98.469195,16.727871],[98.468503,16.728417],[98.46766,16.728591],[98.465798,16.728035],[98.465241,16.727964],[98.4641,16.728084],[98.463595,16.728921],[98.463173,16.730221],[98.463968,16.732459],[98.465502,16.734157],[98.468943,16.73683],[98.46914,16.737683],[98.468802,16.738796],[98.466929,16.741712],[98.463741,16.745156],[98.462531,16.746777],[98.462234,16.747556],[98.46217,16.74925],[98.462661,16.750344],[98.464592,16.752],[98.466104,16.752328],[98.470223,16.75105],[98.471569,16.750357],[98.472378,16.749721],[98.473227,16.747486],[98.474476,16.745675],[98.475974,16.745204],[98.477197,16.745134],[98.478386,16.745586],[98.479493,16.747108],[98.479858,16.748004],[98.479702,16.74892],[98.477096,16.751447],[98.476514,16.752287],[98.476074,16.75574],[98.476571,16.762479],[98.476926,16.763847],[98.478129,16.764839],[98.482175,16.767406],[98.48576,16.770796],[98.488139,16.772669],[98.488484,16.773498],[98.488365,16.774432],[98.488056,16.775192],[98.486959,16.776724],[98.485544,16.777853],[98.483519,16.781787],[98.483181,16.783818],[98.483678,16.786297],[98.48528,16.789375],[98.487211,16.790983],[98.489814,16.791787],[98.490612,16.791515],[98.49112,16.791141],[98.491145,16.78921],[98.49169,16.788098],[98.492117,16.78796],[98.492699,16.788231],[98.493826,16.790657],[98.494399,16.791177],[98.495557,16.790932],[98.496642,16.790187],[98.498704,16.787229],[98.49906,16.786433],[98.499842,16.785548],[98.501634,16.785527],[98.506118,16.787403],[98.506946,16.788225],[98.507095,16.793398],[98.506618,16.796391],[98.50945,16.797903],[98.511832,16.79796],[98.514065,16.79702],[98.515198,16.795194],[98.515019,16.79215],[98.515185,16.791042],[98.520341,16.790222],[98.523041,16.792438],[98.525684,16.796248],[98.526367,16.798889],[98.52554,16.800386],[98.519781,16.798027],[98.517009,16.798013],[98.51454,16.800438],[98.513795,16.803306],[98.516338,16.806093],[98.517481,16.806286],[98.521742,16.808471],[98.526172,16.808599],[98.534627,16.81104],[98.537847,16.811104],[98.54084,16.812154],[98.544786,16.812072],[98.545796,16.812126],[98.546415,16.812339],[98.54708,16.812903],[98.547434,16.813537],[98.547547,16.814229],[98.547365,16.815883],[98.5471,16.816615],[98.546731,16.81723],[98.544206,16.818528],[98.542426,16.81891],[98.541752,16.819258],[98.541346,16.819909],[98.540647,16.821747],[98.540347,16.82367],[98.54022,16.825262],[98.539841,16.826601],[98.538639,16.828184],[98.537654,16.828952],[98.536224,16.829566],[98.535252,16.829713],[98.532595,16.829841],[98.530992,16.829431],[98.526975,16.827208],[98.526392,16.826986],[98.525656,16.827007],[98.525372,16.82726],[98.525376,16.828042],[98.524964,16.82921],[98.524941,16.83019],[98.524279,16.832741],[98.523708,16.834027],[98.522314,16.835098],[98.519212,16.836551],[98.513614,16.837567],[98.510745,16.837761],[98.5084,16.837388],[98.507343,16.836749],[98.504325,16.832567],[98.503711,16.832275],[98.502912,16.832371],[98.50149,16.832918],[98.498701,16.834549],[98.495298,16.83869],[98.493085,16.840547],[98.492142,16.842008],[98.49201,16.842798],[98.492065,16.843585],[98.492519,16.845428],[98.49571,16.850762],[98.49659,16.857781],[98.497681,16.861088],[98.499479,16.863055],[98.505166,16.866933],[98.505976,16.867143],[98.507392,16.866601],[98.508521,16.865963],[98.509343,16.864872],[98.510495,16.862652],[98.51083,16.860081],[98.510835,16.856457],[98.511343,16.855684],[98.512185,16.855545],[98.513259,16.855689],[98.514909,16.856399],[98.516192,16.858615],[98.516058,16.859932],[98.513089,16.868932],[98.511216,16.872275],[98.509591,16.874033],[98.508378,16.875969],[98.50805,16.877883],[98.508109,16.879237],[98.50922,16.880017],[98.513966,16.880642],[98.518648,16.879344],[98.52199,16.876504],[98.52295,16.875441],[98.524302,16.871654],[98.525283,16.871106],[98.530484,16.869136],[98.531518,16.868499],[98.53261,16.86723],[98.533817,16.864534],[98.534827,16.861092],[98.535226,16.860481],[98.536009,16.860039],[98.536985,16.859799],[98.538011,16.85973],[98.53876,16.859925],[98.539792,16.860663],[98.540143,16.861465],[98.539843,16.862373],[98.536859,16.865941],[98.534297,16.87301],[98.533318,16.8743],[98.531769,16.875811],[98.529967,16.876986],[98.527502,16.880843],[98.525873,16.884848],[98.528661,16.890402],[98.53077,16.89258],[98.53509,16.89352],[98.536149,16.894127],[98.536414,16.896912],[98.535784,16.898482],[98.53407,16.899763],[98.532269,16.900376],[98.529616,16.900505],[98.527183,16.900032],[98.525582,16.899966],[98.513452,16.901623],[98.512711,16.902144],[98.512595,16.903053],[98.512683,16.904263],[98.513286,16.905051],[98.515229,16.905532],[98.517597,16.906873],[98.520475,16.909668],[98.52166,16.911838],[98.522263,16.913643],[98.522436,16.915008],[98.52224,16.916588],[98.521514,16.917607],[98.520873,16.918063],[98.519828,16.918222],[98.517576,16.91789],[98.515837,16.917026],[98.513987,16.916653],[98.50971,16.916694],[98.509105,16.916428],[98.508771,16.915552],[98.509311,16.912228],[98.509301,16.910981],[98.50888,16.910509],[98.508199,16.910438],[98.506878,16.91083],[98.505536,16.911744],[98.502401,16.91501],[98.501103,16.917371],[98.500952,16.919175],[98.501533,16.920995],[98.504609,16.923981],[98.505822,16.925],[98.505983,16.926127],[98.505592,16.927672],[98.504666,16.928243],[98.50245,16.928876],[98.500086,16.928805],[98.497372,16.927587],[98.495115,16.925702],[98.493548,16.923299],[98.492274,16.922542],[98.490691,16.922521],[98.489627,16.923176],[98.489145,16.924169],[98.48947,16.925943],[98.491544,16.932118],[98.491351,16.934083],[98.490422,16.935278],[98.488761,16.935908],[98.486954,16.936114],[98.484023,16.935542],[98.483065,16.935766],[98.48261,16.936624],[98.482245,16.938967],[98.482334,16.939765],[98.484583,16.942078],[98.48673,16.943038],[98.488106,16.943101],[98.490589,16.94431],[98.492788,16.946043],[98.494466,16.948891],[98.495685,16.950048],[98.497478,16.950795],[98.499929,16.950807],[98.501017,16.950389],[98.501845,16.949467],[98.503878,16.944742],[98.504759,16.944379],[98.506318,16.944678],[98.507418,16.944656],[98.508342,16.944911],[98.508494,16.947968],[98.507049,16.949975],[98.505129,16.95137],[98.500151,16.957139],[98.499436,16.957682],[98.497821,16.957814],[98.4892,16.95719],[98.488457,16.957398],[98.488084,16.957981],[98.48791,16.961178],[98.489405,16.966094],[98.489934,16.968647],[98.489837,16.96957],[98.489252,16.970288],[98.487725,16.971342],[98.485542,16.972113],[98.482165,16.972042],[98.477954,16.971375],[98.47714,16.970796],[98.475126,16.968646],[98.47444,16.96842],[98.473748,16.968518],[98.46985,16.970586],[98.469304,16.971105],[98.468609,16.971951],[98.468294,16.974329],[98.468548,16.974906],[98.469403,16.975269],[98.470346,16.974939],[98.473517,16.97608],[98.477534,16.975827],[98.478149,16.975976],[98.478919,16.976785],[98.480521,16.980445],[98.480455,16.980824],[98.479946,16.981507],[98.478513,16.982455],[98.476455,16.982752],[98.473607,16.985496],[98.471958,16.988938],[98.471744,16.990389],[98.471936,16.991165],[98.473117,16.994059],[98.47316,16.994742],[98.472966,16.995504],[98.472648,16.995864],[98.47,16.997362],[98.467808,16.996434],[98.465515,16.993309],[98.462652,16.992076],[98.457588,16.991955],[98.454196,16.995169],[98.453478,16.99493],[98.452625,16.99496],[98.450252,16.996402],[98.44824,16.996763],[98.447636,16.997644],[98.450278,17.000621],[98.450309,17.003113],[98.451002,17.004468],[98.453484,17.007322],[98.45474,17.009635],[98.455901,17.010835],[98.455901,17.011609],[98.452698,17.014792],[98.452163,17.016237],[98.452257,17.018169],[98.454681,17.018681],[98.456185,17.019909],[98.456434,17.020534],[98.455134,17.022721],[98.452907,17.02428],[98.449722,17.024357],[98.444735,17.022945],[98.441027,17.020906],[98.436236,17.021154],[98.435234,17.021963],[98.433297,17.021903],[98.431698,17.021453],[98.430373,17.021755],[98.430467,17.023354],[98.431975,17.024466],[98.433763,17.025066],[98.435264,17.025185],[98.436638,17.026739],[98.438297,17.030509],[98.438547,17.03389],[98.438172,17.036013],[98.437519,17.036846],[98.436806,17.036816],[98.436273,17.036457],[98.435484,17.036517],[98.432759,17.038584],[98.430319,17.039182],[98.4281,17.039122],[98.426189,17.037804],[98.424364,17.037804],[98.423733,17.038559],[98.423764,17.040361],[98.424953,17.042844],[98.42408,17.044155],[98.422329,17.045291],[98.420896,17.045738],[98.419521,17.044035],[98.417386,17.042924],[98.416157,17.043196],[98.413116,17.04847],[98.41274,17.04988],[98.41266,17.051307],[98.412708,17.052396],[98.412521,17.053498],[98.410433,17.054631],[98.409901,17.054242],[98.404264,17.056398],[98.401515,17.05353],[98.401296,17.050512],[98.401642,17.049941],[98.400416,17.047628],[98.399126,17.047267],[98.395517,17.047717],[98.394106,17.050385],[98.393451,17.051041],[98.39192,17.051489],[98.391195,17.051519],[98.390502,17.052724],[98.39066,17.053779],[98.392289,17.055037],[98.392853,17.057551],[98.393541,17.058209],[98.39351,17.059158],[98.39045,17.06083],[98.388635,17.059962],[98.386946,17.060022],[98.383623,17.057026],[98.380018,17.059483],[98.377427,17.058826],[98.376929,17.058112],[98.376553,17.055865],[98.375637,17.05505],[98.372347,17.057057],[98.366999,17.053917],[98.365996,17.051821],[98.359722,17.048612],[98.359015,17.049483],[98.355986,17.049901],[98.355579,17.049512],[98.354194,17.049603],[98.353005,17.050261],[98.351257,17.049962],[98.350348,17.049243],[98.349408,17.049243],[98.346807,17.047835],[98.343733,17.048435],[98.341148,17.049845],[98.340134,17.051056],[98.337713,17.051185],[98.336885,17.053276],[98.334863,17.055316],[98.333965,17.056793],[98.332425,17.058078],[98.331751,17.058078],[98.330065,17.059126],[98.327816,17.059932],[98.327028,17.061437],[98.324449,17.063688],[98.323719,17.063635],[98.322956,17.064256],[98.322477,17.065361],[98.322645,17.066968],[98.320828,17.06785],[98.3199,17.067796],[98.317832,17.069679],[98.31533,17.07371],[98.315835,17.075857],[98.314717,17.077568],[98.313905,17.077621],[98.312579,17.078538],[98.311988,17.082812],[98.313957,17.087391],[98.313586,17.088885],[98.311942,17.089823],[98.310746,17.089747],[98.307874,17.090128],[98.305369,17.08832],[98.302144,17.088959],[98.30033,17.090973],[98.300223,17.092635],[98.301827,17.093632],[98.304755,17.09348],[98.305762,17.094214],[98.30749,17.097442],[98.307783,17.100114],[98.308451,17.100804],[98.30955,17.10147],[98.312325,17.099123],[98.313735,17.094901],[98.3149,17.094396],[98.316065,17.094598],[98.317603,17.095967],[98.317311,17.102144],[98.316911,17.10352],[98.318484,17.106425],[98.322822,17.109223],[98.323378,17.110869],[98.322691,17.111829],[98.319078,17.112743],[98.316632,17.111513],[98.314264,17.1119],[98.311454,17.112132],[98.308566,17.111495],[98.306805,17.110831],[98.304811,17.109072],[98.303824,17.107883],[98.3034,17.107503],[98.302574,17.107134],[98.302075,17.107078],[98.301555,17.10717],[98.301029,17.107509],[98.300632,17.107821],[98.299683,17.109421],[98.299409,17.110564],[98.299377,17.114973],[98.299602,17.116988],[98.300048,17.118798],[98.300364,17.121074],[98.300198,17.125822],[98.299461,17.127208],[98.298604,17.127769],[98.29755,17.127465],[98.294078,17.123463],[98.294102,17.119605],[98.295879,17.117365],[98.295359,17.115213],[98.293259,17.113277],[98.290989,17.112758],[98.289755,17.112098],[98.285762,17.111425],[98.284957,17.111549],[98.284078,17.112102],[98.283702,17.112923],[98.282973,17.113517],[98.280301,17.115066],[98.279743,17.115527],[98.279572,17.116891],[98.279958,17.119003],[98.280537,17.121084],[98.284673,17.128455],[98.285773,17.129815],[98.286679,17.130763],[98.286824,17.131625],[98.286695,17.138074],[98.284861,17.142923],[98.284929,17.143465],[98.286702,17.144633],[98.287865,17.144809],[98.290064,17.144533],[98.292328,17.143343],[98.295525,17.141272],[98.296298,17.141098],[98.297328,17.141498],[98.29825,17.142779],[98.298208,17.145137],[98.298014,17.147198],[98.295954,17.151046],[98.293154,17.152064],[98.290542,17.155301],[98.287358,17.15659],[98.283957,17.153984],[98.283009,17.15269],[98.278757,17.151966],[98.27665,17.152482],[98.273405,17.15088],[98.272397,17.151166],[98.269122,17.156571],[98.268555,17.158223],[98.267689,17.159154],[98.267444,17.159934],[98.269584,17.163894],[98.279996,17.167512],[98.280965,17.168489],[98.280533,17.1729],[98.279888,17.173722],[98.278133,17.174367],[98.273293,17.175039],[98.268125,17.176796],[98.267153,17.177699],[98.266133,17.177648],[98.26118,17.174519],[98.259251,17.176232],[98.259305,17.178048],[98.26139,17.180815],[98.265254,17.183733],[98.265228,17.186487],[98.263341,17.18762],[98.261291,17.187672],[98.25621,17.185529],[98.25191,17.182557],[98.250225,17.182323],[98.249435,17.183338],[98.249679,17.186494],[98.251545,17.191196],[98.252066,17.197679],[98.250434,17.198228],[98.246893,17.196797],[98.245596,17.196814],[98.244733,17.197474],[98.244118,17.199144],[98.244315,17.202134],[98.246106,17.206176],[98.247821,17.208305],[98.247721,17.210075],[98.245893,17.211485],[98.242656,17.211581],[98.238531,17.209994],[98.236101,17.207889],[98.233418,17.205836],[98.230841,17.202717],[98.229114,17.202883],[98.227908,17.204856],[98.227908,17.208631],[98.228596,17.211258],[98.234033,17.216874],[98.237054,17.218697],[98.238874,17.219287],[98.240932,17.219131],[98.243867,17.220623],[98.244903,17.222407],[98.24501,17.22476],[98.244217,17.226991],[98.24158,17.22994],[98.238813,17.230576],[98.238399,17.228823],[98.234853,17.227098],[98.230442,17.222145],[98.229642,17.22099],[98.228301,17.220456],[98.226295,17.221504],[98.221812,17.225313],[98.219447,17.22749],[98.217547,17.228574],[98.215821,17.228591],[98.213592,17.228444],[98.211794,17.230068],[98.210743,17.232075],[98.210532,17.23395],[98.209026,17.236501],[98.20851,17.238726],[98.209465,17.242186],[98.208512,17.244862],[98.20552,17.249526],[98.198397,17.254374],[98.19529,17.255153],[98.187323,17.255626],[98.185561,17.258145],[98.179671,17.258317],[98.175391,17.258254],[98.173487,17.259332],[98.172011,17.262863],[98.170726,17.263162],[98.167819,17.262233],[98.166091,17.263517],[98.164981,17.265947],[98.16719,17.268822],[98.168022,17.272609],[98.163477,17.275941],[98.162481,17.279218],[98.156737,17.282753],[98.153557,17.283009],[98.150456,17.286184],[98.150896,17.286843],[98.150585,17.287718],[98.147977,17.288529],[98.147403,17.288805],[98.147252,17.289413],[98.14731,17.291088],[98.146653,17.292117],[98.145862,17.292338],[98.144424,17.291393],[98.142485,17.291378],[98.141508,17.292185],[98.13711,17.291276],[98.13617,17.291387],[98.135698,17.291597],[98.134233,17.293312],[98.134244,17.293502],[98.134362,17.293681],[98.135017,17.293994],[98.136159,17.294998],[98.137543,17.297999],[98.137645,17.299449],[98.137216,17.300652],[98.136213,17.302291],[98.135542,17.304995],[98.134856,17.306076],[98.13433,17.306649],[98.134046,17.306865],[98.131798,17.306821],[98.129261,17.307121],[98.128649,17.30752],[98.128375,17.308616],[98.129384,17.309379],[98.129083,17.311254],[98.128805,17.314951],[98.126825,17.318511],[98.125339,17.320626],[98.124862,17.321035],[98.122893,17.321957],[98.121804,17.322213],[98.121048,17.322695],[98.120667,17.323115],[98.119824,17.323299],[98.119208,17.323227],[98.11836,17.322812],[98.117856,17.322275],[98.117545,17.321645],[98.117411,17.320964],[98.117175,17.320503],[98.116043,17.319433],[98.113056,17.31915],[98.112639,17.31943],[98.111621,17.320885],[98.111498,17.321881],[98.109009,17.325865],[98.108456,17.328669],[98.108444,17.329756],[98.105165,17.337687],[98.105644,17.339198],[98.104472,17.343271],[98.104898,17.346719],[98.107282,17.349348],[98.107372,17.350075],[98.106328,17.351211],[98.105138,17.353113],[98.105867,17.354416],[98.108238,17.355694],[98.108948,17.356689],[98.110066,17.358631],[98.110222,17.361404],[98.111165,17.363494],[98.113445,17.366448],[98.114811,17.367269],[98.116197,17.368259],[98.117333,17.369465],[98.119154,17.370688],[98.119423,17.371158],[98.11952,17.372192],[98.119463,17.373327],[98.118908,17.374524],[98.117672,17.375334],[98.116151,17.375787],[98.113075,17.375573],[98.112415,17.37542],[98.112076,17.374964],[98.111719,17.374918],[98.110723,17.375483],[98.109102,17.376611],[98.10884,17.377406],[98.108869,17.378696],[98.109107,17.379696],[98.108255,17.381226],[98.108085,17.382554],[98.110398,17.383616],[98.110399,17.385309],[98.107826,17.386656],[98.106135,17.38771],[98.10137,17.390961],[98.095027,17.390497],[98.093796,17.390847],[98.093239,17.391192],[98.090808,17.394208],[98.090463,17.394918],[98.089114,17.396372],[98.088184,17.39638],[98.087114,17.395469],[98.082942,17.39031],[98.080951,17.389645],[98.080095,17.390321],[98.07966,17.392702],[98.078761,17.395279],[98.075423,17.39985],[98.07361,17.399901],[98.072497,17.402223],[98.072311,17.403013],[98.071255,17.405431],[98.071632,17.406413],[98.071557,17.407539],[98.070616,17.408334],[98.069183,17.409045],[98.067553,17.409364],[98.065832,17.4104],[98.064357,17.413067],[98.064247,17.414923],[98.062139,17.417183],[98.061159,17.420573],[98.056613,17.423698],[98.053547,17.423845],[98.051049,17.425217],[98.049584,17.426775],[98.046601,17.428722],[98.045841,17.42945],[98.04553,17.430175],[98.045421,17.431978],[98.046227,17.433376],[98.048966,17.434568],[98.051898,17.433591],[98.055262,17.435542],[98.057347,17.438233],[98.055894,17.441659],[98.05347,17.44354],[98.052669,17.443451],[98.051449,17.442856],[98.049926,17.442683],[98.049006,17.442859],[98.048282,17.443312],[98.04347,17.448158],[98.042398,17.450594],[98.03838,17.451428],[98.037304,17.451355],[98.03684,17.451684],[98.036518,17.452027],[98.035902,17.452841],[98.033634,17.457244],[98.030099,17.461195],[98.029748,17.462425],[98.016632,17.478176],[98.015869,17.479599],[98.009808,17.48712],[98.007536,17.489481],[98.004728,17.492038],[98.004698,17.493238],[98.0029,17.494676],[98.001971,17.497524],[97.998553,17.500552],[97.997953,17.50289],[97.995737,17.504583],[97.992648,17.509874],[97.990641,17.511702],[97.989445,17.512449],[97.988928,17.512607],[97.988463,17.512479],[97.987867,17.511913],[97.987447,17.511163],[97.986192,17.510688],[97.98526,17.510591],[97.984382,17.510259],[97.982914,17.509],[97.981512,17.509454],[97.980242,17.510051],[97.979197,17.510171],[97.977608,17.509421],[97.975151,17.509691],[97.972514,17.507863],[97.971429,17.507832],[97.970338,17.508555],[97.968803,17.512086],[97.968155,17.514162],[97.965577,17.51614],[97.965215,17.517527],[97.965748,17.518417],[97.96663,17.518463],[97.967559,17.519478],[97.96756,17.520371],[97.967346,17.521597],[97.964378,17.524145],[97.963838,17.525824],[97.962162,17.52759],[97.959947,17.528458],[97.957456,17.528618],[97.95599,17.528127],[97.953889,17.529718],[97.949307,17.530805],[97.947593,17.530918],[97.946506,17.531235],[97.945252,17.53145],[97.942093,17.531495],[97.940361,17.531225],[97.939854,17.531259],[97.937651,17.531828],[97.935398,17.532924],[97.93494,17.53326],[97.934726,17.533656],[97.934579,17.534219],[97.934595,17.534894],[97.934798,17.536023],[97.933429,17.537332],[97.932904,17.537955],[97.93187,17.538481],[97.930788,17.538733],[97.930165,17.538738],[97.928941,17.538407],[97.927677,17.537879],[97.92695,17.537791],[97.92616,17.537901],[97.925452,17.538234],[97.924778,17.53869],[97.924269,17.539196],[97.923215,17.539551],[97.922789,17.539964],[97.922508,17.54054],[97.922328,17.541182],[97.9222,17.542281],[97.922185,17.543257],[97.922497,17.543699],[97.922542,17.544086],[97.922458,17.544853],[97.92241,17.548057],[97.92186,17.55098],[97.92073,17.553974],[97.919671,17.555767],[97.919442,17.556406],[97.919275,17.557368],[97.918983,17.557815],[97.91862,17.55811],[97.918415,17.558135],[97.917178,17.55773],[97.916895,17.557746],[97.916174,17.558252],[97.915705,17.558463],[97.914213,17.558725],[97.913791,17.558883],[97.913153,17.559772],[97.912823,17.560493],[97.912291,17.561307],[97.911745,17.561842],[97.910394,17.562778],[97.910166,17.563035],[97.90986,17.564159],[97.909857,17.564784],[97.909962,17.565154],[97.910159,17.565483],[97.91059,17.565921],[97.910926,17.566444],[97.910995,17.566795],[97.910953,17.56778],[97.910285,17.569613],[97.909894,17.570334],[97.909504,17.570859],[97.908377,17.571911],[97.907608,17.573318],[97.907316,17.5751],[97.907372,17.57565],[97.907777,17.576589],[97.907948,17.577229],[97.907885,17.577744],[97.907677,17.578377],[97.907306,17.579104],[97.906638,17.581966],[97.906564,17.58284],[97.906397,17.583424],[97.90605,17.583872],[97.90475,17.584941],[97.903728,17.586163],[97.902835,17.586834],[97.901557,17.587384],[97.90124,17.587697],[97.900291,17.589074],[97.899623,17.589597],[97.89871,17.590004],[97.897056,17.590581],[97.896472,17.590885],[97.895945,17.591404],[97.895349,17.592189],[97.894889,17.592558],[97.893256,17.593584],[97.891222,17.595765],[97.889112,17.597438],[97.887385,17.59831],[97.885719,17.599687],[97.884922,17.600143],[97.88385,17.600398],[97.882288,17.600543],[97.881419,17.600882],[97.880395,17.601991],[97.879425,17.602577],[97.878187,17.603724],[97.877915,17.604357],[97.877677,17.605444],[97.877393,17.606306],[97.87703,17.60688],[97.875471,17.607771],[97.875006,17.607922],[97.874595,17.607951],[97.87399,17.607833],[97.873475,17.607905],[97.872517,17.608353],[97.872186,17.608623],[97.871459,17.609593],[97.870578,17.610302],[97.868693,17.611401],[97.868217,17.611778],[97.867678,17.612427],[97.866665,17.613247],[97.862179,17.616342],[97.861098,17.616967],[97.859408,17.618399],[97.858237,17.619166],[97.857852,17.61951],[97.857517,17.620244],[97.856737,17.621061],[97.852196,17.623597],[97.850614,17.624576],[97.848552,17.626264],[97.847712,17.627133],[97.847182,17.627874],[97.846777,17.628861],[97.846521,17.629956],[97.845864,17.631234],[97.845634,17.631408],[97.844881,17.631682],[97.843277,17.633823],[97.842886,17.633924],[97.842377,17.633924],[97.841983,17.634105],[97.840989,17.635277],[97.840825,17.635916],[97.840761,17.636689],[97.840562,17.637198],[97.840321,17.637501],[97.839765,17.637856],[97.839338,17.637675],[97.838968,17.637683],[97.838667,17.637785],[97.836953,17.639377],[97.835335,17.640585],[97.83145,17.643792],[97.829446,17.645264],[97.828791,17.64602],[97.82838,17.646832],[97.827144,17.650696],[97.826829,17.651197],[97.826078,17.651594],[97.824925,17.651874],[97.822305,17.652218],[97.821838,17.652535],[97.821528,17.653285],[97.821165,17.654582],[97.820507,17.655358],[97.820414,17.655895],[97.820839,17.658156],[97.820778,17.658701],[97.820087,17.659866],[97.819212,17.660852],[97.816614,17.662847],[97.813923,17.664091],[97.813323,17.664624],[97.812183,17.666278],[97.810164,17.668274],[97.809442,17.668777],[97.808165,17.669253],[97.805399,17.669978],[97.80408,17.670711],[97.803555,17.671292],[97.803374,17.671714],[97.803306,17.673317],[97.803148,17.673962],[97.802841,17.674609],[97.802267,17.675316],[97.800644,17.676306],[97.79662,17.678437],[97.795962,17.678599],[97.794982,17.678538],[97.793786,17.679361],[97.79312,17.680848],[97.792992,17.681493],[97.793083,17.683291],[97.793014,17.684862],[97.792909,17.686181],[97.7927,17.687321],[97.791788,17.69058],[97.791129,17.691868],[97.790429,17.692908],[97.789862,17.693421],[97.78904,17.693883],[97.787621,17.694855],[97.786029,17.69647],[97.784734,17.697514],[97.783693,17.698601],[97.781777,17.701309],[97.779694,17.703733],[97.779137,17.704906],[97.777438,17.706968],[97.776974,17.707173],[97.776552,17.70716],[97.775771,17.706793],[97.77517,17.706909],[97.774503,17.707343],[97.773816,17.708098],[97.773112,17.709548],[97.771694,17.711831],[97.770173,17.714942],[97.7693,17.717365],[97.767946,17.719846],[97.767174,17.720785],[97.766407,17.721346],[97.765376,17.721874],[97.764478,17.722681],[97.764114,17.723103],[97.763922,17.723757],[97.763062,17.725431],[97.762969,17.725789],[97.763103,17.726153],[97.764425,17.728322],[97.76485,17.729509],[97.76486,17.730377],[97.764538,17.731478],[97.764026,17.732076],[97.763447,17.73246],[97.762891,17.733242],[97.762367,17.735145],[97.762344,17.735569],[97.762828,17.736777],[97.762884,17.738189],[97.762688,17.739205],[97.762149,17.739913],[97.762117,17.740145],[97.762249,17.740762],[97.76245,17.744152],[97.762627,17.744846],[97.762878,17.745392],[97.763276,17.745654],[97.764396,17.745776],[97.76493,17.745938],[97.765815,17.746621],[97.766131,17.746699],[97.768596,17.74592],[97.769877,17.745974],[97.770255,17.746305],[97.77058,17.747123],[97.770972,17.747591],[97.771903,17.748301],[97.773683,17.749399],[97.774049,17.750078],[97.774244,17.751022],[97.774311,17.751922],[97.774008,17.752524],[97.773441,17.753084],[97.772806,17.753286],[97.771162,17.753366],[97.770417,17.753598],[97.769732,17.754105],[97.769419,17.754792],[97.769264,17.755908],[97.768438,17.757012],[97.767237,17.757516],[97.766078,17.758264],[97.765141,17.759361],[97.764344,17.76036],[97.763556,17.762153],[97.762199,17.763999],[97.761267,17.765885],[97.760663,17.767627],[97.759959,17.769047],[97.758737,17.77062],[97.758031,17.770976],[97.757092,17.77116],[97.75639,17.770923],[97.755758,17.770371],[97.753779,17.769186],[97.752515,17.768821],[97.748837,17.768672],[97.747939,17.768791],[97.746857,17.769419],[97.7452,17.770876],[97.744677,17.771598],[97.74436,17.772508],[97.74417,17.773503],[97.744195,17.774476],[97.745012,17.77645],[97.745028,17.777035],[97.74493,17.777475],[97.743344,17.7813],[97.742615,17.782843],[97.742186,17.78507],[97.742169,17.785872],[97.741867,17.786625],[97.741535,17.787084],[97.741017,17.787394],[97.740094,17.787584],[97.739586,17.7879],[97.739224,17.788359],[97.737883,17.790645],[97.737142,17.791479],[97.736777,17.792117],[97.736525,17.793598],[97.735554,17.794622],[97.734459,17.796313],[97.734068,17.796591],[97.733385,17.796696],[97.732673,17.797093],[97.731228,17.797524],[97.72866,17.798516],[97.727784,17.798672],[97.726091,17.798741],[97.724285,17.798961],[97.723538,17.79927],[97.722988,17.799667],[97.722506,17.800721],[97.722222,17.801635],[97.722114,17.80296],[97.721941,17.803608],[97.721555,17.804197],[97.721046,17.80467],[97.718663,17.806093],[97.718002,17.807053],[97.71785,17.80771],[97.717801,17.80837],[97.717917,17.808863],[97.718965,17.810902],[97.719152,17.813194],[97.719288,17.813826],[97.719765,17.814656],[97.720064,17.815794],[97.719985,17.816502],[97.719587,17.817406],[97.718928,17.818558],[97.718155,17.81937],[97.717879,17.819443],[97.717224,17.819438],[97.716421,17.819621],[97.71587,17.819606],[97.713994,17.818737],[97.713272,17.81857],[97.711641,17.818503],[97.709981,17.81896],[97.709473,17.818994],[97.708865,17.818889],[97.70839,17.818627],[97.707982,17.818259],[97.707479,17.817538],[97.706772,17.81693],[97.704017,17.815677],[97.703488,17.815638],[97.70298,17.815764],[97.702463,17.81603],[97.70175,17.816633],[97.701299,17.817104],[97.700593,17.818268],[97.699472,17.819195],[97.698864,17.820018],[97.698539,17.820637],[97.698399,17.821359],[97.698374,17.822007],[97.698036,17.822852],[97.696697,17.824334],[97.695998,17.825564],[97.695165,17.826811],[97.693905,17.828067],[97.693411,17.828677],[97.69298,17.829849],[97.691152,17.83364],[97.691752,17.834164],[97.692254,17.834448],[97.692736,17.834923],[97.692964,17.835414],[97.693101,17.836071],[97.692903,17.839667],[97.692597,17.84129],[97.692377,17.841878],[97.692055,17.84248],[97.687509,17.848212],[97.682501,17.855782],[97.679851,17.861092],[97.678671,17.864727],[97.678408,17.865105],[97.677716,17.865697],[97.676697,17.866382],[97.676139,17.866882],[97.675731,17.867464],[97.675388,17.868087],[97.674785,17.869711],[97.674251,17.870895],[97.67174,17.879043],[97.67159,17.879932],[97.67159,17.881004],[97.67199,17.882455],[97.674219,17.888293],[97.676375,17.893624],[97.679765,17.900382],[97.684947,17.907641],[97.685988,17.910408],[97.686546,17.912879],[97.68646,17.915962],[97.68631,17.916758],[97.685591,17.918718],[97.685548,17.919483],[97.686889,17.924812],[97.68724,17.925435],[97.687619,17.925915],[97.689255,17.92741],[97.692421,17.931232],[97.694645,17.933258],[97.6984,17.935946],[97.69929,17.937167],[97.702242,17.941808],[97.702545,17.942166],[97.70625,17.9453],[97.707731,17.946394],[97.708631,17.946863],[97.709542,17.947217],[97.712088,17.947948],[97.714777,17.948366],[97.72173,17.949658],[97.724518,17.95007],[97.729473,17.951948],[97.730051,17.952239],[97.732329,17.954266],[97.733677,17.955722],[97.735378,17.958137],[97.736372,17.963307],[97.737531,17.97462],[97.737188,17.977901],[97.736311,17.983839],[97.736283,17.986522],[97.735405,17.988366],[97.733688,17.990611],[97.733173,17.991407],[97.730995,17.995642],[97.729276,18.00028],[97.728129,18.002482],[97.725685,18.005443],[97.72284,18.009349],[97.721939,18.010637],[97.721246,18.011901],[97.720829,18.012896],[97.720751,18.013567],[97.720849,18.015725],[97.720969,18.016169],[97.721241,18.016689],[97.72242,18.017623],[97.723096,18.018434],[97.723263,18.018701],[97.723583,18.019778],[97.723777,18.02093],[97.723654,18.022804],[97.723473,18.024161],[97.723247,18.024767],[97.723059,18.025041],[97.721691,18.02662],[97.721488,18.026826],[97.720238,18.027582],[97.719308,18.028766],[97.718479,18.030006],[97.71687,18.031814],[97.715461,18.034002],[97.715154,18.034619],[97.714419,18.03745],[97.713878,18.038394],[97.712065,18.040834],[97.711434,18.042509],[97.710739,18.044803],[97.71033,18.045658],[97.708505,18.048081],[97.708412,18.048903],[97.708604,18.050776],[97.70884,18.052188],[97.708819,18.052877],[97.7084,18.055657],[97.7081,18.05658],[97.70751,18.057355],[97.706453,18.058319],[97.704275,18.060053],[97.701137,18.064459],[97.699533,18.065989],[97.698712,18.06651],[97.697806,18.066867],[97.69596,18.067091],[97.694206,18.066989],[97.693273,18.066703],[97.692296,18.06604],[97.69168,18.065403],[97.688788,18.0604],[97.688112,18.059778],[97.687125,18.059466],[97.686401,18.059574],[97.685693,18.059808],[97.684631,18.060696],[97.682625,18.06271],[97.682007,18.063654],[97.681315,18.067295],[97.680209,18.072011],[97.680114,18.074746],[97.680171,18.075062],[97.680457,18.07547],[97.682737,18.07776],[97.682946,18.077892],[97.685166,18.078458],[97.68804,18.078957],[97.690318,18.080767],[97.690739,18.085384],[97.690538,18.086069],[97.690434,18.088709],[97.689652,18.092502],[97.686803,18.098616],[97.680635,18.109784],[97.679347,18.111704],[97.677813,18.114529],[97.677647,18.115098],[97.677609,18.115508],[97.678392,18.122442],[97.677781,18.12761],[97.677679,18.12917],[97.678071,18.135436],[97.675946,18.147687],[97.676032,18.148339],[97.676857,18.151092],[97.677184,18.153223],[97.677371,18.155369],[97.676273,18.160869],[97.67586,18.162026],[97.672985,18.165405],[97.671509,18.166975],[97.668886,18.16883],[97.666172,18.171256],[97.6657,18.171491],[97.664364,18.171889],[97.662926,18.17222],[97.65937,18.172261],[97.658479,18.172515],[97.65754,18.173096],[97.655894,18.174503],[97.654005,18.176297],[97.652326,18.177383],[97.651135,18.178509],[97.6498,18.180471],[97.649193,18.181628],[97.647353,18.185807],[97.646393,18.187046],[97.644084,18.190909],[97.642145,18.193641],[97.640095,18.195363],[97.638136,18.19759],[97.635954,18.199664],[97.634667,18.200495],[97.632912,18.202273],[97.63023,18.204556],[97.627709,18.206906],[97.626818,18.208062],[97.622042,18.214854],[97.61712,18.220302],[97.614115,18.224073],[97.613634,18.224888],[97.612495,18.228261],[97.612163,18.229728],[97.611846,18.231909],[97.61161,18.232638],[97.609309,18.237595],[97.608982,18.238955],[97.60866,18.242349],[97.60896,18.244774],[97.610983,18.250138],[97.61153,18.250923],[97.612023,18.251402],[97.612528,18.251738],[97.614963,18.254061],[97.617645,18.256262],[97.620424,18.258341],[97.622881,18.26049],[97.624501,18.262396],[97.627678,18.265753],[97.630075,18.268551],[97.630965,18.269451],[97.632955,18.270994],[97.633862,18.271896],[97.634849,18.273343],[97.636426,18.276582],[97.638969,18.280179],[97.639334,18.280785],[97.639494,18.281233],[97.639629,18.282252],[97.639398,18.283449],[97.639146,18.284289],[97.639092,18.284844],[97.63946,18.287669],[97.627097,18.307416],[97.622744,18.314841],[97.62023,18.317873],[97.614314,18.320068],[97.609076,18.323426],[97.604996,18.327105],[97.59942,18.328332],[97.594116,18.331817],[97.582756,18.332463],[97.575957,18.338724],[97.567457,18.336142],[97.559433,18.33937],[97.55121,18.33408],[97.549716,18.33092],[97.548083,18.322074],[97.544954,18.316198],[97.542642,18.308452],[97.54101,18.297732],[97.536588,18.286171],[97.529921,18.278936],[97.520533,18.272606],[97.506724,18.26621],[97.504067,18.26634],[97.501818,18.26744],[97.497261,18.273964],[97.493995,18.276483],[97.493518,18.279003],[97.484067,18.290948],[97.479783,18.294305],[97.470667,18.299795],[97.470056,18.301536],[97.468903,18.3016],[97.466587,18.303411],[97.464682,18.306833],[97.462268,18.308771],[97.453424,18.325367],[97.452745,18.328398],[97.447645,18.330334],[97.446351,18.333114],[97.445195,18.336601],[97.444106,18.340347],[97.44363,18.350546],[97.442815,18.352094],[97.441998,18.354678],[97.442066,18.360104],[97.449515,18.373408],[97.451071,18.375332],[97.452275,18.382929],[97.452062,18.389797],[97.446738,18.394698],[97.442052,18.403288],[97.436678,18.40667],[97.430501,18.405659],[97.426395,18.408037],[97.424902,18.41077],[97.423517,18.417186],[97.420055,18.421127],[97.419522,18.429315],[97.418218,18.435578],[97.413853,18.442395],[97.40805,18.446385],[97.403788,18.448659],[97.398567,18.458715],[97.394018,18.473426],[97.391185,18.491287],[97.386769,18.505429],[97.378937,18.515938],[97.378021,18.518227],[97.376606,18.518938],[97.373523,18.523046],[97.363401,18.526364],[97.357649,18.530236],[97.355066,18.533317],[97.353482,18.534266],[97.35223,18.537273],[97.35223,18.538458],[97.350565,18.542009],[97.347149,18.544458],[97.346219,18.546102],[97.346013,18.551064],[97.34491,18.552606],[97.344013,18.565226],[97.343807,18.576145],[97.357605,18.591115],[97.360072,18.598671],[97.360792,18.599163],[97.361891,18.599493],[97.362124,18.599326],[97.36277,18.597155],[97.363079,18.595724],[97.363286,18.593268],[97.363286,18.59043],[97.363183,18.589881],[97.363209,18.588904],[97.363338,18.588021],[97.363106,18.586042],[97.363054,18.582297],[97.362951,18.580938],[97.363054,18.579531],[97.362873,18.578625],[97.362847,18.575477],[97.362667,18.574451],[97.362537,18.572854],[97.362202,18.571542],[97.362124,18.570755],[97.361866,18.569825],[97.361762,18.569062],[97.361762,18.568656],[97.362124,18.567321],[97.362098,18.566391],[97.362305,18.565032],[97.362331,18.56329],[97.362202,18.562622],[97.362176,18.561478],[97.362331,18.561025],[97.363054,18.559904],[97.363338,18.559689],[97.364811,18.559594],[97.368324,18.559713],[97.369047,18.559856],[97.371527,18.559832],[97.374239,18.559952],[97.378553,18.559618],[97.381291,18.559236],[97.38186,18.55926],[97.383203,18.559499],[97.385399,18.560214],[97.385993,18.560262],[97.388266,18.559976],[97.391805,18.560882],[97.392916,18.561025],[97.393613,18.56143],[97.39431,18.561716],[97.395137,18.562217],[97.396454,18.563267],[97.396894,18.563791],[97.397591,18.565365],[97.397953,18.565604],[97.399632,18.565747],[97.400846,18.566033],[97.40144,18.566414],[97.402732,18.56682],[97.403248,18.566724],[97.404049,18.565938],[97.404153,18.565675],[97.404334,18.564721],[97.40423,18.564364],[97.40423,18.564006],[97.404695,18.56267],[97.404644,18.562289],[97.405393,18.560381],[97.406297,18.558878],[97.406917,18.557543],[97.408209,18.556112],[97.409164,18.555206],[97.410198,18.55461],[97.41136,18.554157],[97.412936,18.552678],[97.413478,18.552535],[97.413969,18.552654],[97.415441,18.552797],[97.416629,18.55306],[97.417456,18.553131],[97.418102,18.552845],[97.418722,18.552153],[97.419548,18.550889],[97.420814,18.549196],[97.421589,18.548457],[97.424379,18.547145],[97.424818,18.546788],[97.425386,18.546501],[97.425929,18.546334],[97.426317,18.545952],[97.426678,18.545404],[97.427221,18.544283],[97.427298,18.543091],[97.427118,18.542351],[97.427841,18.539919],[97.427841,18.538679],[97.427634,18.536938],[97.427634,18.535364],[97.428099,18.534052],[97.428151,18.533504],[97.42797,18.532836],[97.427841,18.531811],[97.427841,18.530308],[97.428383,18.529617],[97.428642,18.528663],[97.428538,18.526564],[97.428383,18.525515],[97.429623,18.523822],[97.430088,18.523488],[97.430734,18.523178],[97.431328,18.522629],[97.431922,18.522319],[97.434557,18.521746],[97.435203,18.521389],[97.435848,18.520769],[97.436055,18.520125],[97.436107,18.517406],[97.435797,18.51576],[97.435564,18.513256],[97.435409,18.512589],[97.436184,18.509154],[97.43621,18.508439],[97.436468,18.50696],[97.43683,18.505863],[97.437217,18.505434],[97.437915,18.505029],[97.438483,18.504433],[97.440782,18.50324],[97.442694,18.502834],[97.44303,18.502644],[97.443365,18.502143],[97.444089,18.500831],[97.444285,18.499654],[97.444675,18.499042],[97.444714,18.498646],[97.444948,18.498214],[97.444831,18.497386],[97.44448,18.49645],[97.443973,18.495514],[97.443973,18.49501],[97.445455,18.49483],[97.445962,18.494614],[97.446625,18.494506],[97.448457,18.494686],[97.448769,18.494542],[97.449237,18.494074],[97.450056,18.493462],[97.451069,18.493426],[97.452083,18.49357],[97.454345,18.493534],[97.454462,18.49357],[97.454735,18.494254],[97.454735,18.49465],[97.455163,18.495478],[97.455748,18.496306],[97.45645,18.496522],[97.457308,18.497278],[97.458049,18.498178],[97.458439,18.499258],[97.45879,18.499546],[97.459101,18.499618],[97.459725,18.499366],[97.460427,18.498718],[97.461441,18.498286],[97.461948,18.49789],[97.462533,18.497566],[97.463702,18.497062],[97.464209,18.497062],[97.464872,18.497206],[97.466393,18.497782],[97.467679,18.498466],[97.468108,18.498862],[97.468732,18.499582],[97.468927,18.50005],[97.470292,18.501382],[97.470448,18.503686],[97.470799,18.504046],[97.471618,18.504622],[97.473879,18.504838],[97.475244,18.50509],[97.476726,18.505666],[97.479221,18.506962],[97.47965,18.507358],[97.480313,18.507754],[97.48082,18.508294],[97.481599,18.510309],[97.481755,18.511137],[97.482028,18.511101],[97.482457,18.510885],[97.482652,18.510309],[97.483042,18.509697],[97.4839,18.508834],[97.484485,18.508618],[97.486668,18.508582],[97.487292,18.50887],[97.48854,18.509049],[97.489632,18.509625],[97.490022,18.509949],[97.490489,18.510093],[97.491035,18.509877],[97.491503,18.509445],[97.491854,18.508366],[97.492595,18.506854],[97.493531,18.505846],[97.493921,18.505126],[97.494623,18.50293],[97.49474,18.502066],[97.495519,18.500806],[97.496534,18.499645],[97.497622,18.498183],[97.497715,18.497953],[97.497684,18.49672],[97.497746,18.496433],[97.500063,18.494264],[97.501753,18.493459],[97.503627,18.49285],[97.504868,18.492679],[97.506109,18.492655],[97.506795,18.492826],[97.50735,18.49285],[97.510149,18.492777],[97.510386,18.492899],[97.510518,18.493118],[97.510254,18.494264],[97.51036,18.494629],[97.510967,18.495166],[97.511205,18.495287],[97.512287,18.494678],[97.51271,18.494776],[97.513079,18.495336],[97.514003,18.495799],[97.514241,18.49614],[97.51432,18.496749],[97.514584,18.497115],[97.515429,18.497554],[97.516934,18.497773],[97.518756,18.4977],[97.520498,18.496798],[97.521132,18.495823],[97.521211,18.495409],[97.521713,18.494482],[97.52195,18.494361],[97.522162,18.494409],[97.523033,18.495141],[97.523719,18.495409],[97.524591,18.495433],[97.527284,18.496116],[97.527838,18.496067],[97.528208,18.495945],[97.528921,18.494921],[97.529237,18.494653],[97.530558,18.493069],[97.53135,18.492362],[97.53304,18.491387],[97.5337,18.491167],[97.534386,18.491094],[97.534809,18.491167],[97.535469,18.491679],[97.536393,18.49224],[97.536842,18.492727],[97.536894,18.494897],[97.537106,18.495823],[97.538083,18.497359],[97.538188,18.497797],[97.538875,18.498967],[97.539535,18.500357],[97.539564,18.500656],[97.539936,18.501343],[97.539936,18.502408],[97.539526,18.503165],[97.538968,18.503543],[97.538744,18.503921],[97.538968,18.504746],[97.539526,18.505674],[97.539638,18.506052],[97.540047,18.50667],[97.540308,18.507358],[97.540606,18.508389],[97.540867,18.510107],[97.54109,18.510795],[97.541276,18.51186],[97.541834,18.512823],[97.542765,18.513441],[97.542877,18.513785],[97.542951,18.514129],[97.542914,18.514507],[97.542579,18.515229],[97.542505,18.515572],[97.542467,18.51626],[97.542542,18.516638],[97.543137,18.517188],[97.543808,18.518253],[97.544068,18.519387],[97.544143,18.520109],[97.543993,18.521759],[97.544068,18.524955],[97.543845,18.526021],[97.544142,18.527121],[97.544589,18.527705],[97.544664,18.528049],[97.54511,18.528667],[97.545967,18.529458],[97.546935,18.530076],[97.548126,18.53042],[97.548461,18.530592],[97.54928,18.530764],[97.551141,18.529526],[97.551849,18.528942],[97.552296,18.528736],[97.553524,18.527705],[97.554008,18.527499],[97.557619,18.527395],[97.557992,18.527292],[97.558625,18.526811],[97.559183,18.526261],[97.559965,18.525196],[97.560635,18.524715],[97.561044,18.524096],[97.561603,18.523546],[97.561938,18.522893],[97.562645,18.521965],[97.563018,18.521759],[97.563427,18.52169],[97.563799,18.522343],[97.564097,18.522618],[97.566033,18.523855],[97.566964,18.524611],[97.567262,18.525264],[97.567299,18.525986],[97.567225,18.527121],[97.567448,18.527567],[97.568006,18.52822],[97.568788,18.529492],[97.569682,18.530351],[97.57091,18.531795],[97.57132,18.533273],[97.571469,18.534751],[97.571692,18.535026],[97.572846,18.535026],[97.574373,18.535232],[97.57467,18.535094],[97.575117,18.534648],[97.575489,18.534029],[97.576271,18.53317],[97.578281,18.53293],[97.579063,18.53293],[97.579807,18.532758],[97.58178,18.532758],[97.584461,18.533411],[97.585652,18.533411],[97.586025,18.533479],[97.586695,18.535335],[97.586732,18.536092],[97.58703,18.537123],[97.587253,18.537466],[97.587551,18.537673],[97.588407,18.537913],[97.589301,18.538016],[97.591199,18.537982],[97.591869,18.537088],[97.592279,18.536916],[97.592539,18.536607],[97.593842,18.53561],[97.594252,18.535542],[97.594624,18.535542],[97.595481,18.535748],[97.596337,18.535782],[97.598757,18.536401],[97.599538,18.536504],[97.60032,18.536504],[97.601474,18.536367],[97.601884,18.536195],[97.602256,18.53616],[97.603447,18.53616],[97.604192,18.53647],[97.604825,18.53702],[97.605048,18.53781],[97.605048,18.538979],[97.605234,18.540422],[97.605644,18.541144],[97.605756,18.541866],[97.606091,18.542931],[97.606537,18.543619],[97.60784,18.543687],[97.610297,18.544375],[97.611451,18.544822],[97.613052,18.545749],[97.613462,18.545749],[97.614169,18.545268],[97.615249,18.544787],[97.616552,18.543894],[97.617296,18.543584],[97.618711,18.542794],[97.618972,18.542416],[97.618897,18.539529],[97.619121,18.539254],[97.619865,18.539254],[97.620833,18.539872],[97.622062,18.540903],[97.622248,18.541247],[97.622248,18.541591],[97.622062,18.542278],[97.622248,18.542622],[97.622508,18.542897],[97.622546,18.543584],[97.622657,18.543928],[97.62262,18.544272],[97.621392,18.546299],[97.621354,18.546677],[97.620982,18.547468],[97.620424,18.547949],[97.619605,18.548293],[97.619232,18.548533],[97.618637,18.549118],[97.618413,18.549461],[97.618376,18.549805],[97.618041,18.550527],[97.617185,18.55173],[97.615658,18.553242],[97.614504,18.55496],[97.614318,18.555338],[97.614281,18.55795],[97.614616,18.560254],[97.614206,18.560872],[97.614132,18.561216],[97.615621,18.561732],[97.61644,18.561732],[97.61685,18.561869],[97.617185,18.56211],[97.617557,18.562866],[97.619232,18.563862],[97.620759,18.564412],[97.622397,18.564687],[97.623365,18.56534],[97.623774,18.565512],[97.626082,18.565546],[97.626455,18.56565],[97.627311,18.565615],[97.627571,18.56534],[97.627683,18.564997],[97.628465,18.564069],[97.628763,18.563828],[97.629917,18.563587],[97.631331,18.562556],[97.632486,18.56101],[97.632709,18.560322],[97.633118,18.559669],[97.63323,18.559326],[97.633751,18.55881],[97.634124,18.558638],[97.634496,18.558604],[97.634905,18.55857],[97.635278,18.558673],[97.63565,18.558845],[97.635873,18.559257],[97.637027,18.559876],[97.637549,18.560426],[97.637735,18.560838],[97.638293,18.561457],[97.638963,18.561869],[97.639336,18.561972],[97.640378,18.562556],[97.640527,18.562934],[97.640266,18.563966],[97.640266,18.564687],[97.640378,18.565031],[97.640564,18.56534],[97.640936,18.56565],[97.641234,18.565753],[97.641532,18.565993],[97.641942,18.566028],[97.642351,18.566165],[97.643245,18.566853],[97.643617,18.56754],[97.64384,18.568262],[97.643915,18.568949],[97.644101,18.569327],[97.644734,18.570014],[97.64507,18.570186],[97.648718,18.570667],[97.64909,18.57077],[97.649723,18.571286],[97.650281,18.572248],[97.650468,18.572936],[97.650505,18.574001],[97.650281,18.574345],[97.650058,18.575067],[97.650133,18.575788],[97.650468,18.576854],[97.651101,18.577232],[97.651473,18.577232],[97.651845,18.577094],[97.65259,18.576991],[97.652962,18.577129],[97.653334,18.577782],[97.653744,18.577919],[97.654116,18.578022],[97.655642,18.577988],[97.65635,18.577679],[97.657243,18.576441],[97.657876,18.575788],[97.658248,18.575617],[97.660631,18.575617],[97.662232,18.575032],[97.662604,18.574963],[97.663386,18.574998],[97.66413,18.575307],[97.665247,18.575067],[97.666439,18.575273],[97.667704,18.575204],[97.668002,18.574929],[97.668747,18.57462],[97.66897,18.57431],[97.669566,18.573829],[97.669938,18.573623],[97.670832,18.573451],[97.671204,18.573657],[97.67139,18.57407],[97.672172,18.574895],[97.672842,18.575857],[97.673177,18.576132],[97.673624,18.576751],[97.674443,18.577094],[97.674964,18.577129],[97.675335,18.576991],[97.675596,18.576717],[97.675931,18.576545],[97.67649,18.576064],[97.678612,18.574998],[97.679729,18.574895],[97.68051,18.57517],[97.681516,18.575685],[97.682632,18.575685],[97.682967,18.575479],[97.6836,18.574414],[97.683898,18.574139],[97.683973,18.573795],[97.684345,18.573761],[97.685015,18.573417],[97.685276,18.573142],[97.685611,18.572936],[97.686765,18.572902],[97.687993,18.573073],[97.688887,18.572661],[97.689594,18.572042],[97.690599,18.571424],[97.690972,18.571286],[97.691977,18.57053],[97.693094,18.570015],[97.693987,18.56998],[97.695141,18.570221],[97.69596,18.570255],[97.696817,18.570083],[97.698045,18.570049],[97.698492,18.569843],[97.699013,18.569808],[97.69987,18.569568],[97.70147,18.569602],[97.701805,18.569808],[97.702364,18.570393],[97.70322,18.570805],[97.704412,18.570839],[97.704858,18.570943],[97.705826,18.571355],[97.708321,18.572077],[97.709139,18.572386],[97.711038,18.572386],[97.71182,18.572214],[97.712229,18.572042],[97.712601,18.572042],[97.713755,18.571802],[97.714537,18.571527],[97.71491,18.571527],[97.715207,18.571733],[97.715729,18.572798],[97.716734,18.573555],[97.71718,18.573623],[97.722392,18.573623],[97.72269,18.57383],[97.722988,18.574929],[97.723025,18.57572],[97.723211,18.576029],[97.723323,18.577817],[97.723286,18.57816],[97.723137,18.578504],[97.722914,18.578779],[97.722281,18.579226],[97.722243,18.579569],[97.722541,18.57981],[97.723025,18.579982],[97.723398,18.580016],[97.72377,18.580188],[97.723993,18.580497],[97.724142,18.581219],[97.724589,18.582353],[97.724738,18.583041],[97.725482,18.584416],[97.725743,18.584691],[97.726227,18.584828],[97.727009,18.584966],[97.728423,18.585034],[97.72928,18.585275],[97.729913,18.585687],[97.730322,18.58579],[97.73088,18.586306],[97.731216,18.586512],[97.731662,18.586547],[97.732109,18.586478],[97.733449,18.585997],[97.73397,18.585756],[97.734268,18.585481],[97.734492,18.585206],[97.734566,18.584862],[97.734752,18.584519],[97.735087,18.584072],[97.735199,18.583694],[97.736763,18.581872],[97.737135,18.581735],[97.737582,18.581013],[97.738066,18.579741],[97.738363,18.579466],[97.739927,18.579398],[97.740746,18.57926],[97.741155,18.579088],[97.741565,18.578779],[97.741937,18.57871],[97.742645,18.578366],[97.743166,18.578229],[97.743501,18.578023],[97.74391,18.578057],[97.745809,18.578744],[97.74633,18.578744],[97.74767,18.578435],[97.748489,18.578057],[97.749011,18.577954],[97.749346,18.577748],[97.750029,18.577572],[97.750205,18.577145],[97.75069,18.576515],[97.751285,18.576169],[97.753069,18.576128],[97.753598,18.576271],[97.754061,18.576454],[97.754678,18.576881],[97.756242,18.577491],[97.756836,18.577837],[97.757541,18.577999],[97.758048,18.577979],[97.75904,18.577735],[97.759524,18.577531],[97.760317,18.577409],[97.762256,18.57743],[97.764437,18.577816],[97.765318,18.577816],[97.76686,18.577633],[97.767785,18.577877],[97.768711,18.578345],[97.769151,18.578813],[97.769394,18.579708],[97.769306,18.579931],[97.768534,18.580887],[97.76794,18.581457],[97.767103,18.581985],[97.767014,18.582189],[97.767389,18.582453],[97.76783,18.582575],[97.768314,18.583084],[97.768512,18.584222],[97.768513,18.585667],[97.768733,18.586053],[97.769108,18.586359],[97.769196,18.586765],[97.769086,18.587009],[97.768733,18.587416],[97.76772,18.588047],[97.767081,18.588331],[97.766751,18.588657],[97.766685,18.58886],[97.767103,18.589125],[97.767588,18.589226],[97.768337,18.589755],[97.768623,18.590142],[97.768844,18.590243],[97.769527,18.590914],[97.770232,18.592053],[97.770364,18.592704],[97.770496,18.592867],[97.770782,18.594779],[97.771113,18.59543],[97.771333,18.596325],[97.771928,18.597362],[97.77206,18.597809],[97.772038,18.598216],[97.771906,18.598643],[97.771377,18.599416],[97.77087,18.599884],[97.77087,18.60029],[97.771377,18.601002],[97.771774,18.60208],[97.772148,18.602649],[97.77217,18.602853],[97.772148,18.603056],[97.771509,18.604012],[97.771377,18.604459],[97.771135,18.604866],[97.771069,18.60507],[97.771091,18.605497],[97.771663,18.606636],[97.77239,18.607368],[97.772479,18.607815],[97.772985,18.609015],[97.7738,18.60989],[97.77391,18.610297],[97.773866,18.61052],[97.773117,18.611192],[97.772853,18.611578],[97.773029,18.612798],[97.773558,18.614548],[97.773558,18.616154],[97.773337,18.61711],[97.773359,18.618412],[97.773558,18.618798],[97.773558,18.619225],[97.773404,18.619531],[97.772412,18.619754],[97.77109,18.620466],[97.769769,18.621544],[97.76913,18.622215],[97.769064,18.622419],[97.769064,18.622846],[97.769218,18.623253],[97.769879,18.624209],[97.769923,18.624412],[97.769879,18.625104],[97.769724,18.625307],[97.769592,18.625754],[97.76968,18.626385],[97.770011,18.62671],[97.770518,18.626914],[97.770936,18.627199],[97.771068,18.627687],[97.771201,18.627849],[97.771178,18.6285],[97.770562,18.629171],[97.769152,18.629944],[97.768557,18.630656],[97.767962,18.631713],[97.766927,18.632974],[97.766927,18.633178],[97.767103,18.633361],[97.76783,18.633971],[97.769108,18.634866],[97.769857,18.635557],[97.770628,18.636493],[97.77098,18.637083],[97.77098,18.637917],[97.770606,18.638527],[97.770121,18.639991],[97.76957,18.641212],[97.768535,18.642839],[97.76827,18.643713],[97.768623,18.643978],[97.769614,18.644344],[97.770451,18.644913],[97.771597,18.64589],[97.771663,18.646337],[97.771553,18.64652],[97.771531,18.647862],[97.771399,18.648554],[97.771245,18.649001],[97.77065,18.65012],[97.770628,18.650323],[97.770826,18.650852],[97.771421,18.651239],[97.771927,18.651686],[97.772214,18.652052],[97.772258,18.65311],[97.771905,18.653761],[97.771817,18.654411],[97.77228,18.655449],[97.772302,18.655652],[97.772302,18.655856],[97.771972,18.656201],[97.77109,18.656669],[97.770407,18.657178],[97.770231,18.657605],[97.770231,18.658683],[97.769791,18.659232],[97.76946,18.659903],[97.769306,18.660554],[97.769306,18.661205],[97.768579,18.662078],[97.76816,18.662872],[97.768028,18.664133],[97.76783,18.665068],[97.767896,18.665739],[97.767852,18.666878],[97.767654,18.668017],[97.767345,18.668709],[97.767345,18.669339],[97.76761,18.669726],[97.768469,18.670214],[97.768997,18.670377],[97.769394,18.670682],[97.770363,18.671821],[97.770672,18.672451],[97.771024,18.672756],[97.771245,18.672817],[97.771839,18.673224],[97.772214,18.67359],[97.77239,18.673896],[97.772765,18.675584],[97.772765,18.676519],[97.77261,18.677983],[97.772412,18.67839],[97.770738,18.679895],[97.77065,18.680099],[97.77065,18.680729],[97.77076,18.681685],[97.77098,18.682295],[97.771509,18.683068],[97.771641,18.683475],[97.771994,18.684085],[97.77217,18.684207],[97.77239,18.684594],[97.772721,18.684878],[97.772963,18.685265],[97.773029,18.686526],[97.772941,18.686932],[97.772941,18.687583],[97.773205,18.687929],[97.773954,18.688559],[97.77402,18.68919],[97.773932,18.689414],[97.773293,18.690085],[97.772654,18.69102],[97.772654,18.691244],[97.772787,18.691427],[97.772985,18.692037],[97.772963,18.692485],[97.772324,18.693461],[97.772104,18.694112],[97.77217,18.695495],[97.772082,18.695902],[97.771267,18.696715],[97.769724,18.697325],[97.769372,18.69763],[97.769284,18.698037],[97.769504,18.698912],[97.769658,18.699095],[97.769636,18.699766],[97.768469,18.700905],[97.767521,18.701373],[97.76631,18.702512],[97.766112,18.703203],[97.766112,18.703671],[97.765825,18.704973],[97.765407,18.706498],[97.765385,18.706966],[97.765495,18.707576],[97.765187,18.70843],[97.763424,18.710403],[97.762939,18.710769],[97.761552,18.711094],[97.759216,18.711176],[97.758974,18.711237],[97.7586,18.711501],[97.758071,18.711989],[97.757784,18.712681],[97.757278,18.71443],[97.756815,18.715305],[97.756022,18.716484],[97.755802,18.717704],[97.755383,18.718579],[97.755317,18.718986],[97.755119,18.719209],[97.7547,18.720552],[97.7547,18.722057],[97.754833,18.722748],[97.754877,18.723826],[97.75426,18.725576],[97.75415,18.727793],[97.754348,18.728626],[97.754744,18.729765],[97.754766,18.730172],[97.754546,18.730579],[97.753885,18.73127],[97.753797,18.731494],[97.753665,18.731962],[97.753819,18.733081],[97.753643,18.733976],[97.75329,18.734647],[97.751881,18.736477],[97.751572,18.737067],[97.75177,18.737494],[97.75263,18.738348],[97.753555,18.73965],[97.753621,18.740097],[97.753136,18.74085],[97.753202,18.741073],[97.753687,18.741643],[97.754568,18.742477],[97.756925,18.743433],[97.757542,18.743799],[97.757763,18.744145],[97.757807,18.745935],[97.758512,18.747704],[97.758512,18.749046],[97.758644,18.749453],[97.759022,18.750064],[97.759254,18.750278],[97.759487,18.751065],[97.759487,18.751458],[97.759099,18.752101],[97.758828,18.752387],[97.758248,18.753388],[97.75817,18.753745],[97.75817,18.75446],[97.758635,18.755068],[97.759409,18.755175],[97.759758,18.75539],[97.760571,18.755568],[97.761384,18.75589],[97.763048,18.757105],[97.763358,18.757427],[97.763474,18.75782],[97.763513,18.758893],[97.762739,18.759822],[97.762506,18.761252],[97.762506,18.762002],[97.76239,18.762717],[97.762197,18.763111],[97.761693,18.763718],[97.761345,18.763968],[97.760145,18.764397],[97.757628,18.76572],[97.757241,18.765827],[97.754725,18.765827],[97.754376,18.766006],[97.75395,18.766685],[97.753834,18.767042],[97.753795,18.767757],[97.754105,18.768329],[97.754183,18.768687],[97.754454,18.769044],[97.754608,18.769401],[97.754647,18.770831],[97.75457,18.77126],[97.754415,18.771617],[97.754183,18.771903],[97.752634,18.773405],[97.75244,18.773798],[97.752518,18.774548],[97.752789,18.77487],[97.753486,18.776336],[97.75395,18.777873],[97.754028,18.780232],[97.753834,18.780553],[97.753408,18.781983],[97.753331,18.782734],[97.753408,18.78352],[97.753718,18.784271],[97.753795,18.785414],[97.753563,18.786129],[97.752673,18.787023],[97.751898,18.788059],[97.751318,18.788631],[97.751008,18.789132],[97.750698,18.790025],[97.750466,18.79024],[97.749207,18.79099],[97.749207,18.793492],[97.749008,18.794008],[97.748729,18.795517],[97.748689,18.797431],[97.748529,18.798498],[97.748569,18.798866],[97.749247,18.79986],[97.749367,18.800375],[97.749367,18.800817],[97.749606,18.801663],[97.75004,18.802107],[97.750621,18.803143],[97.750776,18.804287],[97.751047,18.805073],[97.751202,18.80586],[97.752673,18.808612],[97.751589,18.809291],[97.750698,18.809577],[97.75004,18.810006],[97.749367,18.810091],[97.74841,18.810055],[97.747971,18.809723],[97.747692,18.809723],[97.745061,18.812741],[97.744702,18.813882],[97.744383,18.814398],[97.744344,18.816201],[97.743387,18.817416],[97.742669,18.81852],[97.74255,18.819293],[97.74255,18.823084],[97.740756,18.824777],[97.740556,18.825403],[97.740556,18.826139],[97.739879,18.827133],[97.7394,18.827611],[97.738922,18.828421],[97.738922,18.829157],[97.739121,18.829819],[97.740596,18.830666],[97.743706,18.831917],[97.744264,18.832212],[97.746018,18.833831],[97.746337,18.834273],[97.746417,18.835046],[97.746058,18.835414],[97.745898,18.835966],[97.745938,18.836518],[97.746098,18.83707],[97.746496,18.837585],[97.746656,18.838101],[97.746662,18.838649],[97.746408,18.839779],[97.747368,18.840259],[97.748271,18.842263],[97.748441,18.843195],[97.749005,18.845115],[97.747334,18.846051],[97.746855,18.84664],[97.745101,18.848149],[97.743945,18.849621],[97.743865,18.850173],[97.744065,18.850762],[97.744503,18.851351],[97.744942,18.851682],[97.744822,18.85286],[97.744623,18.85367],[97.744902,18.8547],[97.7455,18.855363],[97.745898,18.856099],[97.746457,18.85643],[97.747055,18.856651],[97.747613,18.857092],[97.746417,18.857092],[97.744702,18.857424],[97.743985,18.857792],[97.743307,18.858454],[97.742111,18.860037],[97.740676,18.861288],[97.740636,18.861914],[97.740716,18.863607],[97.740477,18.86438],[97.7394,18.865631],[97.739161,18.866515],[97.739161,18.867398],[97.739041,18.868171],[97.739958,18.868797],[97.740437,18.869312],[97.740277,18.869754],[97.740596,18.87071],[97.740636,18.871409],[97.740835,18.872293],[97.740875,18.873581],[97.740477,18.873986],[97.739918,18.874391],[97.739719,18.87498],[97.739799,18.876783],[97.739958,18.877409],[97.740477,18.878329],[97.741035,18.879728],[97.741274,18.880721],[97.741274,18.881642],[97.740795,18.882414],[97.738124,18.884623],[97.737845,18.885212],[97.737806,18.885764],[97.737487,18.88639],[97.736889,18.886979],[97.73362,18.886942],[97.731905,18.886795],[97.731507,18.886279],[97.731307,18.885617],[97.730829,18.885249],[97.730231,18.885175],[97.726802,18.885433],[97.725686,18.885617],[97.724091,18.886169],[97.723414,18.886169],[97.722776,18.885801],[97.722138,18.885727],[97.720384,18.886427],[97.719666,18.8865],[97.719228,18.886721],[97.718311,18.887899],[97.717354,18.888893],[97.717274,18.889592],[97.716796,18.890328],[97.716238,18.890917],[97.715361,18.891432],[97.714204,18.891911],[97.713606,18.892426],[97.712131,18.893972],[97.711134,18.896806],[97.710895,18.897211],[97.709978,18.897579],[97.708862,18.898609],[97.708184,18.898793],[97.707347,18.898867],[97.706111,18.899272],[97.705433,18.899824],[97.705035,18.899934],[97.704397,18.899861],[97.704118,18.898646],[97.704118,18.897873],[97.703918,18.897358],[97.702443,18.899787],[97.700729,18.902069],[97.699693,18.90321],[97.699134,18.903725],[97.69758,18.904241],[97.696942,18.904646],[97.696902,18.905382],[97.697181,18.906155],[97.6973,18.907075],[97.697261,18.907847],[97.696463,18.910387],[97.696145,18.910829],[97.695586,18.910645],[97.694988,18.910755],[97.69451,18.911013],[97.693354,18.912301],[97.692636,18.912485],[97.69156,18.912963],[97.691042,18.913478],[97.690643,18.91473],[97.690324,18.915135],[97.689886,18.915429],[97.689048,18.915503],[97.688849,18.915724],[97.68861,18.916717],[97.689008,18.917748],[97.690165,18.919331],[97.690284,18.921318],[97.690165,18.922018],[97.689886,18.922606],[97.689008,18.9236],[97.688809,18.924152],[97.689128,18.925293],[97.689088,18.925551],[97.687653,18.925882],[97.686856,18.926324],[97.68554,18.926545],[97.685062,18.926766],[97.684623,18.927134],[97.683826,18.927465],[97.681155,18.928017],[97.67964,18.928495],[97.678124,18.929599],[97.676888,18.92982],[97.67629,18.92982],[97.675732,18.930041],[97.675294,18.930336],[97.674696,18.930556],[97.674138,18.930888],[97.672304,18.931035],[97.671985,18.930998],[97.671746,18.930667],[97.671467,18.929599],[97.670869,18.929599],[97.670311,18.930041],[97.669513,18.93052],[97.669115,18.931072],[97.667719,18.931403],[97.66748,18.931697],[97.66752,18.93236],[97.668676,18.933243],[97.668716,18.934053],[97.668437,18.935231],[97.667839,18.93604],[97.666523,18.936813],[97.666045,18.937218],[97.665527,18.937917],[97.665726,18.938433],[97.666962,18.938985],[97.667161,18.939427],[97.667241,18.939942],[97.66744,18.940457],[97.668158,18.941083],[97.669633,18.941709],[97.669872,18.942114],[97.669713,18.942629],[97.668596,18.943991],[97.667879,18.944727],[97.66748,18.945426],[97.66744,18.946236],[97.66752,18.947083],[97.668118,18.947782],[97.668716,18.948076],[97.670311,18.948224],[97.670789,18.94815],[97.672663,18.947267],[97.67342,18.947046],[97.674417,18.946972],[97.675573,18.947635],[97.677168,18.948408],[97.678146,18.948732],[97.678882,18.949659],[97.679799,18.950101],[97.680636,18.950321],[97.68227,18.951168],[97.682908,18.951904],[97.683666,18.952567],[97.684144,18.952861],[97.685061,18.952714],[97.686018,18.952383],[97.686895,18.951867],[97.687692,18.951278],[97.68829,18.950358],[97.689088,18.949475],[97.690124,18.948812],[97.690483,18.948481],[97.691161,18.948444],[97.692277,18.948555],[97.692556,18.948996],[97.692756,18.950137],[97.693314,18.950763],[97.693832,18.951058],[97.69455,18.951315],[97.695746,18.952898],[97.695905,18.953671],[97.696384,18.954186],[97.698297,18.955364],[97.698855,18.9561],[97.699493,18.956763],[97.699812,18.957278],[97.70033,18.957683],[97.701566,18.958124],[97.702802,18.958345],[97.703161,18.958713],[97.703759,18.958897],[97.704277,18.958934],[97.704716,18.958824],[97.705712,18.957499],[97.70639,18.957388],[97.706948,18.957535],[97.707267,18.957867],[97.707227,18.95956],[97.707427,18.960554],[97.707467,18.961437],[97.707387,18.962983],[97.70643,18.964271],[97.705075,18.965816],[97.704557,18.96681],[97.704517,18.967362],[97.704636,18.967657],[97.705155,18.967657],[97.705832,18.967362],[97.707547,18.966847],[97.710297,18.966552],[97.711135,18.966663],[97.711812,18.966921],[97.712849,18.967546],[97.713646,18.96773],[97.715002,18.968429],[97.715361,18.969018],[97.71564,18.969276],[97.715998,18.968798],[97.716198,18.968135],[97.716557,18.967509],[97.717194,18.967141],[97.718071,18.967178],[97.719865,18.96773],[97.7215,18.967325],[97.721978,18.967289],[97.722377,18.96762],[97.722616,18.968724],[97.723015,18.969166],[97.723493,18.969534],[97.724131,18.969865],[97.724769,18.971447],[97.725048,18.972588],[97.725367,18.973435],[97.725925,18.974392],[97.726364,18.974649],[97.726603,18.974649],[97.727599,18.973656],[97.729194,18.971595],[97.729593,18.971411],[97.730151,18.971595],[97.731188,18.973178],[97.732184,18.974172],[97.732264,18.974613],[97.734098,18.975938],[97.735334,18.976527],[97.737526,18.97822],[97.738324,18.978735],[97.738563,18.979361],[97.738922,18.98098],[97.736888,18.981532],[97.735055,18.983446],[97.734895,18.984109],[97.734935,18.986759],[97.735134,18.987384],[97.735732,18.98812],[97.735972,18.988893],[97.736968,18.990366],[97.737447,18.99147],[97.737566,18.992206],[97.737566,18.992832],[97.737207,18.993531],[97.737207,18.996991],[97.73653,18.998058],[97.73637,18.998794],[97.736251,18.999935],[97.736463,19.000882],[97.736463,19.001318],[97.736418,19.002085],[97.736194,19.00306],[97.736081,19.006732],[97.736306,19.007417],[97.736823,19.008392],[97.73689,19.008806],[97.736868,19.009014],[97.736329,19.009802],[97.735902,19.010901],[97.735587,19.012665],[97.73552,19.014947],[97.735677,19.015382],[97.736284,19.01617],[97.736508,19.016834],[97.73734,19.018037],[97.737384,19.018701],[97.737609,19.019116],[97.738193,19.020008],[97.738845,19.020734],[97.738957,19.020983],[97.73898,19.022725],[97.7388,19.023431],[97.738755,19.024966],[97.739272,19.026003],[97.739182,19.027102],[97.73889,19.027517],[97.738216,19.027953],[97.737901,19.028368],[97.737587,19.028865],[97.737295,19.029757],[97.737295,19.030172],[97.737879,19.031521],[97.737991,19.032662],[97.738553,19.033761],[97.738688,19.034217],[97.738688,19.035317],[97.73844,19.035711],[97.737474,19.036458],[97.736868,19.037204],[97.736868,19.037702],[97.736486,19.038345],[97.736441,19.038553],[97.735834,19.03932],[97.735655,19.039777],[97.735587,19.040482],[97.735789,19.040689],[97.736239,19.040876],[97.739227,19.041519],[97.740036,19.041872],[97.741653,19.041727],[97.742642,19.042017],[97.743608,19.042058],[97.743967,19.041395],[97.744282,19.041063],[97.745877,19.040046],[97.746843,19.038802],[97.747539,19.038677],[97.748236,19.038947],[97.749337,19.039984],[97.749494,19.040316],[97.750056,19.040752],[97.750685,19.041125],[97.751067,19.041478],[97.751583,19.041602],[97.752841,19.041395],[97.753268,19.041249],[97.754459,19.04044],[97.756661,19.039383],[97.75711,19.0393],[97.757604,19.038947],[97.758885,19.038428],[97.759716,19.038387],[97.760592,19.038615],[97.76194,19.039134],[97.762907,19.039735],[97.76376,19.04042],[97.764299,19.04071],[97.764861,19.041291],[97.765041,19.041727],[97.76567,19.042764],[97.766209,19.043345],[97.766906,19.043884],[97.768164,19.044444],[97.768973,19.045025],[97.769444,19.045772],[97.769489,19.045979],[97.769489,19.047141],[97.76913,19.048012],[97.769085,19.048842],[97.769175,19.04907],[97.769691,19.04963],[97.770635,19.05048],[97.77086,19.051103],[97.770792,19.053136],[97.771242,19.054671],[97.771242,19.055998],[97.770635,19.057243],[97.770478,19.057761],[97.769826,19.058861],[97.769512,19.059566],[97.76904,19.060956],[97.767894,19.062864],[97.76749,19.063113],[97.766793,19.063341],[97.764951,19.064773],[97.764771,19.064939],[97.764367,19.066038],[97.764569,19.067366],[97.764929,19.067635],[97.765243,19.068029],[97.765895,19.069067],[97.766052,19.069482],[97.766726,19.070415],[97.768231,19.071992],[97.768501,19.072614],[97.76895,19.073236],[97.769804,19.073692],[97.770545,19.073734],[97.771062,19.073983],[97.772477,19.074315],[97.773488,19.074709],[97.774095,19.074854],[97.774926,19.074875],[97.776454,19.075186],[97.777712,19.075663],[97.779689,19.076119],[97.780902,19.075684],[97.781734,19.075103],[97.782026,19.074647],[97.782969,19.073755],[97.783621,19.072718],[97.783845,19.072697],[97.784025,19.072821],[97.784587,19.072966],[97.786474,19.074004],[97.78717,19.074128],[97.788069,19.074128],[97.788384,19.073921],[97.788608,19.073879],[97.792046,19.073568],[97.79227,19.073775],[97.792428,19.07417],[97.793371,19.075269],[97.793933,19.075539],[97.794472,19.075601],[97.795281,19.075871],[97.79618,19.0767],[97.796449,19.077489],[97.796472,19.077945],[97.796629,19.078505],[97.796629,19.079397],[97.796876,19.080144],[97.796898,19.080662],[97.796988,19.08087],[97.797415,19.081077],[97.798381,19.08199],[97.798988,19.082384],[97.800201,19.083629],[97.800493,19.084044],[97.801661,19.084998],[97.803167,19.085993],[97.807211,19.086056],[97.80784,19.086325],[97.808424,19.086885],[97.808986,19.087694],[97.809143,19.088358],[97.80921,19.089167],[97.809637,19.089478],[97.810873,19.090785],[97.812108,19.091221],[97.813322,19.091221],[97.813793,19.091138],[97.815119,19.0912],[97.816175,19.091076],[97.817568,19.090785],[97.821454,19.090827],[97.823005,19.090972],[97.82424,19.091449],[97.825229,19.091677],[97.825903,19.091968],[97.827049,19.091843],[97.827857,19.091636],[97.8297,19.091719],[97.830419,19.091968],[97.831812,19.092756],[97.834395,19.092922],[97.835698,19.093129],[97.835923,19.093233],[97.836035,19.09342],[97.836058,19.093669],[97.836327,19.094083],[97.837046,19.094955],[97.837069,19.096096],[97.837114,19.09651],[97.837293,19.096967],[97.837406,19.098834],[97.83817,19.100058],[97.838057,19.101302],[97.837428,19.103978],[97.837271,19.106136],[97.837338,19.107297],[97.837608,19.10794],[97.837608,19.108604],[97.838012,19.109455],[97.838394,19.11016],[97.838866,19.110699],[97.839585,19.111985],[97.8399,19.112338],[97.839967,19.112608],[97.839989,19.114184],[97.840663,19.116238],[97.840663,19.117358],[97.839989,19.1191],[97.839046,19.120698],[97.838911,19.121133],[97.838664,19.121569],[97.838507,19.122564],[97.83781,19.124888],[97.837765,19.126692],[97.83799,19.127522],[97.83799,19.128601],[97.837226,19.130115],[97.83626,19.131401],[97.834979,19.132604],[97.834732,19.132957],[97.83435,19.135509],[97.834395,19.136483],[97.834822,19.137375],[97.835114,19.137749],[97.835271,19.137936],[97.836013,19.13835],[97.836215,19.138558],[97.836777,19.139263],[97.837249,19.140093],[97.837428,19.141026],[97.837428,19.14169],[97.837091,19.143101],[97.837024,19.143785],[97.837451,19.144802],[97.837675,19.144988],[97.83817,19.145175],[97.840641,19.14559],[97.842955,19.146109],[97.843382,19.146316],[97.844078,19.147561],[97.844348,19.147892],[97.844438,19.148764],[97.844438,19.149656],[97.844303,19.149863],[97.844236,19.150942],[97.843494,19.152394],[97.842708,19.153327],[97.842101,19.154427],[97.842101,19.15507],[97.842596,19.155982],[97.842618,19.156252],[97.842933,19.156937],[97.843022,19.15843],[97.843135,19.158658],[97.843135,19.160069],[97.843022,19.160567],[97.842146,19.16148],[97.841517,19.161832],[97.840461,19.162164],[97.83981,19.162932],[97.839765,19.163139],[97.839765,19.163575],[97.839922,19.164301],[97.840259,19.164923],[97.840911,19.165691],[97.841045,19.166126],[97.841472,19.166728],[97.841495,19.167205],[97.841427,19.167433],[97.840933,19.167972],[97.839428,19.169238],[97.839158,19.169653],[97.838821,19.171042],[97.838821,19.171519],[97.839226,19.172432],[97.839607,19.172806],[97.840079,19.173698],[97.840551,19.174278],[97.84118,19.175274],[97.84273,19.17712],[97.843607,19.178697],[97.844011,19.179257],[97.844281,19.179879],[97.844415,19.181165],[97.844393,19.182597],[97.843899,19.183966],[97.841742,19.186725],[97.840686,19.187637],[97.840349,19.188052],[97.840169,19.188529],[97.840147,19.188986],[97.840371,19.189442],[97.840596,19.190313],[97.840618,19.190521],[97.840461,19.191247],[97.839989,19.192035],[97.839113,19.192782],[97.838327,19.193798],[97.838125,19.194255],[97.837855,19.195437],[97.837855,19.196018],[97.838035,19.196785],[97.838462,19.197739],[97.839046,19.198465],[97.839832,19.199005],[97.841427,19.199606],[97.842775,19.200436],[97.844348,19.201577],[97.844999,19.202531],[97.845157,19.202988],[97.845112,19.204502],[97.844662,19.206701],[97.844618,19.207925],[97.845202,19.209169],[97.844977,19.211534],[97.844842,19.212198],[97.844842,19.21311],[97.845314,19.214272],[97.845314,19.215413],[97.845179,19.215869],[97.844662,19.216761],[97.844483,19.217197],[97.844438,19.217612],[97.844033,19.218462],[97.843494,19.21923],[97.843202,19.219437],[97.842596,19.220267],[97.842101,19.221221],[97.841832,19.222155],[97.841927,19.224466],[97.841742,19.225017],[97.841517,19.225142],[97.840821,19.225204],[97.839944,19.225432],[97.838237,19.225557],[97.837922,19.22566],[97.836709,19.226158],[97.835676,19.227258],[97.834912,19.227278],[97.834642,19.227361],[97.833968,19.227693],[97.833205,19.228212],[97.832508,19.22817],[97.832149,19.227901],[97.831789,19.227901],[97.831025,19.228233],[97.830194,19.228876],[97.829453,19.229249],[97.829116,19.229332],[97.827678,19.229332],[97.827206,19.229145],[97.826352,19.228979],[97.825813,19.229],[97.825543,19.229145],[97.825386,19.229311],[97.825431,19.230535],[97.826262,19.232049],[97.82642,19.232692],[97.826644,19.233107],[97.826644,19.233336],[97.826869,19.233792],[97.827139,19.234684],[97.827071,19.236032],[97.826869,19.236883],[97.826532,19.237629],[97.825454,19.238231],[97.824577,19.238376],[97.823611,19.23821],[97.82287,19.23819],[97.82251,19.238086],[97.821073,19.238065],[97.82078,19.238148],[97.820084,19.238853],[97.819859,19.238874],[97.81914,19.238791],[97.818399,19.238231],[97.817455,19.238169],[97.817366,19.238376],[97.817321,19.239019],[97.817186,19.239247],[97.816444,19.239973],[97.815299,19.240658],[97.814849,19.241177],[97.814692,19.241426],[97.814602,19.242089],[97.814445,19.242525],[97.814175,19.242919],[97.813996,19.243417],[97.813456,19.244143],[97.812827,19.245284],[97.812266,19.245906],[97.811996,19.246611],[97.811996,19.2474],[97.811389,19.248914],[97.811479,19.249889],[97.811616,19.250195],[97.810287,19.252079],[97.809812,19.252912],[97.809433,19.253262],[97.808626,19.253876],[97.808104,19.254095],[97.80668,19.254138],[97.805398,19.254883],[97.804069,19.256154],[97.803167,19.256636],[97.802028,19.257469],[97.801079,19.257907],[97.799655,19.258345],[97.798801,19.258783],[97.798421,19.25909],[97.79733,19.259396],[97.796902,19.259616],[97.796096,19.260229],[97.795146,19.260755],[97.79396,19.260799],[97.793485,19.260711],[97.792963,19.260842],[97.792726,19.261237],[97.792488,19.262113],[97.792251,19.262551],[97.791776,19.26277],[97.790258,19.263252],[97.789213,19.26334],[97.787837,19.26391],[97.787315,19.264041],[97.78366,19.263866],[97.783423,19.26426],[97.783376,19.265619],[97.783043,19.266583],[97.782806,19.267021],[97.782711,19.267459],[97.782948,19.268773],[97.783898,19.269825],[97.784277,19.270132],[97.785654,19.270877],[97.785939,19.271227],[97.785939,19.271665],[97.785416,19.27298],[97.785369,19.273418],[97.785606,19.273812],[97.785979,19.274069],[97.786461,19.274251],[97.788074,19.274207],[97.788501,19.274426],[97.788644,19.274908],[97.788739,19.276266],[97.788881,19.277012],[97.789973,19.277976],[97.790067,19.278852],[97.79021,19.27929],[97.79021,19.280736],[97.790115,19.2817],[97.790162,19.282577],[97.790352,19.283015],[97.790637,19.283365],[97.791017,19.283628],[97.791491,19.283716],[97.792536,19.283716],[97.793485,19.284066],[97.794007,19.283935],[97.794861,19.283278],[97.795336,19.283102],[97.795811,19.283102],[97.796048,19.283497],[97.796523,19.283541],[97.79676,19.283979],[97.797472,19.284636],[97.797709,19.285074],[97.798089,19.285425],[97.798658,19.2856],[97.799798,19.285775],[97.800889,19.287002],[97.801174,19.28744],[97.801316,19.287879],[97.801364,19.288799],[97.801649,19.289149],[97.802408,19.288886],[97.803167,19.288229],[97.803642,19.287966],[97.805398,19.28766],[97.805778,19.287397],[97.805968,19.286958],[97.806015,19.286082],[97.806158,19.2856],[97.806632,19.284724],[97.806727,19.284285],[97.806537,19.283409],[97.80687,19.283059],[97.807344,19.282927],[97.808151,19.282445],[97.808721,19.282226],[97.808911,19.281788],[97.809765,19.280561],[97.810334,19.27929],[97.810619,19.279378],[97.810809,19.279641],[97.811189,19.280561],[97.811189,19.281043],[97.811426,19.281437],[97.812138,19.282182],[97.812328,19.28262],[97.81266,19.282971],[97.81304,19.283278],[97.813515,19.283278],[97.813989,19.283059],[97.814464,19.283015],[97.814843,19.283278],[97.815033,19.283716],[97.815318,19.28411],[97.815745,19.284329],[97.816789,19.284636],[97.817264,19.284592],[97.818213,19.284154],[97.818736,19.284066],[97.81921,19.283847],[97.820349,19.283015],[97.821393,19.282007],[97.82296,19.281963],[97.824953,19.282489],[97.825665,19.282927],[97.826282,19.284768],[97.826851,19.285644],[97.827611,19.286345],[97.828797,19.287265],[97.829557,19.288054],[97.830079,19.288974],[97.830221,19.289413],[97.831265,19.290946],[97.831788,19.291078],[97.834446,19.291034],[97.836107,19.290815],[97.837246,19.290815],[97.838148,19.291209],[97.839619,19.291165],[97.839999,19.290902],[97.840663,19.290201],[97.841043,19.290464],[97.841613,19.29042],[97.84204,19.290201],[97.842182,19.289763],[97.842657,19.289588],[97.842894,19.292874],[97.842562,19.293794],[97.842182,19.294145],[97.841897,19.294583],[97.841707,19.295065],[97.84166,19.295985],[97.841897,19.29638],[97.842087,19.297256],[97.840758,19.298614],[97.840284,19.299535],[97.840284,19.299973],[97.840711,19.300805],[97.840236,19.300762],[97.838812,19.300192],[97.837815,19.300148],[97.836771,19.299929],[97.833829,19.299885],[97.832832,19.300236],[97.831028,19.301156],[97.830648,19.301507],[97.829794,19.302076],[97.828845,19.303128],[97.82856,19.304004],[97.82856,19.304881],[97.828418,19.305319],[97.82837,19.308474],[97.828655,19.309831],[97.828655,19.310269],[97.828465,19.310708],[97.827658,19.311277],[97.827326,19.311628],[97.826092,19.31246],[97.82576,19.312811],[97.825522,19.313205],[97.82519,19.314125],[97.824858,19.314476],[97.824051,19.315046],[97.823719,19.31544],[97.823671,19.315922],[97.823719,19.31636],[97.823909,19.316798],[97.823909,19.317675],[97.825095,19.319077],[97.825427,19.319953],[97.825522,19.320874],[97.825665,19.321356],[97.825665,19.323678],[97.825475,19.32416],[97.825048,19.324423],[97.824051,19.324554],[97.823244,19.32508],[97.822295,19.326219],[97.822105,19.327622],[97.822058,19.328936],[97.821583,19.329155],[97.820634,19.329374],[97.819162,19.329287],[97.818213,19.329637],[97.816552,19.329856],[97.81603,19.330076],[97.815318,19.331259],[97.81527,19.332047],[97.814748,19.332792],[97.814369,19.333055],[97.813846,19.333143],[97.812375,19.333187],[97.811805,19.33345],[97.811473,19.3338],[97.811236,19.334195],[97.811141,19.334677],[97.811236,19.335115],[97.811236,19.335991],[97.811141,19.336429],[97.810619,19.337218],[97.810476,19.3377],[97.810856,19.337963],[97.811805,19.337919],[97.812707,19.338357],[97.813514,19.339716],[97.813609,19.340154],[97.813467,19.340592],[97.813087,19.340899],[97.81247,19.341162],[97.811426,19.341337],[97.810951,19.341556],[97.80967,19.342564],[97.809337,19.342915],[97.80891,19.343177],[97.808578,19.343572],[97.808673,19.345325],[97.808483,19.345763],[97.808056,19.346026],[97.807581,19.346157],[97.806584,19.346245],[97.806157,19.346551],[97.805066,19.347603],[97.804544,19.34791],[97.804021,19.347778],[97.803594,19.347997],[97.80312,19.348874],[97.80274,19.349268],[97.802598,19.35067],[97.802028,19.350846],[97.801079,19.350933],[97.800604,19.351065],[97.799607,19.352116],[97.799323,19.352555],[97.798801,19.35273],[97.798753,19.356761],[97.799608,19.357945],[97.799987,19.358295],[97.800652,19.360092],[97.800937,19.360486],[97.801126,19.360924],[97.801126,19.361844],[97.800889,19.362765],[97.801174,19.363159],[97.801554,19.363466],[97.801506,19.36478],[97.801411,19.36535],[97.801554,19.365788],[97.801364,19.366752],[97.801364,19.367716],[97.801174,19.368154],[97.800272,19.368724],[97.800225,19.370082],[97.800035,19.370959],[97.80013,19.371835],[97.800889,19.372361],[97.801886,19.372624],[97.80236,19.372624],[97.802883,19.372843],[97.803262,19.37315],[97.803879,19.373851],[97.804117,19.374245],[97.806157,19.375998],[97.806252,19.376436],[97.805968,19.37683],[97.805161,19.377488],[97.804164,19.377575],[97.803547,19.377882],[97.803262,19.378233],[97.80312,19.379547],[97.802977,19.379985],[97.803025,19.3813],[97.80331,19.382176],[97.803784,19.383097],[97.804069,19.383447],[97.804401,19.384805],[97.804401,19.385244],[97.803784,19.385945],[97.803642,19.386383],[97.803737,19.387259],[97.803594,19.387741],[97.80331,19.388092],[97.802883,19.388442],[97.802408,19.388618],[97.800937,19.388223],[97.79994,19.388267],[97.799513,19.388662],[97.798943,19.389363],[97.798468,19.390151],[97.798089,19.390414],[97.797614,19.39059],[97.79619,19.390896],[97.795288,19.392079],[97.793769,19.393438],[97.792678,19.394577],[97.791823,19.395103],[97.787362,19.395059],[97.786887,19.395191],[97.786697,19.395629],[97.786697,19.396943],[97.786555,19.397381],[97.785416,19.398389],[97.785891,19.399178],[97.786555,19.399923],[97.786935,19.400887],[97.786982,19.401763],[97.787125,19.402289],[97.787267,19.402727],[97.787552,19.403078],[97.787694,19.403516],[97.788881,19.403866],[97.791776,19.403866],[97.792725,19.403647],[97.794149,19.403647],[97.795573,19.404085],[97.797044,19.404217],[97.798468,19.404567],[97.801364,19.404524],[97.80236,19.404699],[97.802835,19.404699],[97.80331,19.40483],[97.804354,19.405926],[97.804923,19.406714],[97.805303,19.407021],[97.80554,19.407416],[97.805683,19.40838],[97.805683,19.409694],[97.805778,19.410132],[97.806063,19.410483],[97.806822,19.411096],[97.807202,19.411359],[97.807724,19.411491],[97.80929,19.411096],[97.809765,19.411228],[97.810144,19.411578],[97.81209,19.411973],[97.812945,19.412542],[97.814179,19.413857],[97.814653,19.414689],[97.815318,19.415566],[97.815318,19.416004],[97.815176,19.41653],[97.815176,19.418064],[97.816552,19.419553],[97.818925,19.421218],[97.820729,19.422095],[97.821061,19.422445],[97.822248,19.423278],[97.823102,19.424461],[97.824288,19.42674],[97.824811,19.427572],[97.82576,19.428668],[97.826567,19.429369],[97.827041,19.430201],[97.827231,19.431078],[97.827279,19.439491],[97.827896,19.440192],[97.828085,19.440674],[97.828085,19.441156],[97.828275,19.441594],[97.828323,19.442032],[97.828702,19.442339],[97.829652,19.442558],[97.829794,19.443084],[97.830316,19.443873],[97.830981,19.444574],[97.831977,19.446239],[97.833164,19.447729],[97.833544,19.448036],[97.835015,19.448299],[97.83549,19.448474],[97.836344,19.449],[97.836676,19.449394],[97.837198,19.45084],[97.837625,19.451673],[97.837665,19.451994],[97.838045,19.452967],[97.838432,19.45439],[97.838717,19.45474],[97.839144,19.455003],[97.839761,19.455134],[97.840663,19.455704],[97.840853,19.456142],[97.840805,19.457019],[97.841138,19.457369],[97.842609,19.457632],[97.843131,19.457632],[97.844128,19.458026],[97.844365,19.458508],[97.844697,19.458903],[97.844745,19.459429],[97.844555,19.46013],[97.84446,19.461313],[97.844745,19.461707],[97.845219,19.46197],[97.846406,19.46289],[97.847308,19.463372],[97.848115,19.46403],[97.848732,19.464775],[97.849586,19.465432],[97.849776,19.46587],[97.849823,19.466308],[97.850108,19.466659],[97.851674,19.467053],[97.85343,19.467097],[97.853905,19.467185],[97.854285,19.467448],[97.85457,19.468368],[97.854807,19.468762],[97.855282,19.468894],[97.856658,19.468937],[97.857608,19.469068],[97.857845,19.469507],[97.857797,19.47218],[97.858557,19.472749],[97.859221,19.472881],[97.860123,19.473407],[97.860266,19.473845],[97.860408,19.475291],[97.860408,19.476167],[97.860266,19.477044],[97.859886,19.477306],[97.859459,19.478183],[97.859459,19.478621],[97.859649,19.479497],[97.86036,19.480812],[97.860788,19.48125],[97.861357,19.482039],[97.862686,19.483441],[97.863161,19.48366],[97.863588,19.483485],[97.864964,19.483442],[97.865961,19.484361],[97.866388,19.48458],[97.86691,19.484668],[97.868334,19.484756],[97.87085,19.484537],[97.871324,19.484756],[97.871657,19.48515],[97.871989,19.485763],[97.872796,19.486903],[97.87384,19.487954],[97.874314,19.488305],[97.874362,19.488787],[97.874504,19.489225],[97.874362,19.489663],[97.874172,19.490101],[97.873887,19.490496],[97.873175,19.491241],[97.872891,19.491679],[97.872701,19.492205],[97.872653,19.493081],[97.872748,19.494439],[97.872653,19.495359],[97.87289,19.495754],[97.874077,19.49606],[97.874836,19.496586],[97.875786,19.496805],[97.877304,19.496805],[97.878871,19.496542],[97.87944,19.496542],[97.879915,19.496762],[97.8802,19.497112],[97.8802,19.497594],[97.880342,19.498032],[97.882003,19.497945],[97.882525,19.498076],[97.884899,19.49904],[97.885895,19.499259],[97.887379,19.5002],[97.888172,19.50061],[97.888204,19.500786],[97.887759,19.501343],[97.88741,19.501548],[97.886173,19.501929],[97.885285,19.502427],[97.884396,19.503715],[97.884015,19.504008],[97.883413,19.504711],[97.882017,19.505941],[97.880462,19.506849],[97.879669,19.507055],[97.87859,19.507172],[97.876782,19.506586],[97.876433,19.506234],[97.876242,19.506264],[97.875481,19.507084],[97.874338,19.508109],[97.873958,19.508607],[97.873831,19.508958],[97.873545,19.510423],[97.874244,19.510863],[97.874561,19.510863],[97.8751,19.511566],[97.8751,19.512327],[97.87491,19.513235],[97.874624,19.513968],[97.874529,19.514612],[97.874149,19.514905],[97.873006,19.515549],[97.869231,19.515667],[97.868945,19.51593],[97.869041,19.516282],[97.868755,19.517248],[97.868755,19.517893],[97.868945,19.519416],[97.868945,19.522491],[97.868374,19.523341],[97.867676,19.523985],[97.867264,19.524161],[97.865931,19.525977],[97.864408,19.527265],[97.863679,19.528144],[97.86279,19.528935],[97.861584,19.529668],[97.859839,19.530458],[97.858316,19.530956],[97.857079,19.531132],[97.855302,19.53122],[97.855175,19.531425],[97.85489,19.532743],[97.855398,19.534735],[97.855715,19.535291],[97.855873,19.536521],[97.855873,19.537224],[97.855556,19.539333],[97.855207,19.540886],[97.855239,19.542087],[97.854858,19.545514],[97.854858,19.547095],[97.855017,19.547798],[97.855302,19.548735],[97.856603,19.551606],[97.857047,19.552426],[97.857618,19.554887],[97.857999,19.555941],[97.858094,19.556849],[97.858538,19.557786],[97.859078,19.558694],[97.861933,19.561771],[97.863234,19.563528],[97.863361,19.564407],[97.863234,19.565081],[97.862441,19.567365],[97.861489,19.568478],[97.860537,19.569211],[97.859353,19.570781],[97.859173,19.571173],[97.859554,19.571436],[97.860696,19.572725],[97.86095,19.573223],[97.861045,19.574395],[97.861203,19.575039],[97.861362,19.575361],[97.861743,19.57583],[97.862952,19.576436],[97.863361,19.577002],[97.863742,19.577207],[97.864408,19.577324],[97.866026,19.577851],[97.866502,19.57791],[97.868279,19.578642],[97.869992,19.57832],[97.872308,19.578144],[97.873577,19.578115],[97.874402,19.57829],[97.875195,19.57873],[97.87656,19.579257],[97.878273,19.579638],[97.878432,19.579813],[97.878844,19.580634],[97.879257,19.580692],[97.879732,19.580897],[97.880367,19.580868],[97.881541,19.580546],[97.882937,19.580048],[97.883508,19.579667],[97.885348,19.578964],[97.886014,19.578408],[97.886839,19.577324],[97.887696,19.576826],[97.888775,19.576591],[97.889187,19.576328],[97.890044,19.576064],[97.89163,19.575771],[97.893819,19.57583],[97.894993,19.575976],[97.89566,19.576533],[97.897722,19.576826],[97.898293,19.577265],[97.899023,19.577441],[97.900768,19.577617],[97.902449,19.577587],[97.90613,19.580399],[97.907208,19.581132],[97.909842,19.583387],[97.911777,19.58412],[97.913744,19.584178],[97.914664,19.584588],[97.915394,19.584764],[97.917044,19.584442],[97.917583,19.584413],[97.920184,19.584413],[97.920914,19.584647],[97.921866,19.585145],[97.926149,19.588865],[97.926597,19.588971],[97.927101,19.588865],[97.927958,19.588132],[97.930464,19.589538],[97.931257,19.590124],[97.932526,19.590651],[97.933922,19.590622],[97.935128,19.591384],[97.936143,19.592497],[97.936619,19.592907],[97.937,19.593171],[97.938428,19.593698],[97.939316,19.594196],[97.940807,19.595338],[97.942425,19.596949],[97.943187,19.597183],[97.943917,19.59692],[97.944583,19.59648],[97.945217,19.596217],[97.945979,19.59607],[97.946836,19.59607],[97.948041,19.595924],[97.948485,19.595221],[97.94931,19.594196],[97.951468,19.593288],[97.95242,19.592995],[97.952769,19.592965],[97.953562,19.593112],[97.955719,19.594313],[97.957528,19.593756],[97.958384,19.593376],[97.960447,19.592673],[97.960732,19.592673],[97.960923,19.593581],[97.960796,19.594137],[97.960383,19.594987],[97.960288,19.595484],[97.960288,19.59692],[97.960478,19.597535],[97.961145,19.598882],[97.963175,19.598589],[97.965015,19.59897],[97.966792,19.599615],[97.967427,19.599761],[97.969108,19.599615],[97.970282,19.599761],[97.971424,19.600493],[97.97244,19.600845],[97.974407,19.601313],[97.974756,19.601548],[97.975041,19.602046],[97.975168,19.60269],[97.975168,19.603335],[97.975359,19.60395],[97.975644,19.604389],[97.975739,19.605238],[97.97501,19.607728],[97.975041,19.610013],[97.974756,19.611214],[97.97428,19.611946],[97.973709,19.612473],[97.974534,19.614289],[97.974883,19.614846],[97.97631,19.61631],[97.976342,19.617013],[97.973677,19.62003],[97.972884,19.621407],[97.972693,19.621963],[97.972598,19.623428],[97.972757,19.624072],[97.973804,19.626533],[97.974248,19.627324],[97.974724,19.62788],[97.975073,19.628554],[97.975263,19.62955],[97.975137,19.630253],[97.974375,19.631424],[97.972344,19.633533],[97.972281,19.634002],[97.972567,19.634383],[97.973518,19.63491],[97.974248,19.63491],[97.976057,19.634676],[97.977135,19.634412],[97.977738,19.634148],[97.978373,19.63409],[97.979388,19.63406],[97.980276,19.634265],[97.981038,19.634588],[97.981641,19.635408],[97.981799,19.638777],[97.982053,19.639246],[97.982688,19.640007],[97.983037,19.640359],[97.983417,19.640417],[97.983798,19.640359],[97.98475,19.639714],[97.985321,19.639158],[97.985606,19.63866],[97.986082,19.638162],[97.986812,19.637693],[97.988621,19.638425],[97.991349,19.637517],[97.991793,19.637517],[97.992713,19.638015],[97.993221,19.638015],[97.993951,19.63784],[97.994712,19.637371],[97.996394,19.636609],[97.998012,19.636053],[97.999757,19.635877],[97.999925,19.635732],[98.00007,19.635264],[98.000335,19.633283],[98.000552,19.633038],[98.000817,19.632972],[98.001131,19.633016],[98.001493,19.633216],[98.001902,19.633617],[98.003301,19.636311],[98.003831,19.636578],[98.004482,19.636756],[98.005182,19.636756],[98.006242,19.635977],[98.008533,19.636978],[98.009304,19.637134],[98.010968,19.637045],[98.01227,19.636734],[98.014102,19.636778],[98.01444,19.637023],[98.014561,19.63749],[98.014561,19.63818],[98.014392,19.638826],[98.014295,19.639739],[98.01444,19.639872],[98.014802,19.639828],[98.015501,19.639516],[98.015983,19.638893],[98.016634,19.638403],[98.018225,19.637691],[98.019069,19.637446],[98.020998,19.637357],[98.022035,19.637223],[98.024012,19.637379],[98.025904,19.637372],[98.026372,19.637554],[98.026667,19.637872],[98.026888,19.638304],[98.026937,19.639371],[98.02679,19.639848],[98.026298,19.640689],[98.02615,19.641121],[98.026519,19.641371],[98.027011,19.641598],[98.029005,19.642075],[98.02994,19.642484],[98.031539,19.642938],[98.03208,19.643347],[98.033458,19.643597],[98.034984,19.643574],[98.0371,19.643097],[98.037691,19.643097],[98.038109,19.643506],[98.038405,19.643983],[98.039315,19.645778],[98.039414,19.646323],[98.039438,19.648913],[98.039881,19.649731],[98.040742,19.650526],[98.043104,19.65198],[98.04431,19.653547],[98.044827,19.654592],[98.044851,19.655796],[98.044778,19.656182],[98.043326,19.658091],[98.043252,19.658613],[98.043277,19.659681],[98.043449,19.660271],[98.04303,19.661181],[98.042907,19.661771],[98.042563,19.662453],[98.042514,19.663702],[98.042735,19.66477],[98.042686,19.665247],[98.042169,19.666019],[98.040914,19.666837],[98.039782,19.667791],[98.0387,19.668564],[98.03619,19.669495],[98.035181,19.669768],[98.034369,19.669768],[98.033729,19.66995],[98.032966,19.670358],[98.032622,19.670767],[98.032326,19.671381],[98.032031,19.673335],[98.03208,19.674561],[98.032597,19.675697],[98.033015,19.676288],[98.034049,19.677174],[98.034197,19.677628],[98.034,19.678332],[98.032671,19.679945],[98.032351,19.680627],[98.032326,19.681172],[98.032129,19.681717],[98.030505,19.683376],[98.03021,19.683512],[98.029964,19.683853],[98.02989,19.684194],[98.030062,19.685852],[98.029447,19.68717],[98.029152,19.687511],[98.029029,19.688397],[98.029177,19.688965],[98.029546,19.68985],[98.030948,19.691759],[98.03149,19.692281],[98.031711,19.692713],[98.031711,19.69369],[98.031047,19.696121],[98.031022,19.696575],[98.031096,19.697007],[98.033606,19.698416],[98.033926,19.698779],[98.034319,19.699643],[98.034566,19.700597],[98.034295,19.701346],[98.033852,19.701801],[98.032179,19.703436],[98.030407,19.704572],[98.029915,19.704981],[98.029078,19.706094],[98.028783,19.706799],[98.028217,19.708616],[98.028118,19.710252],[98.0277,19.71166],[98.026937,19.712751],[98.026125,19.713409],[98.02551,19.714159],[98.025485,19.714568],[98.025608,19.71534],[98.025879,19.716113],[98.025879,19.716703],[98.026051,19.717112],[98.02642,19.717453],[98.026642,19.717817],[98.026519,19.718566],[98.02519,19.72102],[98.024747,19.72211],[98.025633,19.72211],[98.026322,19.722224],[98.028118,19.722996],[98.029866,19.723541],[98.030727,19.724041],[98.031711,19.724814],[98.031859,19.725359],[98.03181,19.72579],[98.030727,19.727154],[98.030579,19.727472],[98.030579,19.72888],[98.030678,19.729539],[98.031194,19.730539],[98.031342,19.731266],[98.031391,19.732516],[98.03112,19.732947],[98.03053,19.73347],[98.029644,19.734174],[98.029127,19.734447],[98.029964,19.735333],[98.030973,19.736696],[98.032892,19.739944],[98.033483,19.741285],[98.033901,19.741943],[98.033926,19.74317],[98.033483,19.743783],[98.032646,19.744624],[98.032474,19.744897],[98.032646,19.74551],[98.033163,19.746464],[98.033901,19.747577],[98.034443,19.748213],[98.034639,19.748691],[98.034664,19.749372],[98.034492,19.749736],[98.03427,19.749963],[98.034487,19.750481],[98.034487,19.751028],[98.034103,19.752155],[98.03358,19.753024],[98.032778,19.753733],[98.032952,19.754441],[98.03358,19.756148],[98.034103,19.757017],[98.034731,19.757758],[98.034905,19.75808],[98.035463,19.758402],[98.036056,19.759078],[98.036161,19.759432],[98.036231,19.76056],[98.037137,19.762234],[98.037591,19.764037],[98.0378,19.765325],[98.037695,19.765776],[98.036963,19.767515],[98.036823,19.769189],[98.036614,19.76964],[98.035742,19.770606],[98.03508,19.770992],[98.03365,19.772345],[98.03351,19.772892],[98.03351,19.773697],[98.033684,19.774889],[98.034208,19.777497],[98.034487,19.778044],[98.034591,19.778752],[98.03487,19.779332],[98.034905,19.779944],[98.034766,19.780491],[98.034487,19.780942],[98.032987,19.782713],[98.032917,19.783132],[98.033754,19.784677],[98.033754,19.78516],[98.033301,19.786448],[98.033266,19.787221],[98.03344,19.787607],[98.034382,19.788444],[98.03494,19.789153],[98.035045,19.790409],[98.035045,19.791697],[98.035289,19.792631],[98.035289,19.793629],[98.035498,19.794015],[98.035952,19.794337],[98.036649,19.795336],[98.037626,19.79643],[98.038533,19.797203],[98.039509,19.797654],[98.040137,19.798169],[98.040381,19.798556],[98.040381,19.798749],[98.040276,19.799104],[98.040032,19.799426],[98.039299,19.80007],[98.037486,19.800392],[98.036021,19.800778],[98.035602,19.800971],[98.034661,19.80168],[98.034416,19.802066],[98.033998,19.803257],[98.033858,19.804224],[98.033893,19.804835],[98.034103,19.805222],[98.034416,19.805544],[98.035254,19.805962],[98.038253,19.806156],[98.040102,19.806639],[98.04066,19.806928],[98.041985,19.807411],[98.042439,19.807733],[98.043136,19.807894],[98.043834,19.80841],[98.044217,19.808796],[98.044357,19.809182],[98.045055,19.809859],[98.046136,19.810632],[98.046764,19.810986],[98.047496,19.811565],[98.047705,19.811855],[98.047636,19.812403],[98.04767,19.813884],[98.04788,19.814173],[98.048019,19.814238],[98.048682,19.81427],[98.049031,19.813948],[98.050042,19.813465],[98.05067,19.813014],[98.051751,19.811984],[98.051856,19.811468],[98.051891,19.808796],[98.052414,19.808474],[98.053495,19.808055],[98.054158,19.807411],[98.054297,19.807186],[98.053949,19.80432],[98.053844,19.803837],[98.0536,19.803322],[98.0536,19.803032],[98.053809,19.803],[98.055518,19.802839],[98.056878,19.802903],[98.059564,19.802871],[98.060366,19.803418],[98.06068,19.803869],[98.061238,19.80432],[98.061727,19.804352],[98.063471,19.804223],[98.064447,19.804996],[98.064691,19.805415],[98.064936,19.805962],[98.065215,19.807669],[98.065459,19.80812],[98.065738,19.809118],[98.066261,19.809665],[98.066749,19.810019],[98.067691,19.810116],[98.069505,19.810116],[98.070865,19.809891],[98.073027,19.809311],[98.073655,19.809343],[98.075434,19.810084],[98.077283,19.810663],[98.078713,19.810889],[98.080562,19.810857],[98.083352,19.810341],[98.083701,19.810116],[98.08384,19.80783],[98.084259,19.806864],[98.084607,19.806413],[98.085898,19.805221],[98.085549,19.804674],[98.084887,19.803225],[98.084084,19.802098],[98.08377,19.801325],[98.083596,19.800585],[98.083526,19.799683],[98.083666,19.798813],[98.083526,19.795594],[98.083422,19.795046],[98.083247,19.79466],[98.082794,19.794016],[98.082724,19.793661],[98.082724,19.792856],[98.082898,19.792341],[98.084015,19.791246],[98.084921,19.791053],[98.090432,19.791021],[98.090851,19.79086],[98.0912,19.79057],[98.091479,19.790087],[98.091583,19.789121],[98.091897,19.787736],[98.092943,19.785322],[98.093536,19.784323],[98.09392,19.783873],[98.094966,19.783068],[98.095524,19.782166],[98.095699,19.781715],[98.095733,19.781103],[98.095664,19.780137],[98.095524,19.779429],[98.095559,19.779204],[98.096536,19.778656],[98.097094,19.778495],[98.097582,19.777883],[98.098559,19.776144],[98.098663,19.775758],[98.099047,19.775372],[98.099117,19.774728],[98.099744,19.773182],[98.100128,19.772699],[98.100372,19.772216],[98.100616,19.772087],[98.101209,19.772087],[98.101977,19.772667],[98.103093,19.772796],[98.105255,19.772796],[98.105744,19.772989],[98.106755,19.773601],[98.109999,19.77447],[98.110697,19.774502],[98.112964,19.774019],[98.113312,19.774019],[98.113661,19.774405],[98.11394,19.775146],[98.11408,19.775822],[98.11415,19.777657],[98.114603,19.778849],[98.115056,19.779171],[98.115684,19.779203],[98.116661,19.778913],[98.117917,19.778945],[98.118475,19.779074],[98.119905,19.779171],[98.121439,19.779428],[98.123079,19.77975],[98.123672,19.779944],[98.124648,19.780716],[98.124997,19.781232],[98.12545,19.782262],[98.126322,19.78326],[98.127718,19.784484],[98.128555,19.784999],[98.129357,19.785643],[98.130996,19.786416],[98.135426,19.788187],[98.136123,19.788123],[98.136891,19.787929],[98.137484,19.787704],[98.137972,19.787382],[98.138635,19.78603],[98.139018,19.784355],[98.139018,19.783325],[98.139228,19.782874],[98.139542,19.78252],[98.140344,19.782133],[98.141599,19.78194],[98.143657,19.781328],[98.144425,19.780974],[98.144913,19.780845],[98.145506,19.780298],[98.146203,19.779428],[98.14718,19.77769],[98.147389,19.777046],[98.150842,19.774051],[98.151644,19.773761],[98.153877,19.7736],[98.154295,19.773375],[98.15569,19.771765],[98.156562,19.771218],[98.15876,19.771185],[98.159318,19.771346],[98.160573,19.771475],[98.161132,19.771797],[98.161829,19.772345],[98.163608,19.771894],[98.164166,19.771862],[98.165282,19.771604],[98.166782,19.77096],[98.168282,19.770799],[98.169433,19.770058],[98.170374,19.769157],[98.170967,19.768448],[98.171595,19.767933],[98.173548,19.766549],[98.173932,19.765132],[98.174909,19.763941],[98.175502,19.763393],[98.177525,19.76233],[98.177734,19.761976],[98.178222,19.76146],[98.178292,19.76072],[98.178606,19.760172],[98.179094,19.759979],[98.179652,19.759882],[98.180454,19.759947],[98.181117,19.760172],[98.181989,19.760623],[98.182512,19.76072],[98.18307,19.760655],[98.183628,19.760366],[98.183977,19.760044],[98.184152,19.759335],[98.184012,19.757564],[98.183559,19.756566],[98.18314,19.75531],[98.183105,19.75312],[98.18328,19.752186],[98.18322,19.74994],[98.183343,19.74969],[98.183761,19.749394],[98.184647,19.749144],[98.185115,19.748826],[98.185213,19.748486],[98.185287,19.747486],[98.185533,19.7466],[98.186222,19.745601],[98.18664,19.745146],[98.187132,19.74476],[98.187994,19.744397],[98.188953,19.744147],[98.189052,19.743692],[98.189076,19.742079],[98.189199,19.741716],[98.189544,19.741421],[98.190134,19.741171],[98.190528,19.740785],[98.19134,19.739717],[98.191857,19.739331],[98.192349,19.738763],[98.192718,19.738127],[98.192964,19.737854],[98.193308,19.737809],[98.193659,19.738076],[98.194512,19.73769],[98.195337,19.737722],[98.196549,19.738055],[98.19776,19.738281],[98.198886,19.737234],[98.200016,19.735777],[98.201035,19.734696],[98.201355,19.734242],[98.201832,19.732648],[98.201407,19.732213],[98.200893,19.730828],[98.201256,19.730202],[98.204357,19.731584],[98.204948,19.731471],[98.207286,19.732016],[98.20827,19.731834],[98.210411,19.731221],[98.211026,19.730925],[98.211469,19.730811],[98.212798,19.729834],[98.214102,19.728289],[98.215381,19.726336],[98.215824,19.725859],[98.216636,19.725359],[98.217129,19.725313],[98.217645,19.725154],[98.218507,19.7252],[98.218876,19.725427],[98.219417,19.725586],[98.220451,19.725586],[98.221607,19.725245],[98.222222,19.725177],[98.223034,19.725972],[98.223748,19.726858],[98.22456,19.727585],[98.224954,19.728085],[98.225667,19.728494],[98.227218,19.728494],[98.228301,19.72813],[98.228817,19.727721],[98.229654,19.726313],[98.229826,19.725722],[98.229802,19.724927],[98.229654,19.724132],[98.229826,19.723655],[98.230835,19.722087],[98.23118,19.721247],[98.231229,19.720815],[98.231155,19.720406],[98.23086,19.719997],[98.230589,19.719248],[98.230614,19.718885],[98.230761,19.718544],[98.231081,19.718294],[98.232582,19.71784],[98.23305,19.717544],[98.23396,19.716136],[98.234354,19.715749],[98.234576,19.715227],[98.2346,19.714227],[98.23492,19.713046],[98.235609,19.712592],[98.237012,19.711092],[98.237528,19.710047],[98.238021,19.708502],[98.238021,19.707821],[98.237725,19.707389],[98.237233,19.707026],[98.236741,19.70648],[98.236618,19.706003],[98.236544,19.704731],[98.236347,19.7043],[98.232966,19.701799],[98.232415,19.701253],[98.23194,19.700546],[98.232054,19.698797],[98.231892,19.697416],[98.231983,19.697047],[98.232754,19.695917],[98.233345,19.694803],[98.233419,19.694281],[98.234133,19.69285],[98.234551,19.692395],[98.235707,19.691532],[98.236436,19.68924],[98.236626,19.688926],[98.237126,19.688757],[98.236557,19.688273],[98.238833,19.686671],[98.239339,19.685421],[98.239994,19.685187],[98.241519,19.684931],[98.242253,19.684512],[98.242592,19.683092],[98.243114,19.682627],[98.243404,19.681645],[98.243901,19.681173],[98.244289,19.680475],[98.244689,19.679991],[98.245393,19.678889],[98.246141,19.678469],[98.24693,19.677311],[98.247327,19.677091],[98.247886,19.677185],[98.248528,19.676379],[98.248847,19.676379],[98.249512,19.676584],[98.251783,19.678062],[98.252939,19.679017],[98.253425,19.679148],[98.254074,19.67911],[98.254459,19.678886],[98.254925,19.678156],[98.255351,19.678044],[98.25675,19.678306],[98.259365,19.678437],[98.260581,19.678736],[98.261088,19.679129],[98.261737,19.679896],[98.262102,19.680065],[98.262284,19.680009],[98.262629,19.680065],[98.263764,19.681356],[98.264595,19.681412],[98.265305,19.681169],[98.265568,19.681169],[98.265629,19.681281],[98.265609,19.682217],[98.266054,19.683022],[98.266784,19.683602],[98.267655,19.683771],[98.268933,19.683696],[98.270027,19.683771],[98.270372,19.683696],[98.271244,19.683153],[98.271852,19.683078],[98.272582,19.683041],[98.27321,19.683116],[98.27396,19.683434],[98.274365,19.683471],[98.275055,19.683359],[98.276515,19.682236],[98.277285,19.681899],[98.277873,19.681862],[98.278805,19.682049],[98.279211,19.682404],[98.279839,19.68261],[98.280366,19.682629],[98.281238,19.682966],[98.28213,19.683041],[98.282718,19.68319],[98.283934,19.683752],[98.285272,19.684051],[98.285759,19.684238],[98.286509,19.684819],[98.287199,19.684987],[98.287705,19.685006],[98.289165,19.684557],[98.29105,19.684201],[98.291334,19.683752],[98.29176,19.68276],[98.292429,19.681674],[98.292672,19.681712],[98.292996,19.681899],[98.293402,19.681805],[98.293706,19.682105],[98.294578,19.682573],[98.29553,19.682404],[98.296402,19.681993],[98.296544,19.682348],[98.297375,19.683153],[98.297902,19.683902],[98.298571,19.68523],[98.299483,19.685736],[98.300031,19.686166],[98.300659,19.687196],[98.301247,19.687308],[98.303051,19.687252],[98.303395,19.687644],[98.303618,19.687738],[98.304328,19.687738],[98.305929,19.687401],[98.306923,19.687326],[98.307957,19.687813],[98.309132,19.688692],[98.309376,19.68946],[98.309741,19.68974],[98.310247,19.689909],[98.310653,19.690171],[98.311342,19.690339],[98.312416,19.690976],[98.313167,19.691593],[98.313754,19.691912],[98.31418,19.692772],[98.314565,19.693147],[98.31495,19.693353],[98.315457,19.693371],[98.316795,19.693091],[98.317302,19.693465],[98.317769,19.694138],[98.318275,19.694663],[98.319857,19.696141],[98.320262,19.696422],[98.320363,19.696852],[98.320566,19.697226],[98.321114,19.697638],[98.321722,19.6979],[98.322654,19.698593],[98.323202,19.698836],[98.323729,19.698855],[98.32531,19.698649],[98.326161,19.698649],[98.327337,19.698462],[98.327803,19.698144],[98.328371,19.697545],[98.328797,19.697339],[98.329324,19.697133],[98.329972,19.697301],[98.330256,19.697301],[98.33058,19.69717],[98.331107,19.696721],[98.331878,19.696441],[98.332587,19.695767],[98.332587,19.695542],[98.332425,19.695093],[98.33206,19.694625],[98.331979,19.694345],[98.33206,19.694157],[98.33281,19.69397],[98.333053,19.693839],[98.333459,19.693839],[98.334493,19.694064],[98.336236,19.694064],[98.337392,19.693952],[98.337716,19.694139],[98.337898,19.694532],[98.337878,19.695692],[98.338121,19.69631],[98.339317,19.697133],[98.340291,19.697638],[98.341608,19.698031],[98.342399,19.698013],[98.342804,19.6979],[98.343615,19.697432],[98.344102,19.697545],[98.345115,19.698443],[98.345926,19.698256],[98.347366,19.697601],[98.348359,19.697002],[98.348602,19.695393],[98.348805,19.694625],[98.349109,19.694401],[98.3499,19.694382],[98.350528,19.694569],[98.3514,19.694644],[98.35294,19.695056],[98.355454,19.695973],[98.356123,19.696104],[98.356549,19.696104],[98.357481,19.69528],[98.357684,19.694794],[98.358029,19.69427],[98.358454,19.693989],[98.358961,19.693989],[98.359914,19.694288],[98.360725,19.694045],[98.362245,19.693989],[98.363299,19.693727],[98.365165,19.693483],[98.365429,19.693259],[98.36557,19.692903],[98.365469,19.692491],[98.365692,19.692117],[98.36703,19.691518],[98.367638,19.690732],[98.368267,19.690582],[98.368672,19.690358],[98.369057,19.689759],[98.369199,19.689385],[98.369199,19.689123],[98.369503,19.689104],[98.371328,19.689796],[98.371814,19.690152],[98.372321,19.690732],[98.373294,19.692098],[98.373517,19.69324],[98.373639,19.694438],[98.374105,19.695168],[98.375767,19.69689],[98.376578,19.697432],[98.376923,19.697807],[98.378767,19.698256],[98.379882,19.698443],[98.380997,19.69848],[98.38191,19.699379],[98.382781,19.700427],[98.383268,19.70067],[98.383998,19.700895],[98.385315,19.700651],[98.385924,19.700427],[98.386836,19.700427],[98.38787,19.700165],[98.388052,19.700352],[98.388316,19.701157],[98.3901,19.70271],[98.390647,19.703908],[98.391215,19.70417],[98.3931,19.70432],[98.393201,19.703328],[98.393586,19.703197],[98.394154,19.70329],[98.395087,19.70329],[98.395837,19.703141],[98.39608,19.702879],[98.396587,19.701961],[98.397013,19.701643],[98.39833,19.701194],[98.401067,19.700988],[98.40202,19.700988],[98.402648,19.700857],[98.403257,19.700558],[98.40423,19.699753],[98.404534,19.699266],[98.404615,19.697807],[98.40498,19.697133],[98.405507,19.696478],[98.40573,19.695954],[98.406196,19.695261],[98.406662,19.694775],[98.407067,19.694625],[98.407817,19.694812],[98.408344,19.694812],[98.409966,19.694494],[98.412257,19.693839],[98.413717,19.693165],[98.414244,19.692997],[98.41471,19.692941],[98.415845,19.69397],[98.419008,19.696029],[98.419717,19.696047],[98.420589,19.695973],[98.421521,19.695767],[98.422211,19.695785],[98.422738,19.695636],[98.424278,19.694606],[98.424765,19.692941],[98.425251,19.692679],[98.425596,19.692866],[98.426265,19.694569],[98.427502,19.695505],[98.428779,19.696178],[98.429772,19.696291],[98.430644,19.696497],[98.431637,19.69659],[98.432509,19.696534],[98.434009,19.69674],[98.4363,19.696141],[98.436969,19.696141],[98.437557,19.695991],[98.437962,19.695561],[98.438206,19.694999],[98.438591,19.694644],[98.439057,19.693802],[98.439523,19.69339],[98.44003,19.693222],[98.440577,19.693203],[98.441125,19.693371],[98.441652,19.693689],[98.442098,19.69455],[98.442321,19.694588],[98.442787,19.694026],[98.443476,19.693858],[98.444855,19.693802],[98.445078,19.693484],[98.445382,19.693296],[98.445909,19.69339],[98.446578,19.693727],[98.446923,19.694026],[98.447571,19.694326],[98.447855,19.694401],[98.448261,19.69427],[98.449051,19.694307],[98.450389,19.694812],[98.451808,19.695823],[98.452599,19.696571],[98.453167,19.696759],[98.455883,19.69659],[98.456694,19.696459],[98.457261,19.696497],[98.459086,19.697226],[98.459897,19.697788],[98.460363,19.697825],[98.460627,19.697769],[98.460992,19.697507],[98.460992,19.696759],[98.461154,19.696478],[98.462005,19.695991],[98.46237,19.695261],[98.462431,19.694251],[98.46241,19.693727],[98.462289,19.693222],[98.463931,19.692211],[98.464357,19.692323],[98.464803,19.692772],[98.46539,19.692567],[98.465431,19.692436],[98.465654,19.692267],[98.466019,19.692267],[98.466343,19.692398]]]}}]}